Copyright 1986-2022 Xilinx, Inc. All Rights Reserved. Copyright 2022-2023 Advanced Micro Devices, Inc. All Rights Reserved.
--------------------------------------------------------------------------------------------------------------------------------------------------
| Tool Version      : Vivado v.2023.1 (lin64) Build 3865809 Sun May  7 15:04:56 MDT 2023
| Date              : Mon Aug 17 23:25:54 2026
| Host              : mxp running 64-bit Ubuntu 22.04.5 LTS
| Command           : report_timing -max_paths 10 -file output/rpts/syn/20260817_2323/cve2_top_timing_max_paths.rpt
| Design            : cve2_top
| Device            : xczu7ev-ffvc1156
| Speed File        : -2  PRODUCTION 1.30 05-15-2022
| Design State      : Synthesized
| Temperature Grade : E
--------------------------------------------------------------------------------------------------------------------------------------------------

Timing Report

Slack (MET) :             0.900ns  (required time - arrival time)
  Source:                 u_cve2_core/cf_unit_i/u_scale_accum1/accumulator_s3_reg[8]/C
                            (rising edge-triggered cell FDCE clocked by clk_i  {rise@0.000ns fall@4.000ns period=8.000ns})
  Destination:            u_cve2_core/cf_unit_i/u_accum_bram/bram_high_reg_bram_0/DINADIN[14]
                            (rising edge-triggered cell RAMB18E2 clocked by clk_i  {rise@0.000ns fall@4.000ns period=8.000ns})
  Path Group:             clk_i
  Path Type:              Setup (Max at Slow Process Corner)
  Requirement:            8.000ns  (clk_i rise@8.000ns - clk_i rise@0.000ns)
  Data Path Delay:        6.651ns  (logic 1.578ns (23.726%)  route 5.073ns (76.274%))
  Logic Levels:           26  (CARRY8=2 LUT3=4 LUT5=8 LUT6=12)
  Clock Path Skew:        -0.145ns (DCD - SCD + CPR)
    Destination Clock Delay (DCD):    3.404ns = ( 11.404 - 8.000 ) 
    Source Clock Delay      (SCD):    4.034ns
    Clock Pessimism Removal (CPR):    0.485ns
  Clock Uncertainty:      0.035ns  ((TSJ^2 + TIJ^2)^1/2 + DJ) / 2 + PE
    Total System Jitter     (TSJ):    0.071ns
    Total Input Jitter      (TIJ):    0.000ns
    Discrete Jitter          (DJ):    0.000ns
    Phase Error              (PE):    0.000ns

    Location             Delay type                Incr(ns)  Path(ns)    Netlist Resource(s)
  -------------------------------------------------------------------    -------------------
                         (clock clk_i rise edge)      0.000     0.000 r  
                                                      0.000     0.000 r  clk_i (IN)
                         net (fo=0)                   0.000     0.000    clk_i_IBUF_inst/I
                         INBUF (Prop_INBUF_PAD_O)     0.582     0.582 r  clk_i_IBUF_inst/INBUF_INST/O
                         net (fo=1, unplaced)         0.000     0.582    clk_i_IBUF_inst/OUT
                         IBUFCTRL (Prop_IBUFCTRL_I_O)
                                                      0.000     0.582 r  clk_i_IBUF_inst/IBUFCTRL_INST/O
                         net (fo=2, unplaced)         0.403     0.985    core_clock_gate_i/clk_i_IBUF
                         LUT2 (Prop_LUT2_I0_O)        0.053     1.038 r  core_clock_gate_i/clk_BUFG_inst_i_1/O
                         net (fo=1, unplaced)         0.384     1.422    clk
                         BUFGCE (Prop_BUFGCE_I_O)     0.028     1.450 r  clk_BUFG_inst/O
                         net (fo=5360, unplaced)      2.584     4.034    u_cve2_core/cf_unit_i/u_scale_accum1/clk_BUFG
                         FDCE                                         r  u_cve2_core/cf_unit_i/u_scale_accum1/accumulator_s3_reg[8]/C
  -------------------------------------------------------------------    -------------------
                         FDCE (Prop_FDCE_C_Q)         0.077     4.111 r  u_cve2_core/cf_unit_i/u_scale_accum1/accumulator_s3_reg[8]/Q
                         net (fo=16, unplaced)        0.198     4.309    u_cve2_core/cf_unit_i/u_scale_accum1/accumulator_s3[8]
                         LUT6 (Prop_LUT6_I0_O)        0.150     4.459 r  u_cve2_core/cf_unit_i/u_scale_accum1/wr_data_q[31]_i_32/O
                         net (fo=4, unplaced)         0.198     4.657    u_cve2_core/cf_unit_i/u_scale_accum1/wr_data_q[31]_i_32_n_0
                         LUT5 (Prop_LUT5_I2_O)        0.038     4.695 r  u_cve2_core/cf_unit_i/u_scale_accum1/wr_data_q[31]_i_25/O
                         net (fo=3, unplaced)         0.192     4.887    u_cve2_core/cf_unit_i/u_scale_accum1/wr_data_q[31]_i_25_n_0
                         LUT3 (Prop_LUT3_I1_O)        0.038     4.925 r  u_cve2_core/cf_unit_i/u_scale_accum1/wr_data_q[31]_i_12/O
                         net (fo=2, unplaced)         0.186     5.111    u_cve2_core/cf_unit_i/u_scale_accum1/wr_data_q[31]_i_12_n_0
                         LUT5 (Prop_LUT5_I2_O)        0.038     5.149 r  u_cve2_core/cf_unit_i/u_scale_accum1/wr_data_q[31]_i_3/O
                         net (fo=67, unplaced)        0.262     5.411    u_cve2_core/cf_unit_i/u_scale_accum1/wr_data_q[31]_i_3_n_0
                         LUT6 (Prop_LUT6_I5_O)        0.038     5.449 r  u_cve2_core/cf_unit_i/u_scale_accum1/wr_data_q[31]_i_17/O
                         net (fo=9, unplaced)         0.217     5.666    u_cve2_core/cf_unit_i/u_scale_accum1/wr_data_q[31]_i_17_n_0
                         LUT6 (Prop_LUT6_I5_O)        0.038     5.704 r  u_cve2_core/cf_unit_i/u_scale_accum1/wr_data_q[31]_i_23/O
                         net (fo=10, unplaced)        0.219     5.923    u_cve2_core/cf_unit_i/u_scale_accum1/wr_data_q[31]_i_23_n_0
                         LUT6 (Prop_LUT6_I5_O)        0.038     5.961 f  u_cve2_core/cf_unit_i/u_scale_accum1/bram_high_reg_bram_0_i_82/O
                         net (fo=1, unplaced)         0.186     6.147    u_cve2_core/cf_unit_i/u_scale_accum1/bram_high_reg_bram_0_i_82_n_0
                         LUT3 (Prop_LUT3_I0_O)        0.038     6.185 f  u_cve2_core/cf_unit_i/u_scale_accum1/bram_high_reg_bram_0_i_70/O
                         net (fo=2, unplaced)         0.186     6.371    u_cve2_core/cf_unit_i/u_scale_accum1/bram_high_reg_bram_0_i_70_n_0
                         LUT6 (Prop_LUT6_I5_O)        0.038     6.409 r  u_cve2_core/cf_unit_i/u_scale_accum1/bram_high_reg_bram_0_i_75/O
                         net (fo=1, unplaced)         0.186     6.595    u_cve2_core/cf_unit_i/u_scale_accum1/bram_high_reg_bram_0_i_75_n_0
                         LUT3 (Prop_LUT3_I2_O)        0.038     6.633 r  u_cve2_core/cf_unit_i/u_scale_accum1/bram_high_reg_bram_0_i_55/O
                         net (fo=2, unplaced)         0.186     6.819    u_cve2_core/cf_unit_i/u_scale_accum1/u_add/u_fp_adder/bram_high_reg_bram_0_i_32[0]
                         LUT5 (Prop_LUT5_I0_O)        0.037     6.856 r  u_cve2_core/cf_unit_i/u_scale_accum1/u_add/u_fp_adder/bram_high_reg_bram_0_i_61/O
                         net (fo=1, unplaced)         0.032     6.888    u_cve2_core/cf_unit_i/u_scale_accum1/u_add_n_8
                         CARRY8 (Prop_CARRY8_S[3]_O[5])
                                                      0.184     7.072 f  u_cve2_core/cf_unit_i/u_scale_accum1/bram_high_reg_bram_0_i_32/O[5]
                         net (fo=7, unplaced)         0.182     7.254    u_cve2_core/cf_unit_i/u_scale_accum1/bram_high_reg_bram_0_i_32_n_10
                         LUT6 (Prop_LUT6_I0_O)        0.150     7.404 r  u_cve2_core/cf_unit_i/u_scale_accum1/wr_data_q[31]_i_13/O
                         net (fo=3, unplaced)         0.192     7.596    u_cve2_core/cf_unit_i/u_scale_accum1/wr_data_q[31]_i_13_n_0
                         LUT6 (Prop_LUT6_I3_O)        0.038     7.634 f  u_cve2_core/cf_unit_i/u_scale_accum1/final_exp1_carry_i_22__0/O
                         net (fo=2, unplaced)         0.186     7.820    u_cve2_core/cf_unit_i/u_scale_accum1/final_exp1_carry_i_22__0_n_0
                         LUT6 (Prop_LUT6_I0_O)        0.038     7.858 f  u_cve2_core/cf_unit_i/u_scale_accum1/final_exp1_carry_i_14__0/O
                         net (fo=14, unplaced)        0.227     8.085    u_cve2_core/cf_unit_i/u_scale_accum1/final_exp1_carry_i_14__0_n_0
                         LUT6 (Prop_LUT6_I2_O)        0.038     8.123 r  u_cve2_core/cf_unit_i/u_scale_accum1/final_exp1_carry_i_4__0/O
                         net (fo=1, unplaced)         0.233     8.356    u_cve2_core/cf_unit_i/u_scale_accum1/u_add/u_fp_adder/DI[0]
                         CARRY8 (Prop_CARRY8_DI[0]_CO[3])
                                                      0.182     8.538 r  u_cve2_core/cf_unit_i/u_scale_accum1/u_add/u_fp_adder/final_exp1_carry/CO[3]
                         net (fo=15, unplaced)        0.133     8.671    u_cve2_core/cf_unit_i/u_scale_accum1/u_add_n_0
                         LUT3 (Prop_LUT3_I1_O)        0.038     8.709 r  u_cve2_core/cf_unit_i/u_scale_accum1/wr_data_q[17]_i_8/O
                         net (fo=6, unplaced)         0.208     8.917    u_cve2_core/cf_unit_i/u_scale_accum1/wr_data_q[17]_i_8_n_0
                         LUT6 (Prop_LUT6_I0_O)        0.038     8.955 r  u_cve2_core/cf_unit_i/u_scale_accum1/wr_data_q[17]_i_6/O
                         net (fo=1, unplaced)         0.186     9.141    u_cve2_core/cf_unit_i/u_scale_accum1/wr_data_q[17]_i_6_n_0
                         LUT5 (Prop_LUT5_I4_O)        0.038     9.179 f  u_cve2_core/cf_unit_i/u_scale_accum1/wr_data_q[17]_i_3/O
                         net (fo=3, unplaced)         0.192     9.371    u_cve2_core/cf_unit_i/u_scale_accum1/wr_data_q[17]_i_3_n_0
                         LUT5 (Prop_LUT5_I3_O)        0.038     9.409 r  u_cve2_core/cf_unit_i/u_scale_accum1/bram_high_reg_bram_0_i_23/O
                         net (fo=4, unplaced)         0.198     9.607    u_cve2_core/cf_unit_i/u_scale_accum1/bram_high_reg_bram_0_i_23_n_0
                         LUT5 (Prop_LUT5_I3_O)        0.038     9.645 r  u_cve2_core/cf_unit_i/u_scale_accum1/bram_high_reg_bram_0_i_21/O
                         net (fo=7, unplaced)         0.211     9.856    u_cve2_core/cf_unit_i/u_scale_accum1/bram_high_reg_bram_0_i_21_n_0
                         LUT5 (Prop_LUT5_I3_O)        0.038     9.894 f  u_cve2_core/cf_unit_i/u_scale_accum1/wr_data_q[24]_i_2/O
                         net (fo=5, unplaced)         0.204    10.098    u_cve2_core/cf_unit_i/u_scale_accum1/wr_data_q[24]_i_2_n_0
                         LUT6 (Prop_LUT6_I3_O)        0.038    10.136 r  u_cve2_core/cf_unit_i/u_scale_accum1/wr_data_q[30]_i_3/O
                         net (fo=2, unplaced)         0.186    10.322    u_cve2_core/cf_unit_i/u_scale_accum1/wr_data_q[30]_i_3_n_0
                         LUT6 (Prop_LUT6_I3_O)        0.038    10.360 r  u_cve2_core/cf_unit_i/u_scale_accum1/wr_data_q[30]_i_1/O
                         net (fo=2, unplaced)         0.186    10.546    u_cve2_core/cf_unit_i/u_scale_fsm/bram_high_reg_bram_0[23]
                         LUT5 (Prop_LUT5_I0_O)        0.038    10.584 r  u_cve2_core/cf_unit_i/u_scale_fsm/bram_high_reg_bram_0_i_3/O
                         net (fo=1, unplaced)         0.101    10.685    u_cve2_core/cf_unit_i/u_accum_bram/DINADIN[14]
                         RAMB18E2                                     r  u_cve2_core/cf_unit_i/u_accum_bram/bram_high_reg_bram_0/DINADIN[14]
  -------------------------------------------------------------------    -------------------

                         (clock clk_i rise edge)      8.000     8.000 r  
                                                      0.000     8.000 r  clk_i (IN)
                         net (fo=0)                   0.000     8.000    clk_i_IBUF_inst/I
                         INBUF (Prop_INBUF_PAD_O)     0.331     8.331 r  clk_i_IBUF_inst/INBUF_INST/O
                         net (fo=1, unplaced)         0.000     8.331    clk_i_IBUF_inst/OUT
                         IBUFCTRL (Prop_IBUFCTRL_I_O)
                                                      0.000     8.331 r  clk_i_IBUF_inst/IBUFCTRL_INST/O
                         net (fo=2, unplaced)         0.292     8.623    core_clock_gate_i/clk_i_IBUF
                         LUT2 (Prop_LUT2_I0_O)        0.036     8.659 r  core_clock_gate_i/clk_BUFG_inst_i_1/O
                         net (fo=1, unplaced)         0.282     8.941    clk
                         BUFGCE (Prop_BUFGCE_I_O)     0.024     8.965 r  clk_BUFG_inst/O
                         net (fo=5360, unplaced)      2.439    11.404    u_cve2_core/cf_unit_i/u_accum_bram/clk_BUFG
                         RAMB18E2                                     r  u_cve2_core/cf_unit_i/u_accum_bram/bram_high_reg_bram_0/CLKARDCLK
                         clock pessimism              0.485    11.889    
                         clock uncertainty           -0.035    11.854    
                         RAMB18E2 (Setup_RAMB18E2_CLKARDCLK_DINADIN[14])
                                                     -0.269    11.585    u_cve2_core/cf_unit_i/u_accum_bram/bram_high_reg_bram_0
  -------------------------------------------------------------------
                         required time                         11.585    
                         arrival time                         -10.685    
  -------------------------------------------------------------------
                         slack                                  0.900    

Slack (MET) :             0.903ns  (required time - arrival time)
  Source:                 u_cve2_core/cf_unit_i/u_scale_accum1/accumulator_s3_reg[8]/C
                            (rising edge-triggered cell FDCE clocked by clk_i  {rise@0.000ns fall@4.000ns period=8.000ns})
  Destination:            u_cve2_core/cf_unit_i/u_accum_bram/bram_high_reg_bram_0/DINADIN[12]
                            (rising edge-triggered cell RAMB18E2 clocked by clk_i  {rise@0.000ns fall@4.000ns period=8.000ns})
  Path Group:             clk_i
  Path Type:              Setup (Max at Slow Process Corner)
  Requirement:            8.000ns  (clk_i rise@8.000ns - clk_i rise@0.000ns)
  Data Path Delay:        6.657ns  (logic 1.578ns (23.704%)  route 5.079ns (76.296%))
  Logic Levels:           26  (CARRY8=2 LUT3=4 LUT4=1 LUT5=8 LUT6=11)
  Clock Path Skew:        -0.145ns (DCD - SCD + CPR)
    Destination Clock Delay (DCD):    3.404ns = ( 11.404 - 8.000 ) 
    Source Clock Delay      (SCD):    4.034ns
    Clock Pessimism Removal (CPR):    0.485ns
  Clock Uncertainty:      0.035ns  ((TSJ^2 + TIJ^2)^1/2 + DJ) / 2 + PE
    Total System Jitter     (TSJ):    0.071ns
    Total Input Jitter      (TIJ):    0.000ns
    Discrete Jitter          (DJ):    0.000ns
    Phase Error              (PE):    0.000ns

    Location             Delay type                Incr(ns)  Path(ns)    Netlist Resource(s)
  -------------------------------------------------------------------    -------------------
                         (clock clk_i rise edge)      0.000     0.000 r  
                                                      0.000     0.000 r  clk_i (IN)
                         net (fo=0)                   0.000     0.000    clk_i_IBUF_inst/I
                         INBUF (Prop_INBUF_PAD_O)     0.582     0.582 r  clk_i_IBUF_inst/INBUF_INST/O
                         net (fo=1, unplaced)         0.000     0.582    clk_i_IBUF_inst/OUT
                         IBUFCTRL (Prop_IBUFCTRL_I_O)
                                                      0.000     0.582 r  clk_i_IBUF_inst/IBUFCTRL_INST/O
                         net (fo=2, unplaced)         0.403     0.985    core_clock_gate_i/clk_i_IBUF
                         LUT2 (Prop_LUT2_I0_O)        0.053     1.038 r  core_clock_gate_i/clk_BUFG_inst_i_1/O
                         net (fo=1, unplaced)         0.384     1.422    clk
                         BUFGCE (Prop_BUFGCE_I_O)     0.028     1.450 r  clk_BUFG_inst/O
                         net (fo=5360, unplaced)      2.584     4.034    u_cve2_core/cf_unit_i/u_scale_accum1/clk_BUFG
                         FDCE                                         r  u_cve2_core/cf_unit_i/u_scale_accum1/accumulator_s3_reg[8]/C
  -------------------------------------------------------------------    -------------------
                         FDCE (Prop_FDCE_C_Q)         0.077     4.111 r  u_cve2_core/cf_unit_i/u_scale_accum1/accumulator_s3_reg[8]/Q
                         net (fo=16, unplaced)        0.198     4.309    u_cve2_core/cf_unit_i/u_scale_accum1/accumulator_s3[8]
                         LUT6 (Prop_LUT6_I0_O)        0.150     4.459 r  u_cve2_core/cf_unit_i/u_scale_accum1/wr_data_q[31]_i_32/O
                         net (fo=4, unplaced)         0.198     4.657    u_cve2_core/cf_unit_i/u_scale_accum1/wr_data_q[31]_i_32_n_0
                         LUT5 (Prop_LUT5_I2_O)        0.038     4.695 r  u_cve2_core/cf_unit_i/u_scale_accum1/wr_data_q[31]_i_25/O
                         net (fo=3, unplaced)         0.192     4.887    u_cve2_core/cf_unit_i/u_scale_accum1/wr_data_q[31]_i_25_n_0
                         LUT3 (Prop_LUT3_I1_O)        0.038     4.925 r  u_cve2_core/cf_unit_i/u_scale_accum1/wr_data_q[31]_i_12/O
                         net (fo=2, unplaced)         0.186     5.111    u_cve2_core/cf_unit_i/u_scale_accum1/wr_data_q[31]_i_12_n_0
                         LUT5 (Prop_LUT5_I2_O)        0.038     5.149 r  u_cve2_core/cf_unit_i/u_scale_accum1/wr_data_q[31]_i_3/O
                         net (fo=67, unplaced)        0.262     5.411    u_cve2_core/cf_unit_i/u_scale_accum1/wr_data_q[31]_i_3_n_0
                         LUT6 (Prop_LUT6_I5_O)        0.038     5.449 r  u_cve2_core/cf_unit_i/u_scale_accum1/wr_data_q[31]_i_17/O
                         net (fo=9, unplaced)         0.217     5.666    u_cve2_core/cf_unit_i/u_scale_accum1/wr_data_q[31]_i_17_n_0
                         LUT6 (Prop_LUT6_I5_O)        0.038     5.704 r  u_cve2_core/cf_unit_i/u_scale_accum1/wr_data_q[31]_i_23/O
                         net (fo=10, unplaced)        0.219     5.923    u_cve2_core/cf_unit_i/u_scale_accum1/wr_data_q[31]_i_23_n_0
                         LUT6 (Prop_LUT6_I5_O)        0.038     5.961 f  u_cve2_core/cf_unit_i/u_scale_accum1/bram_high_reg_bram_0_i_82/O
                         net (fo=1, unplaced)         0.186     6.147    u_cve2_core/cf_unit_i/u_scale_accum1/bram_high_reg_bram_0_i_82_n_0
                         LUT3 (Prop_LUT3_I0_O)        0.038     6.185 f  u_cve2_core/cf_unit_i/u_scale_accum1/bram_high_reg_bram_0_i_70/O
                         net (fo=2, unplaced)         0.186     6.371    u_cve2_core/cf_unit_i/u_scale_accum1/bram_high_reg_bram_0_i_70_n_0
                         LUT6 (Prop_LUT6_I5_O)        0.038     6.409 r  u_cve2_core/cf_unit_i/u_scale_accum1/bram_high_reg_bram_0_i_75/O
                         net (fo=1, unplaced)         0.186     6.595    u_cve2_core/cf_unit_i/u_scale_accum1/bram_high_reg_bram_0_i_75_n_0
                         LUT3 (Prop_LUT3_I2_O)        0.038     6.633 r  u_cve2_core/cf_unit_i/u_scale_accum1/bram_high_reg_bram_0_i_55/O
                         net (fo=2, unplaced)         0.186     6.819    u_cve2_core/cf_unit_i/u_scale_accum1/u_add/u_fp_adder/bram_high_reg_bram_0_i_32[0]
                         LUT5 (Prop_LUT5_I0_O)        0.037     6.856 r  u_cve2_core/cf_unit_i/u_scale_accum1/u_add/u_fp_adder/bram_high_reg_bram_0_i_61/O
                         net (fo=1, unplaced)         0.032     6.888    u_cve2_core/cf_unit_i/u_scale_accum1/u_add_n_8
                         CARRY8 (Prop_CARRY8_S[3]_O[5])
                                                      0.184     7.072 f  u_cve2_core/cf_unit_i/u_scale_accum1/bram_high_reg_bram_0_i_32/O[5]
                         net (fo=7, unplaced)         0.182     7.254    u_cve2_core/cf_unit_i/u_scale_accum1/bram_high_reg_bram_0_i_32_n_10
                         LUT6 (Prop_LUT6_I0_O)        0.150     7.404 r  u_cve2_core/cf_unit_i/u_scale_accum1/wr_data_q[31]_i_13/O
                         net (fo=3, unplaced)         0.192     7.596    u_cve2_core/cf_unit_i/u_scale_accum1/wr_data_q[31]_i_13_n_0
                         LUT6 (Prop_LUT6_I3_O)        0.038     7.634 f  u_cve2_core/cf_unit_i/u_scale_accum1/final_exp1_carry_i_22__0/O
                         net (fo=2, unplaced)         0.186     7.820    u_cve2_core/cf_unit_i/u_scale_accum1/final_exp1_carry_i_22__0_n_0
                         LUT6 (Prop_LUT6_I0_O)        0.038     7.858 f  u_cve2_core/cf_unit_i/u_scale_accum1/final_exp1_carry_i_14__0/O
                         net (fo=14, unplaced)        0.227     8.085    u_cve2_core/cf_unit_i/u_scale_accum1/final_exp1_carry_i_14__0_n_0
                         LUT6 (Prop_LUT6_I2_O)        0.038     8.123 r  u_cve2_core/cf_unit_i/u_scale_accum1/final_exp1_carry_i_4__0/O
                         net (fo=1, unplaced)         0.233     8.356    u_cve2_core/cf_unit_i/u_scale_accum1/u_add/u_fp_adder/DI[0]
                         CARRY8 (Prop_CARRY8_DI[0]_CO[3])
                                                      0.182     8.538 r  u_cve2_core/cf_unit_i/u_scale_accum1/u_add/u_fp_adder/final_exp1_carry/CO[3]
                         net (fo=15, unplaced)        0.133     8.671    u_cve2_core/cf_unit_i/u_scale_accum1/u_add_n_0
                         LUT3 (Prop_LUT3_I1_O)        0.038     8.709 r  u_cve2_core/cf_unit_i/u_scale_accum1/wr_data_q[17]_i_8/O
                         net (fo=6, unplaced)         0.208     8.917    u_cve2_core/cf_unit_i/u_scale_accum1/wr_data_q[17]_i_8_n_0
                         LUT6 (Prop_LUT6_I0_O)        0.038     8.955 r  u_cve2_core/cf_unit_i/u_scale_accum1/wr_data_q[17]_i_6/O
                         net (fo=1, unplaced)         0.186     9.141    u_cve2_core/cf_unit_i/u_scale_accum1/wr_data_q[17]_i_6_n_0
                         LUT5 (Prop_LUT5_I4_O)        0.038     9.179 f  u_cve2_core/cf_unit_i/u_scale_accum1/wr_data_q[17]_i_3/O
                         net (fo=3, unplaced)         0.192     9.371    u_cve2_core/cf_unit_i/u_scale_accum1/wr_data_q[17]_i_3_n_0
                         LUT5 (Prop_LUT5_I3_O)        0.038     9.409 r  u_cve2_core/cf_unit_i/u_scale_accum1/bram_high_reg_bram_0_i_23/O
                         net (fo=4, unplaced)         0.198     9.607    u_cve2_core/cf_unit_i/u_scale_accum1/bram_high_reg_bram_0_i_23_n_0
                         LUT5 (Prop_LUT5_I3_O)        0.038     9.645 r  u_cve2_core/cf_unit_i/u_scale_accum1/bram_high_reg_bram_0_i_21/O
                         net (fo=7, unplaced)         0.211     9.856    u_cve2_core/cf_unit_i/u_scale_accum1/bram_high_reg_bram_0_i_21_n_0
                         LUT5 (Prop_LUT5_I3_O)        0.038     9.894 f  u_cve2_core/cf_unit_i/u_scale_accum1/wr_data_q[24]_i_2/O
                         net (fo=5, unplaced)         0.204    10.098    u_cve2_core/cf_unit_i/u_scale_accum1/wr_data_q[24]_i_2_n_0
                         LUT5 (Prop_LUT5_I2_O)        0.038    10.136 r  u_cve2_core/cf_unit_i/u_scale_accum1/wr_data_q[28]_i_2/O
                         net (fo=1, unplaced)         0.186    10.322    u_cve2_core/cf_unit_i/u_scale_accum1/wr_data_q[28]_i_2_n_0
                         LUT6 (Prop_LUT6_I3_O)        0.038    10.360 r  u_cve2_core/cf_unit_i/u_scale_accum1/wr_data_q[28]_i_1/O
                         net (fo=2, unplaced)         0.186    10.546    u_cve2_core/cf_unit_i/u_scale_fsm/bram_high_reg_bram_0[21]
                         LUT4 (Prop_LUT4_I0_O)        0.038    10.584 r  u_cve2_core/cf_unit_i/u_scale_fsm/bram_high_reg_bram_0_i_5/O
                         net (fo=1, unplaced)         0.107    10.691    u_cve2_core/cf_unit_i/u_accum_bram/DINADIN[12]
                         RAMB18E2                                     r  u_cve2_core/cf_unit_i/u_accum_bram/bram_high_reg_bram_0/DINADIN[12]
  -------------------------------------------------------------------    -------------------

                         (clock clk_i rise edge)      8.000     8.000 r  
                                                      0.000     8.000 r  clk_i (IN)
                         net (fo=0)                   0.000     8.000    clk_i_IBUF_inst/I
                         INBUF (Prop_INBUF_PAD_O)     0.331     8.331 r  clk_i_IBUF_inst/INBUF_INST/O
                         net (fo=1, unplaced)         0.000     8.331    clk_i_IBUF_inst/OUT
                         IBUFCTRL (Prop_IBUFCTRL_I_O)
                                                      0.000     8.331 r  clk_i_IBUF_inst/IBUFCTRL_INST/O
                         net (fo=2, unplaced)         0.292     8.623    core_clock_gate_i/clk_i_IBUF
                         LUT2 (Prop_LUT2_I0_O)        0.036     8.659 r  core_clock_gate_i/clk_BUFG_inst_i_1/O
                         net (fo=1, unplaced)         0.282     8.941    clk
                         BUFGCE (Prop_BUFGCE_I_O)     0.024     8.965 r  clk_BUFG_inst/O
                         net (fo=5360, unplaced)      2.439    11.404    u_cve2_core/cf_unit_i/u_accum_bram/clk_BUFG
                         RAMB18E2                                     r  u_cve2_core/cf_unit_i/u_accum_bram/bram_high_reg_bram_0/CLKARDCLK
                         clock pessimism              0.485    11.889    
                         clock uncertainty           -0.035    11.854    
                         RAMB18E2 (Setup_RAMB18E2_CLKARDCLK_DINADIN[12])
                                                     -0.260    11.594    u_cve2_core/cf_unit_i/u_accum_bram/bram_high_reg_bram_0
  -------------------------------------------------------------------
                         required time                         11.594    
                         arrival time                         -10.691    
  -------------------------------------------------------------------
                         slack                                  0.903    

Slack (MET) :             0.904ns  (required time - arrival time)
  Source:                 u_cve2_core/cf_unit_i/u_scale_accum1/accumulator_s3_reg[8]/C
                            (rising edge-triggered cell FDCE clocked by clk_i  {rise@0.000ns fall@4.000ns period=8.000ns})
  Destination:            u_cve2_core/cf_unit_i/u_accum_bram/bram_high_reg_bram_0/DINADIN[13]
                            (rising edge-triggered cell RAMB18E2 clocked by clk_i  {rise@0.000ns fall@4.000ns period=8.000ns})
  Path Group:             clk_i
  Path Type:              Setup (Max at Slow Process Corner)
  Requirement:            8.000ns  (clk_i rise@8.000ns - clk_i rise@0.000ns)
  Data Path Delay:        6.655ns  (logic 1.578ns (23.712%)  route 5.077ns (76.289%))
  Logic Levels:           26  (CARRY8=2 LUT3=4 LUT4=1 LUT5=7 LUT6=12)
  Clock Path Skew:        -0.145ns (DCD - SCD + CPR)
    Destination Clock Delay (DCD):    3.404ns = ( 11.404 - 8.000 ) 
    Source Clock Delay      (SCD):    4.034ns
    Clock Pessimism Removal (CPR):    0.485ns
  Clock Uncertainty:      0.035ns  ((TSJ^2 + TIJ^2)^1/2 + DJ) / 2 + PE
    Total System Jitter     (TSJ):    0.071ns
    Total Input Jitter      (TIJ):    0.000ns
    Discrete Jitter          (DJ):    0.000ns
    Phase Error              (PE):    0.000ns

    Location             Delay type                Incr(ns)  Path(ns)    Netlist Resource(s)
  -------------------------------------------------------------------    -------------------
                         (clock clk_i rise edge)      0.000     0.000 r  
                                                      0.000     0.000 r  clk_i (IN)
                         net (fo=0)                   0.000     0.000    clk_i_IBUF_inst/I
                         INBUF (Prop_INBUF_PAD_O)     0.582     0.582 r  clk_i_IBUF_inst/INBUF_INST/O
                         net (fo=1, unplaced)         0.000     0.582    clk_i_IBUF_inst/OUT
                         IBUFCTRL (Prop_IBUFCTRL_I_O)
                                                      0.000     0.582 r  clk_i_IBUF_inst/IBUFCTRL_INST/O
                         net (fo=2, unplaced)         0.403     0.985    core_clock_gate_i/clk_i_IBUF
                         LUT2 (Prop_LUT2_I0_O)        0.053     1.038 r  core_clock_gate_i/clk_BUFG_inst_i_1/O
                         net (fo=1, unplaced)         0.384     1.422    clk
                         BUFGCE (Prop_BUFGCE_I_O)     0.028     1.450 r  clk_BUFG_inst/O
                         net (fo=5360, unplaced)      2.584     4.034    u_cve2_core/cf_unit_i/u_scale_accum1/clk_BUFG
                         FDCE                                         r  u_cve2_core/cf_unit_i/u_scale_accum1/accumulator_s3_reg[8]/C
  -------------------------------------------------------------------    -------------------
                         FDCE (Prop_FDCE_C_Q)         0.077     4.111 r  u_cve2_core/cf_unit_i/u_scale_accum1/accumulator_s3_reg[8]/Q
                         net (fo=16, unplaced)        0.198     4.309    u_cve2_core/cf_unit_i/u_scale_accum1/accumulator_s3[8]
                         LUT6 (Prop_LUT6_I0_O)        0.150     4.459 r  u_cve2_core/cf_unit_i/u_scale_accum1/wr_data_q[31]_i_32/O
                         net (fo=4, unplaced)         0.198     4.657    u_cve2_core/cf_unit_i/u_scale_accum1/wr_data_q[31]_i_32_n_0
                         LUT5 (Prop_LUT5_I2_O)        0.038     4.695 r  u_cve2_core/cf_unit_i/u_scale_accum1/wr_data_q[31]_i_25/O
                         net (fo=3, unplaced)         0.192     4.887    u_cve2_core/cf_unit_i/u_scale_accum1/wr_data_q[31]_i_25_n_0
                         LUT3 (Prop_LUT3_I1_O)        0.038     4.925 r  u_cve2_core/cf_unit_i/u_scale_accum1/wr_data_q[31]_i_12/O
                         net (fo=2, unplaced)         0.186     5.111    u_cve2_core/cf_unit_i/u_scale_accum1/wr_data_q[31]_i_12_n_0
                         LUT5 (Prop_LUT5_I2_O)        0.038     5.149 r  u_cve2_core/cf_unit_i/u_scale_accum1/wr_data_q[31]_i_3/O
                         net (fo=67, unplaced)        0.262     5.411    u_cve2_core/cf_unit_i/u_scale_accum1/wr_data_q[31]_i_3_n_0
                         LUT6 (Prop_LUT6_I5_O)        0.038     5.449 r  u_cve2_core/cf_unit_i/u_scale_accum1/wr_data_q[31]_i_17/O
                         net (fo=9, unplaced)         0.217     5.666    u_cve2_core/cf_unit_i/u_scale_accum1/wr_data_q[31]_i_17_n_0
                         LUT6 (Prop_LUT6_I5_O)        0.038     5.704 r  u_cve2_core/cf_unit_i/u_scale_accum1/wr_data_q[31]_i_23/O
                         net (fo=10, unplaced)        0.219     5.923    u_cve2_core/cf_unit_i/u_scale_accum1/wr_data_q[31]_i_23_n_0
                         LUT6 (Prop_LUT6_I5_O)        0.038     5.961 f  u_cve2_core/cf_unit_i/u_scale_accum1/bram_high_reg_bram_0_i_82/O
                         net (fo=1, unplaced)         0.186     6.147    u_cve2_core/cf_unit_i/u_scale_accum1/bram_high_reg_bram_0_i_82_n_0
                         LUT3 (Prop_LUT3_I0_O)        0.038     6.185 f  u_cve2_core/cf_unit_i/u_scale_accum1/bram_high_reg_bram_0_i_70/O
                         net (fo=2, unplaced)         0.186     6.371    u_cve2_core/cf_unit_i/u_scale_accum1/bram_high_reg_bram_0_i_70_n_0
                         LUT6 (Prop_LUT6_I5_O)        0.038     6.409 r  u_cve2_core/cf_unit_i/u_scale_accum1/bram_high_reg_bram_0_i_75/O
                         net (fo=1, unplaced)         0.186     6.595    u_cve2_core/cf_unit_i/u_scale_accum1/bram_high_reg_bram_0_i_75_n_0
                         LUT3 (Prop_LUT3_I2_O)        0.038     6.633 r  u_cve2_core/cf_unit_i/u_scale_accum1/bram_high_reg_bram_0_i_55/O
                         net (fo=2, unplaced)         0.186     6.819    u_cve2_core/cf_unit_i/u_scale_accum1/u_add/u_fp_adder/bram_high_reg_bram_0_i_32[0]
                         LUT5 (Prop_LUT5_I0_O)        0.037     6.856 r  u_cve2_core/cf_unit_i/u_scale_accum1/u_add/u_fp_adder/bram_high_reg_bram_0_i_61/O
                         net (fo=1, unplaced)         0.032     6.888    u_cve2_core/cf_unit_i/u_scale_accum1/u_add_n_8
                         CARRY8 (Prop_CARRY8_S[3]_O[5])
                                                      0.184     7.072 f  u_cve2_core/cf_unit_i/u_scale_accum1/bram_high_reg_bram_0_i_32/O[5]
                         net (fo=7, unplaced)         0.182     7.254    u_cve2_core/cf_unit_i/u_scale_accum1/bram_high_reg_bram_0_i_32_n_10
                         LUT6 (Prop_LUT6_I0_O)        0.150     7.404 r  u_cve2_core/cf_unit_i/u_scale_accum1/wr_data_q[31]_i_13/O
                         net (fo=3, unplaced)         0.192     7.596    u_cve2_core/cf_unit_i/u_scale_accum1/wr_data_q[31]_i_13_n_0
                         LUT6 (Prop_LUT6_I3_O)        0.038     7.634 f  u_cve2_core/cf_unit_i/u_scale_accum1/final_exp1_carry_i_22__0/O
                         net (fo=2, unplaced)         0.186     7.820    u_cve2_core/cf_unit_i/u_scale_accum1/final_exp1_carry_i_22__0_n_0
                         LUT6 (Prop_LUT6_I0_O)        0.038     7.858 f  u_cve2_core/cf_unit_i/u_scale_accum1/final_exp1_carry_i_14__0/O
                         net (fo=14, unplaced)        0.227     8.085    u_cve2_core/cf_unit_i/u_scale_accum1/final_exp1_carry_i_14__0_n_0
                         LUT6 (Prop_LUT6_I2_O)        0.038     8.123 r  u_cve2_core/cf_unit_i/u_scale_accum1/final_exp1_carry_i_4__0/O
                         net (fo=1, unplaced)         0.233     8.356    u_cve2_core/cf_unit_i/u_scale_accum1/u_add/u_fp_adder/DI[0]
                         CARRY8 (Prop_CARRY8_DI[0]_CO[3])
                                                      0.182     8.538 r  u_cve2_core/cf_unit_i/u_scale_accum1/u_add/u_fp_adder/final_exp1_carry/CO[3]
                         net (fo=15, unplaced)        0.133     8.671    u_cve2_core/cf_unit_i/u_scale_accum1/u_add_n_0
                         LUT3 (Prop_LUT3_I1_O)        0.038     8.709 r  u_cve2_core/cf_unit_i/u_scale_accum1/wr_data_q[17]_i_8/O
                         net (fo=6, unplaced)         0.208     8.917    u_cve2_core/cf_unit_i/u_scale_accum1/wr_data_q[17]_i_8_n_0
                         LUT6 (Prop_LUT6_I0_O)        0.038     8.955 r  u_cve2_core/cf_unit_i/u_scale_accum1/wr_data_q[17]_i_6/O
                         net (fo=1, unplaced)         0.186     9.141    u_cve2_core/cf_unit_i/u_scale_accum1/wr_data_q[17]_i_6_n_0
                         LUT5 (Prop_LUT5_I4_O)        0.038     9.179 f  u_cve2_core/cf_unit_i/u_scale_accum1/wr_data_q[17]_i_3/O
                         net (fo=3, unplaced)         0.192     9.371    u_cve2_core/cf_unit_i/u_scale_accum1/wr_data_q[17]_i_3_n_0
                         LUT5 (Prop_LUT5_I3_O)        0.038     9.409 r  u_cve2_core/cf_unit_i/u_scale_accum1/bram_high_reg_bram_0_i_23/O
                         net (fo=4, unplaced)         0.198     9.607    u_cve2_core/cf_unit_i/u_scale_accum1/bram_high_reg_bram_0_i_23_n_0
                         LUT5 (Prop_LUT5_I3_O)        0.038     9.645 r  u_cve2_core/cf_unit_i/u_scale_accum1/bram_high_reg_bram_0_i_21/O
                         net (fo=7, unplaced)         0.211     9.856    u_cve2_core/cf_unit_i/u_scale_accum1/bram_high_reg_bram_0_i_21_n_0
                         LUT5 (Prop_LUT5_I3_O)        0.038     9.894 f  u_cve2_core/cf_unit_i/u_scale_accum1/wr_data_q[24]_i_2/O
                         net (fo=5, unplaced)         0.204    10.098    u_cve2_core/cf_unit_i/u_scale_accum1/wr_data_q[24]_i_2_n_0
                         LUT6 (Prop_LUT6_I3_O)        0.038    10.136 r  u_cve2_core/cf_unit_i/u_scale_accum1/wr_data_q[30]_i_3/O
                         net (fo=2, unplaced)         0.186    10.322    u_cve2_core/cf_unit_i/u_scale_accum1/wr_data_q[30]_i_3_n_0
                         LUT6 (Prop_LUT6_I3_O)        0.038    10.360 r  u_cve2_core/cf_unit_i/u_scale_accum1/wr_data_q[29]_i_1/O
                         net (fo=2, unplaced)         0.186    10.546    u_cve2_core/cf_unit_i/u_scale_fsm/bram_high_reg_bram_0[22]
                         LUT4 (Prop_LUT4_I0_O)        0.038    10.584 r  u_cve2_core/cf_unit_i/u_scale_fsm/bram_high_reg_bram_0_i_4/O
                         net (fo=1, unplaced)         0.105    10.689    u_cve2_core/cf_unit_i/u_accum_bram/DINADIN[13]
                         RAMB18E2                                     r  u_cve2_core/cf_unit_i/u_accum_bram/bram_high_reg_bram_0/DINADIN[13]
  -------------------------------------------------------------------    -------------------

                         (clock clk_i rise edge)      8.000     8.000 r  
                                                      0.000     8.000 r  clk_i (IN)
                         net (fo=0)                   0.000     8.000    clk_i_IBUF_inst/I
                         INBUF (Prop_INBUF_PAD_O)     0.331     8.331 r  clk_i_IBUF_inst/INBUF_INST/O
                         net (fo=1, unplaced)         0.000     8.331    clk_i_IBUF_inst/OUT
                         IBUFCTRL (Prop_IBUFCTRL_I_O)
                                                      0.000     8.331 r  clk_i_IBUF_inst/IBUFCTRL_INST/O
                         net (fo=2, unplaced)         0.292     8.623    core_clock_gate_i/clk_i_IBUF
                         LUT2 (Prop_LUT2_I0_O)        0.036     8.659 r  core_clock_gate_i/clk_BUFG_inst_i_1/O
                         net (fo=1, unplaced)         0.282     8.941    clk
                         BUFGCE (Prop_BUFGCE_I_O)     0.024     8.965 r  clk_BUFG_inst/O
                         net (fo=5360, unplaced)      2.439    11.404    u_cve2_core/cf_unit_i/u_accum_bram/clk_BUFG
                         RAMB18E2                                     r  u_cve2_core/cf_unit_i/u_accum_bram/bram_high_reg_bram_0/CLKARDCLK
                         clock pessimism              0.485    11.889    
                         clock uncertainty           -0.035    11.854    
                         RAMB18E2 (Setup_RAMB18E2_CLKARDCLK_DINADIN[13])
                                                     -0.261    11.593    u_cve2_core/cf_unit_i/u_accum_bram/bram_high_reg_bram_0
  -------------------------------------------------------------------
                         required time                         11.593    
                         arrival time                         -10.689    
  -------------------------------------------------------------------
                         slack                                  0.904    

Slack (MET) :             0.920ns  (required time - arrival time)
  Source:                 u_cve2_core/cf_unit_i/u_scale_accum1/accumulator_s3_reg[8]/C
                            (rising edge-triggered cell FDCE clocked by clk_i  {rise@0.000ns fall@4.000ns period=8.000ns})
  Destination:            u_cve2_core/cf_unit_i/u_accum_bram/bram_high_reg_bram_0/DINADIN[10]
                            (rising edge-triggered cell RAMB18E2 clocked by clk_i  {rise@0.000ns fall@4.000ns period=8.000ns})
  Path Group:             clk_i
  Path Type:              Setup (Max at Slow Process Corner)
  Requirement:            8.000ns  (clk_i rise@8.000ns - clk_i rise@0.000ns)
  Data Path Delay:        6.655ns  (logic 1.578ns (23.712%)  route 5.077ns (76.289%))
  Logic Levels:           26  (CARRY8=2 LUT3=5 LUT4=1 LUT5=7 LUT6=11)
  Clock Path Skew:        -0.145ns (DCD - SCD + CPR)
    Destination Clock Delay (DCD):    3.404ns = ( 11.404 - 8.000 ) 
    Source Clock Delay      (SCD):    4.034ns
    Clock Pessimism Removal (CPR):    0.485ns
  Clock Uncertainty:      0.035ns  ((TSJ^2 + TIJ^2)^1/2 + DJ) / 2 + PE
    Total System Jitter     (TSJ):    0.071ns
    Total Input Jitter      (TIJ):    0.000ns
    Discrete Jitter          (DJ):    0.000ns
    Phase Error              (PE):    0.000ns

    Location             Delay type                Incr(ns)  Path(ns)    Netlist Resource(s)
  -------------------------------------------------------------------    -------------------
                         (clock clk_i rise edge)      0.000     0.000 r  
                                                      0.000     0.000 r  clk_i (IN)
                         net (fo=0)                   0.000     0.000    clk_i_IBUF_inst/I
                         INBUF (Prop_INBUF_PAD_O)     0.582     0.582 r  clk_i_IBUF_inst/INBUF_INST/O
                         net (fo=1, unplaced)         0.000     0.582    clk_i_IBUF_inst/OUT
                         IBUFCTRL (Prop_IBUFCTRL_I_O)
                                                      0.000     0.582 r  clk_i_IBUF_inst/IBUFCTRL_INST/O
                         net (fo=2, unplaced)         0.403     0.985    core_clock_gate_i/clk_i_IBUF
                         LUT2 (Prop_LUT2_I0_O)        0.053     1.038 r  core_clock_gate_i/clk_BUFG_inst_i_1/O
                         net (fo=1, unplaced)         0.384     1.422    clk
                         BUFGCE (Prop_BUFGCE_I_O)     0.028     1.450 r  clk_BUFG_inst/O
                         net (fo=5360, unplaced)      2.584     4.034    u_cve2_core/cf_unit_i/u_scale_accum1/clk_BUFG
                         FDCE                                         r  u_cve2_core/cf_unit_i/u_scale_accum1/accumulator_s3_reg[8]/C
  -------------------------------------------------------------------    -------------------
                         FDCE (Prop_FDCE_C_Q)         0.077     4.111 r  u_cve2_core/cf_unit_i/u_scale_accum1/accumulator_s3_reg[8]/Q
                         net (fo=16, unplaced)        0.198     4.309    u_cve2_core/cf_unit_i/u_scale_accum1/accumulator_s3[8]
                         LUT6 (Prop_LUT6_I0_O)        0.150     4.459 r  u_cve2_core/cf_unit_i/u_scale_accum1/wr_data_q[31]_i_32/O
                         net (fo=4, unplaced)         0.198     4.657    u_cve2_core/cf_unit_i/u_scale_accum1/wr_data_q[31]_i_32_n_0
                         LUT5 (Prop_LUT5_I2_O)        0.038     4.695 r  u_cve2_core/cf_unit_i/u_scale_accum1/wr_data_q[31]_i_25/O
                         net (fo=3, unplaced)         0.192     4.887    u_cve2_core/cf_unit_i/u_scale_accum1/wr_data_q[31]_i_25_n_0
                         LUT3 (Prop_LUT3_I1_O)        0.038     4.925 r  u_cve2_core/cf_unit_i/u_scale_accum1/wr_data_q[31]_i_12/O
                         net (fo=2, unplaced)         0.186     5.111    u_cve2_core/cf_unit_i/u_scale_accum1/wr_data_q[31]_i_12_n_0
                         LUT5 (Prop_LUT5_I2_O)        0.038     5.149 r  u_cve2_core/cf_unit_i/u_scale_accum1/wr_data_q[31]_i_3/O
                         net (fo=67, unplaced)        0.262     5.411    u_cve2_core/cf_unit_i/u_scale_accum1/wr_data_q[31]_i_3_n_0
                         LUT6 (Prop_LUT6_I5_O)        0.038     5.449 r  u_cve2_core/cf_unit_i/u_scale_accum1/wr_data_q[31]_i_17/O
                         net (fo=9, unplaced)         0.217     5.666    u_cve2_core/cf_unit_i/u_scale_accum1/wr_data_q[31]_i_17_n_0
                         LUT6 (Prop_LUT6_I5_O)        0.038     5.704 r  u_cve2_core/cf_unit_i/u_scale_accum1/wr_data_q[31]_i_23/O
                         net (fo=10, unplaced)        0.219     5.923    u_cve2_core/cf_unit_i/u_scale_accum1/wr_data_q[31]_i_23_n_0
                         LUT6 (Prop_LUT6_I5_O)        0.038     5.961 f  u_cve2_core/cf_unit_i/u_scale_accum1/bram_high_reg_bram_0_i_82/O
                         net (fo=1, unplaced)         0.186     6.147    u_cve2_core/cf_unit_i/u_scale_accum1/bram_high_reg_bram_0_i_82_n_0
                         LUT3 (Prop_LUT3_I0_O)        0.038     6.185 f  u_cve2_core/cf_unit_i/u_scale_accum1/bram_high_reg_bram_0_i_70/O
                         net (fo=2, unplaced)         0.186     6.371    u_cve2_core/cf_unit_i/u_scale_accum1/bram_high_reg_bram_0_i_70_n_0
                         LUT6 (Prop_LUT6_I5_O)        0.038     6.409 r  u_cve2_core/cf_unit_i/u_scale_accum1/bram_high_reg_bram_0_i_75/O
                         net (fo=1, unplaced)         0.186     6.595    u_cve2_core/cf_unit_i/u_scale_accum1/bram_high_reg_bram_0_i_75_n_0
                         LUT3 (Prop_LUT3_I2_O)        0.038     6.633 r  u_cve2_core/cf_unit_i/u_scale_accum1/bram_high_reg_bram_0_i_55/O
                         net (fo=2, unplaced)         0.186     6.819    u_cve2_core/cf_unit_i/u_scale_accum1/u_add/u_fp_adder/bram_high_reg_bram_0_i_32[0]
                         LUT5 (Prop_LUT5_I0_O)        0.037     6.856 r  u_cve2_core/cf_unit_i/u_scale_accum1/u_add/u_fp_adder/bram_high_reg_bram_0_i_61/O
                         net (fo=1, unplaced)         0.032     6.888    u_cve2_core/cf_unit_i/u_scale_accum1/u_add_n_8
                         CARRY8 (Prop_CARRY8_S[3]_O[5])
                                                      0.184     7.072 f  u_cve2_core/cf_unit_i/u_scale_accum1/bram_high_reg_bram_0_i_32/O[5]
                         net (fo=7, unplaced)         0.182     7.254    u_cve2_core/cf_unit_i/u_scale_accum1/bram_high_reg_bram_0_i_32_n_10
                         LUT6 (Prop_LUT6_I0_O)        0.150     7.404 r  u_cve2_core/cf_unit_i/u_scale_accum1/wr_data_q[31]_i_13/O
                         net (fo=3, unplaced)         0.192     7.596    u_cve2_core/cf_unit_i/u_scale_accum1/wr_data_q[31]_i_13_n_0
                         LUT6 (Prop_LUT6_I3_O)        0.038     7.634 r  u_cve2_core/cf_unit_i/u_scale_accum1/final_exp1_carry_i_22__0/O
                         net (fo=2, unplaced)         0.186     7.820    u_cve2_core/cf_unit_i/u_scale_accum1/final_exp1_carry_i_22__0_n_0
                         LUT6 (Prop_LUT6_I0_O)        0.038     7.858 r  u_cve2_core/cf_unit_i/u_scale_accum1/final_exp1_carry_i_14__0/O
                         net (fo=14, unplaced)        0.227     8.085    u_cve2_core/cf_unit_i/u_scale_accum1/final_exp1_carry_i_14__0_n_0
                         LUT6 (Prop_LUT6_I2_O)        0.038     8.123 f  u_cve2_core/cf_unit_i/u_scale_accum1/final_exp1_carry_i_4__0/O
                         net (fo=1, unplaced)         0.233     8.356    u_cve2_core/cf_unit_i/u_scale_accum1/u_add/u_fp_adder/DI[0]
                         CARRY8 (Prop_CARRY8_DI[0]_CO[3])
                                                      0.182     8.538 f  u_cve2_core/cf_unit_i/u_scale_accum1/u_add/u_fp_adder/final_exp1_carry/CO[3]
                         net (fo=15, unplaced)        0.133     8.671    u_cve2_core/cf_unit_i/u_scale_accum1/u_add_n_0
                         LUT3 (Prop_LUT3_I1_O)        0.038     8.709 f  u_cve2_core/cf_unit_i/u_scale_accum1/wr_data_q[17]_i_8/O
                         net (fo=6, unplaced)         0.208     8.917    u_cve2_core/cf_unit_i/u_scale_accum1/wr_data_q[17]_i_8_n_0
                         LUT6 (Prop_LUT6_I0_O)        0.038     8.955 f  u_cve2_core/cf_unit_i/u_scale_accum1/wr_data_q[17]_i_6/O
                         net (fo=1, unplaced)         0.186     9.141    u_cve2_core/cf_unit_i/u_scale_accum1/wr_data_q[17]_i_6_n_0
                         LUT5 (Prop_LUT5_I4_O)        0.038     9.179 r  u_cve2_core/cf_unit_i/u_scale_accum1/wr_data_q[17]_i_3/O
                         net (fo=3, unplaced)         0.192     9.371    u_cve2_core/cf_unit_i/u_scale_accum1/wr_data_q[17]_i_3_n_0
                         LUT5 (Prop_LUT5_I3_O)        0.038     9.409 f  u_cve2_core/cf_unit_i/u_scale_accum1/bram_high_reg_bram_0_i_23/O
                         net (fo=4, unplaced)         0.198     9.607    u_cve2_core/cf_unit_i/u_scale_accum1/bram_high_reg_bram_0_i_23_n_0
                         LUT5 (Prop_LUT5_I3_O)        0.038     9.645 f  u_cve2_core/cf_unit_i/u_scale_accum1/bram_high_reg_bram_0_i_21/O
                         net (fo=7, unplaced)         0.211     9.856    u_cve2_core/cf_unit_i/u_scale_accum1/bram_high_reg_bram_0_i_21_n_0
                         LUT5 (Prop_LUT5_I3_O)        0.038     9.894 r  u_cve2_core/cf_unit_i/u_scale_accum1/wr_data_q[24]_i_2/O
                         net (fo=5, unplaced)         0.204    10.098    u_cve2_core/cf_unit_i/u_scale_accum1/wr_data_q[24]_i_2_n_0
                         LUT3 (Prop_LUT3_I1_O)        0.038    10.136 r  u_cve2_core/cf_unit_i/u_scale_accum1/wr_data_q[26]_i_2/O
                         net (fo=1, unplaced)         0.186    10.322    u_cve2_core/cf_unit_i/u_scale_accum1/wr_data_q[26]_i_2_n_0
                         LUT6 (Prop_LUT6_I3_O)        0.038    10.360 r  u_cve2_core/cf_unit_i/u_scale_accum1/wr_data_q[26]_i_1/O
                         net (fo=2, unplaced)         0.186    10.546    u_cve2_core/cf_unit_i/u_scale_fsm/bram_high_reg_bram_0[19]
                         LUT4 (Prop_LUT4_I0_O)        0.038    10.584 r  u_cve2_core/cf_unit_i/u_scale_fsm/bram_high_reg_bram_0_i_7/O
                         net (fo=1, unplaced)         0.105    10.689    u_cve2_core/cf_unit_i/u_accum_bram/DINADIN[10]
                         RAMB18E2                                     r  u_cve2_core/cf_unit_i/u_accum_bram/bram_high_reg_bram_0/DINADIN[10]
  -------------------------------------------------------------------    -------------------

                         (clock clk_i rise edge)      8.000     8.000 r  
                                                      0.000     8.000 r  clk_i (IN)
                         net (fo=0)                   0.000     8.000    clk_i_IBUF_inst/I
                         INBUF (Prop_INBUF_PAD_O)     0.331     8.331 r  clk_i_IBUF_inst/INBUF_INST/O
                         net (fo=1, unplaced)         0.000     8.331    clk_i_IBUF_inst/OUT
                         IBUFCTRL (Prop_IBUFCTRL_I_O)
                                                      0.000     8.331 r  clk_i_IBUF_inst/IBUFCTRL_INST/O
                         net (fo=2, unplaced)         0.292     8.623    core_clock_gate_i/clk_i_IBUF
                         LUT2 (Prop_LUT2_I0_O)        0.036     8.659 r  core_clock_gate_i/clk_BUFG_inst_i_1/O
                         net (fo=1, unplaced)         0.282     8.941    clk
                         BUFGCE (Prop_BUFGCE_I_O)     0.024     8.965 r  clk_BUFG_inst/O
                         net (fo=5360, unplaced)      2.439    11.404    u_cve2_core/cf_unit_i/u_accum_bram/clk_BUFG
                         RAMB18E2                                     r  u_cve2_core/cf_unit_i/u_accum_bram/bram_high_reg_bram_0/CLKARDCLK
                         clock pessimism              0.485    11.889    
                         clock uncertainty           -0.035    11.854    
                         RAMB18E2 (Setup_RAMB18E2_CLKARDCLK_DINADIN[10])
                                                     -0.245    11.609    u_cve2_core/cf_unit_i/u_accum_bram/bram_high_reg_bram_0
  -------------------------------------------------------------------
                         required time                         11.609    
                         arrival time                         -10.689    
  -------------------------------------------------------------------
                         slack                                  0.920    

Slack (MET) :             0.923ns  (required time - arrival time)
  Source:                 u_cve2_core/cf_unit_i/u_scale_accum1/accumulator_s3_reg[8]/C
                            (rising edge-triggered cell FDCE clocked by clk_i  {rise@0.000ns fall@4.000ns period=8.000ns})
  Destination:            u_cve2_core/cf_unit_i/u_accum_bram/bram_high_reg_bram_0/DINADIN[11]
                            (rising edge-triggered cell RAMB18E2 clocked by clk_i  {rise@0.000ns fall@4.000ns period=8.000ns})
  Path Group:             clk_i
  Path Type:              Setup (Max at Slow Process Corner)
  Requirement:            8.000ns  (clk_i rise@8.000ns - clk_i rise@0.000ns)
  Data Path Delay:        6.651ns  (logic 1.578ns (23.726%)  route 5.073ns (76.274%))
  Logic Levels:           26  (CARRY8=2 LUT3=4 LUT4=2 LUT5=7 LUT6=11)
  Clock Path Skew:        -0.145ns (DCD - SCD + CPR)
    Destination Clock Delay (DCD):    3.404ns = ( 11.404 - 8.000 ) 
    Source Clock Delay      (SCD):    4.034ns
    Clock Pessimism Removal (CPR):    0.485ns
  Clock Uncertainty:      0.035ns  ((TSJ^2 + TIJ^2)^1/2 + DJ) / 2 + PE
    Total System Jitter     (TSJ):    0.071ns
    Total Input Jitter      (TIJ):    0.000ns
    Discrete Jitter          (DJ):    0.000ns
    Phase Error              (PE):    0.000ns

    Location             Delay type                Incr(ns)  Path(ns)    Netlist Resource(s)
  -------------------------------------------------------------------    -------------------
                         (clock clk_i rise edge)      0.000     0.000 r  
                                                      0.000     0.000 r  clk_i (IN)
                         net (fo=0)                   0.000     0.000    clk_i_IBUF_inst/I
                         INBUF (Prop_INBUF_PAD_O)     0.582     0.582 r  clk_i_IBUF_inst/INBUF_INST/O
                         net (fo=1, unplaced)         0.000     0.582    clk_i_IBUF_inst/OUT
                         IBUFCTRL (Prop_IBUFCTRL_I_O)
                                                      0.000     0.582 r  clk_i_IBUF_inst/IBUFCTRL_INST/O
                         net (fo=2, unplaced)         0.403     0.985    core_clock_gate_i/clk_i_IBUF
                         LUT2 (Prop_LUT2_I0_O)        0.053     1.038 r  core_clock_gate_i/clk_BUFG_inst_i_1/O
                         net (fo=1, unplaced)         0.384     1.422    clk
                         BUFGCE (Prop_BUFGCE_I_O)     0.028     1.450 r  clk_BUFG_inst/O
                         net (fo=5360, unplaced)      2.584     4.034    u_cve2_core/cf_unit_i/u_scale_accum1/clk_BUFG
                         FDCE                                         r  u_cve2_core/cf_unit_i/u_scale_accum1/accumulator_s3_reg[8]/C
  -------------------------------------------------------------------    -------------------
                         FDCE (Prop_FDCE_C_Q)         0.077     4.111 r  u_cve2_core/cf_unit_i/u_scale_accum1/accumulator_s3_reg[8]/Q
                         net (fo=16, unplaced)        0.198     4.309    u_cve2_core/cf_unit_i/u_scale_accum1/accumulator_s3[8]
                         LUT6 (Prop_LUT6_I0_O)        0.150     4.459 r  u_cve2_core/cf_unit_i/u_scale_accum1/wr_data_q[31]_i_32/O
                         net (fo=4, unplaced)         0.198     4.657    u_cve2_core/cf_unit_i/u_scale_accum1/wr_data_q[31]_i_32_n_0
                         LUT5 (Prop_LUT5_I2_O)        0.038     4.695 r  u_cve2_core/cf_unit_i/u_scale_accum1/wr_data_q[31]_i_25/O
                         net (fo=3, unplaced)         0.192     4.887    u_cve2_core/cf_unit_i/u_scale_accum1/wr_data_q[31]_i_25_n_0
                         LUT3 (Prop_LUT3_I1_O)        0.038     4.925 r  u_cve2_core/cf_unit_i/u_scale_accum1/wr_data_q[31]_i_12/O
                         net (fo=2, unplaced)         0.186     5.111    u_cve2_core/cf_unit_i/u_scale_accum1/wr_data_q[31]_i_12_n_0
                         LUT5 (Prop_LUT5_I2_O)        0.038     5.149 r  u_cve2_core/cf_unit_i/u_scale_accum1/wr_data_q[31]_i_3/O
                         net (fo=67, unplaced)        0.262     5.411    u_cve2_core/cf_unit_i/u_scale_accum1/wr_data_q[31]_i_3_n_0
                         LUT6 (Prop_LUT6_I5_O)        0.038     5.449 r  u_cve2_core/cf_unit_i/u_scale_accum1/wr_data_q[31]_i_17/O
                         net (fo=9, unplaced)         0.217     5.666    u_cve2_core/cf_unit_i/u_scale_accum1/wr_data_q[31]_i_17_n_0
                         LUT6 (Prop_LUT6_I5_O)        0.038     5.704 r  u_cve2_core/cf_unit_i/u_scale_accum1/wr_data_q[31]_i_23/O
                         net (fo=10, unplaced)        0.219     5.923    u_cve2_core/cf_unit_i/u_scale_accum1/wr_data_q[31]_i_23_n_0
                         LUT6 (Prop_LUT6_I5_O)        0.038     5.961 f  u_cve2_core/cf_unit_i/u_scale_accum1/bram_high_reg_bram_0_i_82/O
                         net (fo=1, unplaced)         0.186     6.147    u_cve2_core/cf_unit_i/u_scale_accum1/bram_high_reg_bram_0_i_82_n_0
                         LUT3 (Prop_LUT3_I0_O)        0.038     6.185 f  u_cve2_core/cf_unit_i/u_scale_accum1/bram_high_reg_bram_0_i_70/O
                         net (fo=2, unplaced)         0.186     6.371    u_cve2_core/cf_unit_i/u_scale_accum1/bram_high_reg_bram_0_i_70_n_0
                         LUT6 (Prop_LUT6_I5_O)        0.038     6.409 r  u_cve2_core/cf_unit_i/u_scale_accum1/bram_high_reg_bram_0_i_75/O
                         net (fo=1, unplaced)         0.186     6.595    u_cve2_core/cf_unit_i/u_scale_accum1/bram_high_reg_bram_0_i_75_n_0
                         LUT3 (Prop_LUT3_I2_O)        0.038     6.633 r  u_cve2_core/cf_unit_i/u_scale_accum1/bram_high_reg_bram_0_i_55/O
                         net (fo=2, unplaced)         0.186     6.819    u_cve2_core/cf_unit_i/u_scale_accum1/u_add/u_fp_adder/bram_high_reg_bram_0_i_32[0]
                         LUT5 (Prop_LUT5_I0_O)        0.037     6.856 r  u_cve2_core/cf_unit_i/u_scale_accum1/u_add/u_fp_adder/bram_high_reg_bram_0_i_61/O
                         net (fo=1, unplaced)         0.032     6.888    u_cve2_core/cf_unit_i/u_scale_accum1/u_add_n_8
                         CARRY8 (Prop_CARRY8_S[3]_O[5])
                                                      0.184     7.072 f  u_cve2_core/cf_unit_i/u_scale_accum1/bram_high_reg_bram_0_i_32/O[5]
                         net (fo=7, unplaced)         0.182     7.254    u_cve2_core/cf_unit_i/u_scale_accum1/bram_high_reg_bram_0_i_32_n_10
                         LUT6 (Prop_LUT6_I0_O)        0.150     7.404 r  u_cve2_core/cf_unit_i/u_scale_accum1/wr_data_q[31]_i_13/O
                         net (fo=3, unplaced)         0.192     7.596    u_cve2_core/cf_unit_i/u_scale_accum1/wr_data_q[31]_i_13_n_0
                         LUT6 (Prop_LUT6_I3_O)        0.038     7.634 r  u_cve2_core/cf_unit_i/u_scale_accum1/final_exp1_carry_i_22__0/O
                         net (fo=2, unplaced)         0.186     7.820    u_cve2_core/cf_unit_i/u_scale_accum1/final_exp1_carry_i_22__0_n_0
                         LUT6 (Prop_LUT6_I0_O)        0.038     7.858 r  u_cve2_core/cf_unit_i/u_scale_accum1/final_exp1_carry_i_14__0/O
                         net (fo=14, unplaced)        0.227     8.085    u_cve2_core/cf_unit_i/u_scale_accum1/final_exp1_carry_i_14__0_n_0
                         LUT6 (Prop_LUT6_I2_O)        0.038     8.123 f  u_cve2_core/cf_unit_i/u_scale_accum1/final_exp1_carry_i_4__0/O
                         net (fo=1, unplaced)         0.233     8.356    u_cve2_core/cf_unit_i/u_scale_accum1/u_add/u_fp_adder/DI[0]
                         CARRY8 (Prop_CARRY8_DI[0]_CO[3])
                                                      0.182     8.538 f  u_cve2_core/cf_unit_i/u_scale_accum1/u_add/u_fp_adder/final_exp1_carry/CO[3]
                         net (fo=15, unplaced)        0.133     8.671    u_cve2_core/cf_unit_i/u_scale_accum1/u_add_n_0
                         LUT3 (Prop_LUT3_I1_O)        0.038     8.709 f  u_cve2_core/cf_unit_i/u_scale_accum1/wr_data_q[17]_i_8/O
                         net (fo=6, unplaced)         0.208     8.917    u_cve2_core/cf_unit_i/u_scale_accum1/wr_data_q[17]_i_8_n_0
                         LUT6 (Prop_LUT6_I0_O)        0.038     8.955 f  u_cve2_core/cf_unit_i/u_scale_accum1/wr_data_q[17]_i_6/O
                         net (fo=1, unplaced)         0.186     9.141    u_cve2_core/cf_unit_i/u_scale_accum1/wr_data_q[17]_i_6_n_0
                         LUT5 (Prop_LUT5_I4_O)        0.038     9.179 r  u_cve2_core/cf_unit_i/u_scale_accum1/wr_data_q[17]_i_3/O
                         net (fo=3, unplaced)         0.192     9.371    u_cve2_core/cf_unit_i/u_scale_accum1/wr_data_q[17]_i_3_n_0
                         LUT5 (Prop_LUT5_I3_O)        0.038     9.409 f  u_cve2_core/cf_unit_i/u_scale_accum1/bram_high_reg_bram_0_i_23/O
                         net (fo=4, unplaced)         0.198     9.607    u_cve2_core/cf_unit_i/u_scale_accum1/bram_high_reg_bram_0_i_23_n_0
                         LUT5 (Prop_LUT5_I3_O)        0.038     9.645 f  u_cve2_core/cf_unit_i/u_scale_accum1/bram_high_reg_bram_0_i_21/O
                         net (fo=7, unplaced)         0.211     9.856    u_cve2_core/cf_unit_i/u_scale_accum1/bram_high_reg_bram_0_i_21_n_0
                         LUT5 (Prop_LUT5_I3_O)        0.038     9.894 r  u_cve2_core/cf_unit_i/u_scale_accum1/wr_data_q[24]_i_2/O
                         net (fo=5, unplaced)         0.204    10.098    u_cve2_core/cf_unit_i/u_scale_accum1/wr_data_q[24]_i_2_n_0
                         LUT4 (Prop_LUT4_I2_O)        0.038    10.136 r  u_cve2_core/cf_unit_i/u_scale_accum1/wr_data_q[27]_i_2/O
                         net (fo=1, unplaced)         0.186    10.322    u_cve2_core/cf_unit_i/u_scale_accum1/wr_data_q[27]_i_2_n_0
                         LUT6 (Prop_LUT6_I3_O)        0.038    10.360 r  u_cve2_core/cf_unit_i/u_scale_accum1/wr_data_q[27]_i_1/O
                         net (fo=2, unplaced)         0.186    10.546    u_cve2_core/cf_unit_i/u_scale_fsm/bram_high_reg_bram_0[20]
                         LUT4 (Prop_LUT4_I0_O)        0.038    10.584 r  u_cve2_core/cf_unit_i/u_scale_fsm/bram_high_reg_bram_0_i_6/O
                         net (fo=1, unplaced)         0.101    10.685    u_cve2_core/cf_unit_i/u_accum_bram/DINADIN[11]
                         RAMB18E2                                     r  u_cve2_core/cf_unit_i/u_accum_bram/bram_high_reg_bram_0/DINADIN[11]
  -------------------------------------------------------------------    -------------------

                         (clock clk_i rise edge)      8.000     8.000 r  
                                                      0.000     8.000 r  clk_i (IN)
                         net (fo=0)                   0.000     8.000    clk_i_IBUF_inst/I
                         INBUF (Prop_INBUF_PAD_O)     0.331     8.331 r  clk_i_IBUF_inst/INBUF_INST/O
                         net (fo=1, unplaced)         0.000     8.331    clk_i_IBUF_inst/OUT
                         IBUFCTRL (Prop_IBUFCTRL_I_O)
                                                      0.000     8.331 r  clk_i_IBUF_inst/IBUFCTRL_INST/O
                         net (fo=2, unplaced)         0.292     8.623    core_clock_gate_i/clk_i_IBUF
                         LUT2 (Prop_LUT2_I0_O)        0.036     8.659 r  core_clock_gate_i/clk_BUFG_inst_i_1/O
                         net (fo=1, unplaced)         0.282     8.941    clk
                         BUFGCE (Prop_BUFGCE_I_O)     0.024     8.965 r  clk_BUFG_inst/O
                         net (fo=5360, unplaced)      2.439    11.404    u_cve2_core/cf_unit_i/u_accum_bram/clk_BUFG
                         RAMB18E2                                     r  u_cve2_core/cf_unit_i/u_accum_bram/bram_high_reg_bram_0/CLKARDCLK
                         clock pessimism              0.485    11.889    
                         clock uncertainty           -0.035    11.854    
                         RAMB18E2 (Setup_RAMB18E2_CLKARDCLK_DINADIN[11])
                                                     -0.246    11.608    u_cve2_core/cf_unit_i/u_accum_bram/bram_high_reg_bram_0
  -------------------------------------------------------------------
                         required time                         11.608    
                         arrival time                         -10.685    
  -------------------------------------------------------------------
                         slack                                  0.923    

Slack (MET) :             1.049ns  (required time - arrival time)
  Source:                 u_cve2_core/cf_unit_i/u_scale_accum0/accumulator_s3_reg[8]/C
                            (rising edge-triggered cell FDCE clocked by clk_i  {rise@0.000ns fall@4.000ns period=8.000ns})
  Destination:            u_cve2_core/cf_unit_i/u_accum_bram/bram_low_reg_bram_0/DINADIN[14]
                            (rising edge-triggered cell RAMB18E2 clocked by clk_i  {rise@0.000ns fall@4.000ns period=8.000ns})
  Path Group:             clk_i
  Path Type:              Setup (Max at Slow Process Corner)
  Requirement:            8.000ns  (clk_i rise@8.000ns - clk_i rise@0.000ns)
  Data Path Delay:        6.502ns  (logic 1.636ns (25.162%)  route 4.866ns (74.839%))
  Logic Levels:           25  (CARRY8=2 LUT3=4 LUT5=6 LUT6=13)
  Clock Path Skew:        -0.145ns (DCD - SCD + CPR)
    Destination Clock Delay (DCD):    3.404ns = ( 11.404 - 8.000 ) 
    Source Clock Delay      (SCD):    4.034ns
    Clock Pessimism Removal (CPR):    0.485ns
  Clock Uncertainty:      0.035ns  ((TSJ^2 + TIJ^2)^1/2 + DJ) / 2 + PE
    Total System Jitter     (TSJ):    0.071ns
    Total Input Jitter      (TIJ):    0.000ns
    Discrete Jitter          (DJ):    0.000ns
    Phase Error              (PE):    0.000ns

    Location             Delay type                Incr(ns)  Path(ns)    Netlist Resource(s)
  -------------------------------------------------------------------    -------------------
                         (clock clk_i rise edge)      0.000     0.000 r  
                                                      0.000     0.000 r  clk_i (IN)
                         net (fo=0)                   0.000     0.000    clk_i_IBUF_inst/I
                         INBUF (Prop_INBUF_PAD_O)     0.582     0.582 r  clk_i_IBUF_inst/INBUF_INST/O
                         net (fo=1, unplaced)         0.000     0.582    clk_i_IBUF_inst/OUT
                         IBUFCTRL (Prop_IBUFCTRL_I_O)
                                                      0.000     0.582 r  clk_i_IBUF_inst/IBUFCTRL_INST/O
                         net (fo=2, unplaced)         0.403     0.985    core_clock_gate_i/clk_i_IBUF
                         LUT2 (Prop_LUT2_I0_O)        0.053     1.038 r  core_clock_gate_i/clk_BUFG_inst_i_1/O
                         net (fo=1, unplaced)         0.384     1.422    clk
                         BUFGCE (Prop_BUFGCE_I_O)     0.028     1.450 r  clk_BUFG_inst/O
                         net (fo=5360, unplaced)      2.584     4.034    u_cve2_core/cf_unit_i/u_scale_accum0/clk_BUFG
                         FDCE                                         r  u_cve2_core/cf_unit_i/u_scale_accum0/accumulator_s3_reg[8]/C
  -------------------------------------------------------------------    -------------------
                         FDCE (Prop_FDCE_C_Q)         0.077     4.111 r  u_cve2_core/cf_unit_i/u_scale_accum0/accumulator_s3_reg[8]/Q
                         net (fo=16, unplaced)        0.198     4.309    u_cve2_core/cf_unit_i/u_scale_accum0/accumulator_s3[8]
                         LUT6 (Prop_LUT6_I0_O)        0.150     4.459 r  u_cve2_core/cf_unit_i/u_scale_accum0/final_exp1_carry_i_33/O
                         net (fo=4, unplaced)         0.198     4.657    u_cve2_core/cf_unit_i/u_scale_accum0/final_exp1_carry_i_33_n_0
                         LUT5 (Prop_LUT5_I2_O)        0.070     4.727 r  u_cve2_core/cf_unit_i/u_scale_accum0/final_exp1_carry_i_29/O
                         net (fo=3, unplaced)         0.192     4.919    u_cve2_core/cf_unit_i/u_scale_accum0/final_exp1_carry_i_29_n_0
                         LUT3 (Prop_LUT3_I1_O)        0.070     4.989 r  u_cve2_core/cf_unit_i/u_scale_accum0/final_exp1_carry_i_17/O
                         net (fo=2, unplaced)         0.186     5.175    u_cve2_core/cf_unit_i/u_scale_accum0/final_exp1_carry_i_17_n_0
                         LUT5 (Prop_LUT5_I2_O)        0.038     5.213 r  u_cve2_core/cf_unit_i/u_scale_accum0/final_exp1_carry_i_9/O
                         net (fo=67, unplaced)        0.262     5.475    u_cve2_core/cf_unit_i/u_scale_accum0/final_exp1_carry_i_9_n_0
                         LUT6 (Prop_LUT6_I5_O)        0.038     5.513 r  u_cve2_core/cf_unit_i/u_scale_accum0/bram_low_reg_bram_0_i_173/O
                         net (fo=9, unplaced)         0.217     5.730    u_cve2_core/cf_unit_i/u_scale_accum0/bram_low_reg_bram_0_i_173_n_0
                         LUT6 (Prop_LUT6_I5_O)        0.038     5.768 r  u_cve2_core/cf_unit_i/u_scale_accum0/bram_low_reg_bram_0_i_179/O
                         net (fo=10, unplaced)        0.219     5.987    u_cve2_core/cf_unit_i/u_scale_accum0/bram_low_reg_bram_0_i_179_n_0
                         LUT6 (Prop_LUT6_I5_O)        0.038     6.025 f  u_cve2_core/cf_unit_i/u_scale_accum0/bram_low_reg_bram_0_i_205/O
                         net (fo=1, unplaced)         0.186     6.211    u_cve2_core/cf_unit_i/u_scale_accum0/bram_low_reg_bram_0_i_205_n_0
                         LUT3 (Prop_LUT3_I0_O)        0.038     6.249 f  u_cve2_core/cf_unit_i/u_scale_accum0/bram_low_reg_bram_0_i_181/O
                         net (fo=2, unplaced)         0.186     6.435    u_cve2_core/cf_unit_i/u_scale_accum0/bram_low_reg_bram_0_i_181_n_0
                         LUT6 (Prop_LUT6_I5_O)        0.038     6.473 r  u_cve2_core/cf_unit_i/u_scale_accum0/bram_low_reg_bram_0_i_186/O
                         net (fo=1, unplaced)         0.186     6.659    u_cve2_core/cf_unit_i/u_scale_accum0/bram_low_reg_bram_0_i_186_n_0
                         LUT3 (Prop_LUT3_I2_O)        0.038     6.697 r  u_cve2_core/cf_unit_i/u_scale_accum0/bram_low_reg_bram_0_i_131/O
                         net (fo=2, unplaced)         0.186     6.883    u_cve2_core/cf_unit_i/u_scale_accum0/u_add/u_fp_adder/bram_low_reg_bram_0_i_86[0]
                         LUT5 (Prop_LUT5_I0_O)        0.037     6.920 r  u_cve2_core/cf_unit_i/u_scale_accum0/u_add/u_fp_adder/bram_low_reg_bram_0_i_137/O
                         net (fo=1, unplaced)         0.032     6.952    u_cve2_core/cf_unit_i/u_scale_accum0/u_add_n_8
                         CARRY8 (Prop_CARRY8_S[3]_O[5])
                                                      0.184     7.136 f  u_cve2_core/cf_unit_i/u_scale_accum0/bram_low_reg_bram_0_i_86/O[5]
                         net (fo=7, unplaced)         0.182     7.318    u_cve2_core/cf_unit_i/u_scale_accum0/bram_low_reg_bram_0_i_86_n_10
                         LUT6 (Prop_LUT6_I0_O)        0.150     7.468 r  u_cve2_core/cf_unit_i/u_scale_accum0/bram_low_reg_bram_0_i_87/O
                         net (fo=3, unplaced)         0.192     7.660    u_cve2_core/cf_unit_i/u_scale_accum0/bram_low_reg_bram_0_i_87_n_0
                         LUT6 (Prop_LUT6_I3_O)        0.038     7.698 f  u_cve2_core/cf_unit_i/u_scale_accum0/final_exp1_carry_i_24/O
                         net (fo=2, unplaced)         0.186     7.884    u_cve2_core/cf_unit_i/u_scale_accum0/final_exp1_carry_i_24_n_0
                         LUT6 (Prop_LUT6_I0_O)        0.038     7.922 f  u_cve2_core/cf_unit_i/u_scale_accum0/final_exp1_carry_i_15/O
                         net (fo=14, unplaced)        0.227     8.149    u_cve2_core/cf_unit_i/u_scale_accum0/final_exp1_carry_i_15_n_0
                         LUT6 (Prop_LUT6_I2_O)        0.038     8.187 r  u_cve2_core/cf_unit_i/u_scale_accum0/final_exp1_carry_i_4/O
                         net (fo=1, unplaced)         0.233     8.420    u_cve2_core/cf_unit_i/u_scale_accum0/u_add/u_fp_adder/DI[0]
                         CARRY8 (Prop_CARRY8_DI[0]_CO[3])
                                                      0.182     8.602 r  u_cve2_core/cf_unit_i/u_scale_accum0/u_add/u_fp_adder/final_exp1_carry/CO[3]
                         net (fo=15, unplaced)        0.133     8.735    u_cve2_core/cf_unit_i/u_scale_accum0/u_add_n_0
                         LUT3 (Prop_LUT3_I1_O)        0.070     8.805 r  u_cve2_core/cf_unit_i/u_scale_accum0/bram_low_reg_bram_0_i_115/O
                         net (fo=6, unplaced)         0.208     9.013    u_cve2_core/cf_unit_i/u_scale_accum0/bram_low_reg_bram_0_i_115_n_0
                         LUT6 (Prop_LUT6_I0_O)        0.038     9.051 r  u_cve2_core/cf_unit_i/u_scale_accum0/bram_low_reg_bram_0_i_119/O
                         net (fo=1, unplaced)         0.186     9.237    u_cve2_core/cf_unit_i/u_scale_accum0/bram_low_reg_bram_0_i_119_n_0
                         LUT5 (Prop_LUT5_I4_O)        0.038     9.275 f  u_cve2_core/cf_unit_i/u_scale_accum0/bram_low_reg_bram_0_i_83/O
                         net (fo=6, unplaced)         0.208     9.483    u_cve2_core/cf_unit_i/u_scale_accum0/bram_low_reg_bram_0_i_83_n_0
                         LUT6 (Prop_LUT6_I3_O)        0.038     9.521 r  u_cve2_core/cf_unit_i/u_scale_accum0/bram_low_reg_bram_0_i_76/O
                         net (fo=2, unplaced)         0.186     9.707    u_cve2_core/cf_unit_i/u_scale_accum0/bram_low_reg_bram_0_i_76_n_0
                         LUT6 (Prop_LUT6_I0_O)        0.038     9.745 f  u_cve2_core/cf_unit_i/u_scale_accum0/bram_low_reg_bram_0_i_64/O
                         net (fo=5, unplaced)         0.204     9.949    u_cve2_core/cf_unit_i/u_scale_accum0/bram_low_reg_bram_0_i_64_n_0
                         LUT6 (Prop_LUT6_I3_O)        0.038     9.987 r  u_cve2_core/cf_unit_i/u_scale_accum0/bram_low_reg_bram_0_i_48/O
                         net (fo=2, unplaced)         0.186    10.173    u_cve2_core/cf_unit_i/u_scale_accum0/bram_low_reg_bram_0_i_48_n_0
                         LUT5 (Prop_LUT5_I2_O)        0.038    10.211 r  u_cve2_core/cf_unit_i/u_scale_accum0/bram_low_reg_bram_0_i_46/O
                         net (fo=1, unplaced)         0.186    10.397    u_cve2_core/cf_unit_i/u_scale_fsm/wr_data_q_reg[14]
                         LUT5 (Prop_LUT5_I0_O)        0.038    10.435 r  u_cve2_core/cf_unit_i/u_scale_fsm/bram_low_reg_bram_0_i_24/O
                         net (fo=2, unplaced)         0.101    10.536    u_cve2_core/cf_unit_i/u_accum_bram/wr_data_q_reg[31]_0[14]
                         RAMB18E2                                     r  u_cve2_core/cf_unit_i/u_accum_bram/bram_low_reg_bram_0/DINADIN[14]
  -------------------------------------------------------------------    -------------------

                         (clock clk_i rise edge)      8.000     8.000 r  
                                                      0.000     8.000 r  clk_i (IN)
                         net (fo=0)                   0.000     8.000    clk_i_IBUF_inst/I
                         INBUF (Prop_INBUF_PAD_O)     0.331     8.331 r  clk_i_IBUF_inst/INBUF_INST/O
                         net (fo=1, unplaced)         0.000     8.331    clk_i_IBUF_inst/OUT
                         IBUFCTRL (Prop_IBUFCTRL_I_O)
                                                      0.000     8.331 r  clk_i_IBUF_inst/IBUFCTRL_INST/O
                         net (fo=2, unplaced)         0.292     8.623    core_clock_gate_i/clk_i_IBUF
                         LUT2 (Prop_LUT2_I0_O)        0.036     8.659 r  core_clock_gate_i/clk_BUFG_inst_i_1/O
                         net (fo=1, unplaced)         0.282     8.941    clk
                         BUFGCE (Prop_BUFGCE_I_O)     0.024     8.965 r  clk_BUFG_inst/O
                         net (fo=5360, unplaced)      2.439    11.404    u_cve2_core/cf_unit_i/u_accum_bram/clk_BUFG
                         RAMB18E2                                     r  u_cve2_core/cf_unit_i/u_accum_bram/bram_low_reg_bram_0/CLKARDCLK
                         clock pessimism              0.485    11.889    
                         clock uncertainty           -0.035    11.854    
                         RAMB18E2 (Setup_RAMB18E2_CLKARDCLK_DINADIN[14])
                                                     -0.269    11.585    u_cve2_core/cf_unit_i/u_accum_bram/bram_low_reg_bram_0
  -------------------------------------------------------------------
                         required time                         11.585    
                         arrival time                         -10.536    
  -------------------------------------------------------------------
                         slack                                  1.049    

Slack (MET) :             1.056ns  (required time - arrival time)
  Source:                 u_cve2_core/cf_unit_i/u_scale_accum1/accumulator_s3_reg[8]/C
                            (rising edge-triggered cell FDCE clocked by clk_i  {rise@0.000ns fall@4.000ns period=8.000ns})
  Destination:            u_cve2_core/cf_unit_i/u_accum_bram/bram_high_reg_bram_0/DINADIN[7]
                            (rising edge-triggered cell RAMB18E2 clocked by clk_i  {rise@0.000ns fall@4.000ns period=8.000ns})
  Path Group:             clk_i
  Path Type:              Setup (Max at Slow Process Corner)
  Requirement:            8.000ns  (clk_i rise@8.000ns - clk_i rise@0.000ns)
  Data Path Delay:        6.507ns  (logic 1.540ns (23.667%)  route 4.967ns (76.333%))
  Logic Levels:           25  (CARRY8=2 LUT3=4 LUT4=2 LUT5=6 LUT6=11)
  Clock Path Skew:        -0.145ns (DCD - SCD + CPR)
    Destination Clock Delay (DCD):    3.404ns = ( 11.404 - 8.000 ) 
    Source Clock Delay      (SCD):    4.034ns
    Clock Pessimism Removal (CPR):    0.485ns
  Clock Uncertainty:      0.035ns  ((TSJ^2 + TIJ^2)^1/2 + DJ) / 2 + PE
    Total System Jitter     (TSJ):    0.071ns
    Total Input Jitter      (TIJ):    0.000ns
    Discrete Jitter          (DJ):    0.000ns
    Phase Error              (PE):    0.000ns

    Location             Delay type                Incr(ns)  Path(ns)    Netlist Resource(s)
  -------------------------------------------------------------------    -------------------
                         (clock clk_i rise edge)      0.000     0.000 r  
                                                      0.000     0.000 r  clk_i (IN)
                         net (fo=0)                   0.000     0.000    clk_i_IBUF_inst/I
                         INBUF (Prop_INBUF_PAD_O)     0.582     0.582 r  clk_i_IBUF_inst/INBUF_INST/O
                         net (fo=1, unplaced)         0.000     0.582    clk_i_IBUF_inst/OUT
                         IBUFCTRL (Prop_IBUFCTRL_I_O)
                                                      0.000     0.582 r  clk_i_IBUF_inst/IBUFCTRL_INST/O
                         net (fo=2, unplaced)         0.403     0.985    core_clock_gate_i/clk_i_IBUF
                         LUT2 (Prop_LUT2_I0_O)        0.053     1.038 r  core_clock_gate_i/clk_BUFG_inst_i_1/O
                         net (fo=1, unplaced)         0.384     1.422    clk
                         BUFGCE (Prop_BUFGCE_I_O)     0.028     1.450 r  clk_BUFG_inst/O
                         net (fo=5360, unplaced)      2.584     4.034    u_cve2_core/cf_unit_i/u_scale_accum1/clk_BUFG
                         FDCE                                         r  u_cve2_core/cf_unit_i/u_scale_accum1/accumulator_s3_reg[8]/C
  -------------------------------------------------------------------    -------------------
                         FDCE (Prop_FDCE_C_Q)         0.077     4.111 r  u_cve2_core/cf_unit_i/u_scale_accum1/accumulator_s3_reg[8]/Q
                         net (fo=16, unplaced)        0.198     4.309    u_cve2_core/cf_unit_i/u_scale_accum1/accumulator_s3[8]
                         LUT6 (Prop_LUT6_I0_O)        0.150     4.459 r  u_cve2_core/cf_unit_i/u_scale_accum1/wr_data_q[31]_i_32/O
                         net (fo=4, unplaced)         0.198     4.657    u_cve2_core/cf_unit_i/u_scale_accum1/wr_data_q[31]_i_32_n_0
                         LUT5 (Prop_LUT5_I2_O)        0.038     4.695 r  u_cve2_core/cf_unit_i/u_scale_accum1/wr_data_q[31]_i_25/O
                         net (fo=3, unplaced)         0.192     4.887    u_cve2_core/cf_unit_i/u_scale_accum1/wr_data_q[31]_i_25_n_0
                         LUT3 (Prop_LUT3_I1_O)        0.038     4.925 r  u_cve2_core/cf_unit_i/u_scale_accum1/wr_data_q[31]_i_12/O
                         net (fo=2, unplaced)         0.186     5.111    u_cve2_core/cf_unit_i/u_scale_accum1/wr_data_q[31]_i_12_n_0
                         LUT5 (Prop_LUT5_I2_O)        0.038     5.149 r  u_cve2_core/cf_unit_i/u_scale_accum1/wr_data_q[31]_i_3/O
                         net (fo=67, unplaced)        0.262     5.411    u_cve2_core/cf_unit_i/u_scale_accum1/wr_data_q[31]_i_3_n_0
                         LUT6 (Prop_LUT6_I5_O)        0.038     5.449 r  u_cve2_core/cf_unit_i/u_scale_accum1/wr_data_q[31]_i_17/O
                         net (fo=9, unplaced)         0.217     5.666    u_cve2_core/cf_unit_i/u_scale_accum1/wr_data_q[31]_i_17_n_0
                         LUT6 (Prop_LUT6_I5_O)        0.038     5.704 r  u_cve2_core/cf_unit_i/u_scale_accum1/wr_data_q[31]_i_23/O
                         net (fo=10, unplaced)        0.219     5.923    u_cve2_core/cf_unit_i/u_scale_accum1/wr_data_q[31]_i_23_n_0
                         LUT6 (Prop_LUT6_I5_O)        0.038     5.961 f  u_cve2_core/cf_unit_i/u_scale_accum1/bram_high_reg_bram_0_i_82/O
                         net (fo=1, unplaced)         0.186     6.147    u_cve2_core/cf_unit_i/u_scale_accum1/bram_high_reg_bram_0_i_82_n_0
                         LUT3 (Prop_LUT3_I0_O)        0.038     6.185 f  u_cve2_core/cf_unit_i/u_scale_accum1/bram_high_reg_bram_0_i_70/O
                         net (fo=2, unplaced)         0.186     6.371    u_cve2_core/cf_unit_i/u_scale_accum1/bram_high_reg_bram_0_i_70_n_0
                         LUT6 (Prop_LUT6_I5_O)        0.038     6.409 r  u_cve2_core/cf_unit_i/u_scale_accum1/bram_high_reg_bram_0_i_75/O
                         net (fo=1, unplaced)         0.186     6.595    u_cve2_core/cf_unit_i/u_scale_accum1/bram_high_reg_bram_0_i_75_n_0
                         LUT3 (Prop_LUT3_I2_O)        0.038     6.633 r  u_cve2_core/cf_unit_i/u_scale_accum1/bram_high_reg_bram_0_i_55/O
                         net (fo=2, unplaced)         0.186     6.819    u_cve2_core/cf_unit_i/u_scale_accum1/u_add/u_fp_adder/bram_high_reg_bram_0_i_32[0]
                         LUT5 (Prop_LUT5_I0_O)        0.037     6.856 r  u_cve2_core/cf_unit_i/u_scale_accum1/u_add/u_fp_adder/bram_high_reg_bram_0_i_61/O
                         net (fo=1, unplaced)         0.032     6.888    u_cve2_core/cf_unit_i/u_scale_accum1/u_add_n_8
                         CARRY8 (Prop_CARRY8_S[3]_O[5])
                                                      0.184     7.072 f  u_cve2_core/cf_unit_i/u_scale_accum1/bram_high_reg_bram_0_i_32/O[5]
                         net (fo=7, unplaced)         0.182     7.254    u_cve2_core/cf_unit_i/u_scale_accum1/bram_high_reg_bram_0_i_32_n_10
                         LUT6 (Prop_LUT6_I0_O)        0.150     7.404 r  u_cve2_core/cf_unit_i/u_scale_accum1/wr_data_q[31]_i_13/O
                         net (fo=3, unplaced)         0.192     7.596    u_cve2_core/cf_unit_i/u_scale_accum1/wr_data_q[31]_i_13_n_0
                         LUT6 (Prop_LUT6_I3_O)        0.038     7.634 f  u_cve2_core/cf_unit_i/u_scale_accum1/final_exp1_carry_i_22__0/O
                         net (fo=2, unplaced)         0.186     7.820    u_cve2_core/cf_unit_i/u_scale_accum1/final_exp1_carry_i_22__0_n_0
                         LUT6 (Prop_LUT6_I0_O)        0.038     7.858 f  u_cve2_core/cf_unit_i/u_scale_accum1/final_exp1_carry_i_14__0/O
                         net (fo=14, unplaced)        0.227     8.085    u_cve2_core/cf_unit_i/u_scale_accum1/final_exp1_carry_i_14__0_n_0
                         LUT6 (Prop_LUT6_I2_O)        0.038     8.123 r  u_cve2_core/cf_unit_i/u_scale_accum1/final_exp1_carry_i_4__0/O
                         net (fo=1, unplaced)         0.233     8.356    u_cve2_core/cf_unit_i/u_scale_accum1/u_add/u_fp_adder/DI[0]
                         CARRY8 (Prop_CARRY8_DI[0]_CO[3])
                                                      0.182     8.538 r  u_cve2_core/cf_unit_i/u_scale_accum1/u_add/u_fp_adder/final_exp1_carry/CO[3]
                         net (fo=15, unplaced)        0.133     8.671    u_cve2_core/cf_unit_i/u_scale_accum1/u_add_n_0
                         LUT3 (Prop_LUT3_I1_O)        0.038     8.709 r  u_cve2_core/cf_unit_i/u_scale_accum1/wr_data_q[17]_i_8/O
                         net (fo=6, unplaced)         0.208     8.917    u_cve2_core/cf_unit_i/u_scale_accum1/wr_data_q[17]_i_8_n_0
                         LUT6 (Prop_LUT6_I0_O)        0.038     8.955 r  u_cve2_core/cf_unit_i/u_scale_accum1/wr_data_q[17]_i_6/O
                         net (fo=1, unplaced)         0.186     9.141    u_cve2_core/cf_unit_i/u_scale_accum1/wr_data_q[17]_i_6_n_0
                         LUT5 (Prop_LUT5_I4_O)        0.038     9.179 f  u_cve2_core/cf_unit_i/u_scale_accum1/wr_data_q[17]_i_3/O
                         net (fo=3, unplaced)         0.192     9.371    u_cve2_core/cf_unit_i/u_scale_accum1/wr_data_q[17]_i_3_n_0
                         LUT5 (Prop_LUT5_I3_O)        0.038     9.409 r  u_cve2_core/cf_unit_i/u_scale_accum1/bram_high_reg_bram_0_i_23/O
                         net (fo=4, unplaced)         0.198     9.607    u_cve2_core/cf_unit_i/u_scale_accum1/bram_high_reg_bram_0_i_23_n_0
                         LUT5 (Prop_LUT5_I3_O)        0.038     9.645 r  u_cve2_core/cf_unit_i/u_scale_accum1/bram_high_reg_bram_0_i_21/O
                         net (fo=7, unplaced)         0.211     9.856    u_cve2_core/cf_unit_i/u_scale_accum1/bram_high_reg_bram_0_i_21_n_0
                         LUT4 (Prop_LUT4_I1_O)        0.038     9.894 r  u_cve2_core/cf_unit_i/u_scale_accum1/wr_data_q[23]_i_2/O
                         net (fo=1, unplaced)         0.186    10.080    u_cve2_core/cf_unit_i/u_scale_accum1/wr_data_q[23]_i_2_n_0
                         LUT6 (Prop_LUT6_I3_O)        0.038    10.118 r  u_cve2_core/cf_unit_i/u_scale_accum1/wr_data_q[23]_i_1/O
                         net (fo=2, unplaced)         0.186    10.304    u_cve2_core/cf_unit_i/u_scale_fsm/bram_high_reg_bram_0[16]
                         LUT4 (Prop_LUT4_I0_O)        0.038    10.342 r  u_cve2_core/cf_unit_i/u_scale_fsm/bram_high_reg_bram_0_i_10/O
                         net (fo=1, unplaced)         0.199    10.541    u_cve2_core/cf_unit_i/u_accum_bram/DINADIN[7]
                         RAMB18E2                                     r  u_cve2_core/cf_unit_i/u_accum_bram/bram_high_reg_bram_0/DINADIN[7]
  -------------------------------------------------------------------    -------------------

                         (clock clk_i rise edge)      8.000     8.000 r  
                                                      0.000     8.000 r  clk_i (IN)
                         net (fo=0)                   0.000     8.000    clk_i_IBUF_inst/I
                         INBUF (Prop_INBUF_PAD_O)     0.331     8.331 r  clk_i_IBUF_inst/INBUF_INST/O
                         net (fo=1, unplaced)         0.000     8.331    clk_i_IBUF_inst/OUT
                         IBUFCTRL (Prop_IBUFCTRL_I_O)
                                                      0.000     8.331 r  clk_i_IBUF_inst/IBUFCTRL_INST/O
                         net (fo=2, unplaced)         0.292     8.623    core_clock_gate_i/clk_i_IBUF
                         LUT2 (Prop_LUT2_I0_O)        0.036     8.659 r  core_clock_gate_i/clk_BUFG_inst_i_1/O
                         net (fo=1, unplaced)         0.282     8.941    clk
                         BUFGCE (Prop_BUFGCE_I_O)     0.024     8.965 r  clk_BUFG_inst/O
                         net (fo=5360, unplaced)      2.439    11.404    u_cve2_core/cf_unit_i/u_accum_bram/clk_BUFG
                         RAMB18E2                                     r  u_cve2_core/cf_unit_i/u_accum_bram/bram_high_reg_bram_0/CLKARDCLK
                         clock pessimism              0.485    11.889    
                         clock uncertainty           -0.035    11.854    
                         RAMB18E2 (Setup_RAMB18E2_CLKARDCLK_DINADIN[7])
                                                     -0.257    11.597    u_cve2_core/cf_unit_i/u_accum_bram/bram_high_reg_bram_0
  -------------------------------------------------------------------
                         required time                         11.597    
                         arrival time                         -10.541    
  -------------------------------------------------------------------
                         slack                                  1.056    

Slack (MET) :             1.063ns  (required time - arrival time)
  Source:                 u_cve2_core/cf_unit_i/u_scale_accum1/accumulator_s3_reg[8]/C
                            (rising edge-triggered cell FDCE clocked by clk_i  {rise@0.000ns fall@4.000ns period=8.000ns})
  Destination:            u_cve2_core/cf_unit_i/u_accum_bram/bram_high_reg_bram_0/DINADIN[8]
                            (rising edge-triggered cell RAMB18E2 clocked by clk_i  {rise@0.000ns fall@4.000ns period=8.000ns})
  Path Group:             clk_i
  Path Type:              Setup (Max at Slow Process Corner)
  Requirement:            8.000ns  (clk_i rise@8.000ns - clk_i rise@0.000ns)
  Data Path Delay:        6.488ns  (logic 1.540ns (23.736%)  route 4.948ns (76.264%))
  Logic Levels:           25  (CARRY8=2 LUT3=4 LUT4=1 LUT5=7 LUT6=11)
  Clock Path Skew:        -0.145ns (DCD - SCD + CPR)
    Destination Clock Delay (DCD):    3.404ns = ( 11.404 - 8.000 ) 
    Source Clock Delay      (SCD):    4.034ns
    Clock Pessimism Removal (CPR):    0.485ns
  Clock Uncertainty:      0.035ns  ((TSJ^2 + TIJ^2)^1/2 + DJ) / 2 + PE
    Total System Jitter     (TSJ):    0.071ns
    Total Input Jitter      (TIJ):    0.000ns
    Discrete Jitter          (DJ):    0.000ns
    Phase Error              (PE):    0.000ns

    Location             Delay type                Incr(ns)  Path(ns)    Netlist Resource(s)
  -------------------------------------------------------------------    -------------------
                         (clock clk_i rise edge)      0.000     0.000 r  
                                                      0.000     0.000 r  clk_i (IN)
                         net (fo=0)                   0.000     0.000    clk_i_IBUF_inst/I
                         INBUF (Prop_INBUF_PAD_O)     0.582     0.582 r  clk_i_IBUF_inst/INBUF_INST/O
                         net (fo=1, unplaced)         0.000     0.582    clk_i_IBUF_inst/OUT
                         IBUFCTRL (Prop_IBUFCTRL_I_O)
                                                      0.000     0.582 r  clk_i_IBUF_inst/IBUFCTRL_INST/O
                         net (fo=2, unplaced)         0.403     0.985    core_clock_gate_i/clk_i_IBUF
                         LUT2 (Prop_LUT2_I0_O)        0.053     1.038 r  core_clock_gate_i/clk_BUFG_inst_i_1/O
                         net (fo=1, unplaced)         0.384     1.422    clk
                         BUFGCE (Prop_BUFGCE_I_O)     0.028     1.450 r  clk_BUFG_inst/O
                         net (fo=5360, unplaced)      2.584     4.034    u_cve2_core/cf_unit_i/u_scale_accum1/clk_BUFG
                         FDCE                                         r  u_cve2_core/cf_unit_i/u_scale_accum1/accumulator_s3_reg[8]/C
  -------------------------------------------------------------------    -------------------
                         FDCE (Prop_FDCE_C_Q)         0.077     4.111 r  u_cve2_core/cf_unit_i/u_scale_accum1/accumulator_s3_reg[8]/Q
                         net (fo=16, unplaced)        0.198     4.309    u_cve2_core/cf_unit_i/u_scale_accum1/accumulator_s3[8]
                         LUT6 (Prop_LUT6_I0_O)        0.150     4.459 r  u_cve2_core/cf_unit_i/u_scale_accum1/wr_data_q[31]_i_32/O
                         net (fo=4, unplaced)         0.198     4.657    u_cve2_core/cf_unit_i/u_scale_accum1/wr_data_q[31]_i_32_n_0
                         LUT5 (Prop_LUT5_I2_O)        0.038     4.695 r  u_cve2_core/cf_unit_i/u_scale_accum1/wr_data_q[31]_i_25/O
                         net (fo=3, unplaced)         0.192     4.887    u_cve2_core/cf_unit_i/u_scale_accum1/wr_data_q[31]_i_25_n_0
                         LUT3 (Prop_LUT3_I1_O)        0.038     4.925 r  u_cve2_core/cf_unit_i/u_scale_accum1/wr_data_q[31]_i_12/O
                         net (fo=2, unplaced)         0.186     5.111    u_cve2_core/cf_unit_i/u_scale_accum1/wr_data_q[31]_i_12_n_0
                         LUT5 (Prop_LUT5_I2_O)        0.038     5.149 r  u_cve2_core/cf_unit_i/u_scale_accum1/wr_data_q[31]_i_3/O
                         net (fo=67, unplaced)        0.262     5.411    u_cve2_core/cf_unit_i/u_scale_accum1/wr_data_q[31]_i_3_n_0
                         LUT6 (Prop_LUT6_I5_O)        0.038     5.449 r  u_cve2_core/cf_unit_i/u_scale_accum1/wr_data_q[31]_i_17/O
                         net (fo=9, unplaced)         0.217     5.666    u_cve2_core/cf_unit_i/u_scale_accum1/wr_data_q[31]_i_17_n_0
                         LUT6 (Prop_LUT6_I5_O)        0.038     5.704 r  u_cve2_core/cf_unit_i/u_scale_accum1/wr_data_q[31]_i_23/O
                         net (fo=10, unplaced)        0.219     5.923    u_cve2_core/cf_unit_i/u_scale_accum1/wr_data_q[31]_i_23_n_0
                         LUT6 (Prop_LUT6_I5_O)        0.038     5.961 f  u_cve2_core/cf_unit_i/u_scale_accum1/bram_high_reg_bram_0_i_82/O
                         net (fo=1, unplaced)         0.186     6.147    u_cve2_core/cf_unit_i/u_scale_accum1/bram_high_reg_bram_0_i_82_n_0
                         LUT3 (Prop_LUT3_I0_O)        0.038     6.185 f  u_cve2_core/cf_unit_i/u_scale_accum1/bram_high_reg_bram_0_i_70/O
                         net (fo=2, unplaced)         0.186     6.371    u_cve2_core/cf_unit_i/u_scale_accum1/bram_high_reg_bram_0_i_70_n_0
                         LUT6 (Prop_LUT6_I5_O)        0.038     6.409 r  u_cve2_core/cf_unit_i/u_scale_accum1/bram_high_reg_bram_0_i_75/O
                         net (fo=1, unplaced)         0.186     6.595    u_cve2_core/cf_unit_i/u_scale_accum1/bram_high_reg_bram_0_i_75_n_0
                         LUT3 (Prop_LUT3_I2_O)        0.038     6.633 r  u_cve2_core/cf_unit_i/u_scale_accum1/bram_high_reg_bram_0_i_55/O
                         net (fo=2, unplaced)         0.186     6.819    u_cve2_core/cf_unit_i/u_scale_accum1/u_add/u_fp_adder/bram_high_reg_bram_0_i_32[0]
                         LUT5 (Prop_LUT5_I0_O)        0.037     6.856 r  u_cve2_core/cf_unit_i/u_scale_accum1/u_add/u_fp_adder/bram_high_reg_bram_0_i_61/O
                         net (fo=1, unplaced)         0.032     6.888    u_cve2_core/cf_unit_i/u_scale_accum1/u_add_n_8
                         CARRY8 (Prop_CARRY8_S[3]_O[5])
                                                      0.184     7.072 f  u_cve2_core/cf_unit_i/u_scale_accum1/bram_high_reg_bram_0_i_32/O[5]
                         net (fo=7, unplaced)         0.182     7.254    u_cve2_core/cf_unit_i/u_scale_accum1/bram_high_reg_bram_0_i_32_n_10
                         LUT6 (Prop_LUT6_I0_O)        0.150     7.404 r  u_cve2_core/cf_unit_i/u_scale_accum1/wr_data_q[31]_i_13/O
                         net (fo=3, unplaced)         0.192     7.596    u_cve2_core/cf_unit_i/u_scale_accum1/wr_data_q[31]_i_13_n_0
                         LUT6 (Prop_LUT6_I3_O)        0.038     7.634 r  u_cve2_core/cf_unit_i/u_scale_accum1/final_exp1_carry_i_22__0/O
                         net (fo=2, unplaced)         0.186     7.820    u_cve2_core/cf_unit_i/u_scale_accum1/final_exp1_carry_i_22__0_n_0
                         LUT6 (Prop_LUT6_I0_O)        0.038     7.858 r  u_cve2_core/cf_unit_i/u_scale_accum1/final_exp1_carry_i_14__0/O
                         net (fo=14, unplaced)        0.227     8.085    u_cve2_core/cf_unit_i/u_scale_accum1/final_exp1_carry_i_14__0_n_0
                         LUT6 (Prop_LUT6_I2_O)        0.038     8.123 f  u_cve2_core/cf_unit_i/u_scale_accum1/final_exp1_carry_i_4__0/O
                         net (fo=1, unplaced)         0.233     8.356    u_cve2_core/cf_unit_i/u_scale_accum1/u_add/u_fp_adder/DI[0]
                         CARRY8 (Prop_CARRY8_DI[0]_CO[3])
                                                      0.182     8.538 f  u_cve2_core/cf_unit_i/u_scale_accum1/u_add/u_fp_adder/final_exp1_carry/CO[3]
                         net (fo=15, unplaced)        0.133     8.671    u_cve2_core/cf_unit_i/u_scale_accum1/u_add_n_0
                         LUT3 (Prop_LUT3_I1_O)        0.038     8.709 f  u_cve2_core/cf_unit_i/u_scale_accum1/wr_data_q[17]_i_8/O
                         net (fo=6, unplaced)         0.208     8.917    u_cve2_core/cf_unit_i/u_scale_accum1/wr_data_q[17]_i_8_n_0
                         LUT6 (Prop_LUT6_I0_O)        0.038     8.955 f  u_cve2_core/cf_unit_i/u_scale_accum1/wr_data_q[17]_i_6/O
                         net (fo=1, unplaced)         0.186     9.141    u_cve2_core/cf_unit_i/u_scale_accum1/wr_data_q[17]_i_6_n_0
                         LUT5 (Prop_LUT5_I4_O)        0.038     9.179 r  u_cve2_core/cf_unit_i/u_scale_accum1/wr_data_q[17]_i_3/O
                         net (fo=3, unplaced)         0.192     9.371    u_cve2_core/cf_unit_i/u_scale_accum1/wr_data_q[17]_i_3_n_0
                         LUT5 (Prop_LUT5_I3_O)        0.038     9.409 f  u_cve2_core/cf_unit_i/u_scale_accum1/bram_high_reg_bram_0_i_23/O
                         net (fo=4, unplaced)         0.198     9.607    u_cve2_core/cf_unit_i/u_scale_accum1/bram_high_reg_bram_0_i_23_n_0
                         LUT5 (Prop_LUT5_I3_O)        0.038     9.645 f  u_cve2_core/cf_unit_i/u_scale_accum1/bram_high_reg_bram_0_i_21/O
                         net (fo=7, unplaced)         0.211     9.856    u_cve2_core/cf_unit_i/u_scale_accum1/bram_high_reg_bram_0_i_21_n_0
                         LUT5 (Prop_LUT5_I3_O)        0.038     9.894 r  u_cve2_core/cf_unit_i/u_scale_accum1/wr_data_q[24]_i_2/O
                         net (fo=5, unplaced)         0.204    10.098    u_cve2_core/cf_unit_i/u_scale_accum1/wr_data_q[24]_i_2_n_0
                         LUT6 (Prop_LUT6_I3_O)        0.038    10.136 r  u_cve2_core/cf_unit_i/u_scale_accum1/wr_data_q[24]_i_1/O
                         net (fo=2, unplaced)         0.186    10.322    u_cve2_core/cf_unit_i/u_scale_fsm/bram_high_reg_bram_0[17]
                         LUT4 (Prop_LUT4_I0_O)        0.038    10.360 r  u_cve2_core/cf_unit_i/u_scale_fsm/bram_high_reg_bram_0_i_9/O
                         net (fo=1, unplaced)         0.162    10.522    u_cve2_core/cf_unit_i/u_accum_bram/DINADIN[8]
                         RAMB18E2                                     r  u_cve2_core/cf_unit_i/u_accum_bram/bram_high_reg_bram_0/DINADIN[8]
  -------------------------------------------------------------------    -------------------

                         (clock clk_i rise edge)      8.000     8.000 r  
                                                      0.000     8.000 r  clk_i (IN)
                         net (fo=0)                   0.000     8.000    clk_i_IBUF_inst/I
                         INBUF (Prop_INBUF_PAD_O)     0.331     8.331 r  clk_i_IBUF_inst/INBUF_INST/O
                         net (fo=1, unplaced)         0.000     8.331    clk_i_IBUF_inst/OUT
                         IBUFCTRL (Prop_IBUFCTRL_I_O)
                                                      0.000     8.331 r  clk_i_IBUF_inst/IBUFCTRL_INST/O
                         net (fo=2, unplaced)         0.292     8.623    core_clock_gate_i/clk_i_IBUF
                         LUT2 (Prop_LUT2_I0_O)        0.036     8.659 r  core_clock_gate_i/clk_BUFG_inst_i_1/O
                         net (fo=1, unplaced)         0.282     8.941    clk
                         BUFGCE (Prop_BUFGCE_I_O)     0.024     8.965 r  clk_BUFG_inst/O
                         net (fo=5360, unplaced)      2.439    11.404    u_cve2_core/cf_unit_i/u_accum_bram/clk_BUFG
                         RAMB18E2                                     r  u_cve2_core/cf_unit_i/u_accum_bram/bram_high_reg_bram_0/CLKARDCLK
                         clock pessimism              0.485    11.889    
                         clock uncertainty           -0.035    11.854    
                         RAMB18E2 (Setup_RAMB18E2_CLKARDCLK_DINADIN[8])
                                                     -0.269    11.585    u_cve2_core/cf_unit_i/u_accum_bram/bram_high_reg_bram_0
  -------------------------------------------------------------------
                         required time                         11.585    
                         arrival time                         -10.522    
  -------------------------------------------------------------------
                         slack                                  1.063    

Slack (MET) :             1.170ns  (required time - arrival time)
  Source:                 u_cve2_core/cf_unit_i/u_scale_accum1/accumulator_s3_reg[8]/C
                            (rising edge-triggered cell FDCE clocked by clk_i  {rise@0.000ns fall@4.000ns period=8.000ns})
  Destination:            u_cve2_core/cf_unit_i/u_accum_bram/bram_high_reg_bram_0/DINADIN[9]
                            (rising edge-triggered cell RAMB18E2 clocked by clk_i  {rise@0.000ns fall@4.000ns period=8.000ns})
  Path Group:             clk_i
  Path Type:              Setup (Max at Slow Process Corner)
  Requirement:            8.000ns  (clk_i rise@8.000ns - clk_i rise@0.000ns)
  Data Path Delay:        6.414ns  (logic 1.540ns (24.010%)  route 4.874ns (75.990%))
  Logic Levels:           25  (CARRY8=2 LUT3=4 LUT4=1 LUT5=6 LUT6=12)
  Clock Path Skew:        -0.145ns (DCD - SCD + CPR)
    Destination Clock Delay (DCD):    3.404ns = ( 11.404 - 8.000 ) 
    Source Clock Delay      (SCD):    4.034ns
    Clock Pessimism Removal (CPR):    0.485ns
  Clock Uncertainty:      0.035ns  ((TSJ^2 + TIJ^2)^1/2 + DJ) / 2 + PE
    Total System Jitter     (TSJ):    0.071ns
    Total Input Jitter      (TIJ):    0.000ns
    Discrete Jitter          (DJ):    0.000ns
    Phase Error              (PE):    0.000ns

    Location             Delay type                Incr(ns)  Path(ns)    Netlist Resource(s)
  -------------------------------------------------------------------    -------------------
                         (clock clk_i rise edge)      0.000     0.000 r  
                                                      0.000     0.000 r  clk_i (IN)
                         net (fo=0)                   0.000     0.000    clk_i_IBUF_inst/I
                         INBUF (Prop_INBUF_PAD_O)     0.582     0.582 r  clk_i_IBUF_inst/INBUF_INST/O
                         net (fo=1, unplaced)         0.000     0.582    clk_i_IBUF_inst/OUT
                         IBUFCTRL (Prop_IBUFCTRL_I_O)
                                                      0.000     0.582 r  clk_i_IBUF_inst/IBUFCTRL_INST/O
                         net (fo=2, unplaced)         0.403     0.985    core_clock_gate_i/clk_i_IBUF
                         LUT2 (Prop_LUT2_I0_O)        0.053     1.038 r  core_clock_gate_i/clk_BUFG_inst_i_1/O
                         net (fo=1, unplaced)         0.384     1.422    clk
                         BUFGCE (Prop_BUFGCE_I_O)     0.028     1.450 r  clk_BUFG_inst/O
                         net (fo=5360, unplaced)      2.584     4.034    u_cve2_core/cf_unit_i/u_scale_accum1/clk_BUFG
                         FDCE                                         r  u_cve2_core/cf_unit_i/u_scale_accum1/accumulator_s3_reg[8]/C
  -------------------------------------------------------------------    -------------------
                         FDCE (Prop_FDCE_C_Q)         0.077     4.111 r  u_cve2_core/cf_unit_i/u_scale_accum1/accumulator_s3_reg[8]/Q
                         net (fo=16, unplaced)        0.198     4.309    u_cve2_core/cf_unit_i/u_scale_accum1/accumulator_s3[8]
                         LUT6 (Prop_LUT6_I0_O)        0.150     4.459 r  u_cve2_core/cf_unit_i/u_scale_accum1/wr_data_q[31]_i_32/O
                         net (fo=4, unplaced)         0.198     4.657    u_cve2_core/cf_unit_i/u_scale_accum1/wr_data_q[31]_i_32_n_0
                         LUT5 (Prop_LUT5_I2_O)        0.038     4.695 r  u_cve2_core/cf_unit_i/u_scale_accum1/wr_data_q[31]_i_25/O
                         net (fo=3, unplaced)         0.192     4.887    u_cve2_core/cf_unit_i/u_scale_accum1/wr_data_q[31]_i_25_n_0
                         LUT3 (Prop_LUT3_I1_O)        0.038     4.925 r  u_cve2_core/cf_unit_i/u_scale_accum1/wr_data_q[31]_i_12/O
                         net (fo=2, unplaced)         0.186     5.111    u_cve2_core/cf_unit_i/u_scale_accum1/wr_data_q[31]_i_12_n_0
                         LUT5 (Prop_LUT5_I2_O)        0.038     5.149 r  u_cve2_core/cf_unit_i/u_scale_accum1/wr_data_q[31]_i_3/O
                         net (fo=67, unplaced)        0.262     5.411    u_cve2_core/cf_unit_i/u_scale_accum1/wr_data_q[31]_i_3_n_0
                         LUT6 (Prop_LUT6_I5_O)        0.038     5.449 r  u_cve2_core/cf_unit_i/u_scale_accum1/wr_data_q[31]_i_17/O
                         net (fo=9, unplaced)         0.217     5.666    u_cve2_core/cf_unit_i/u_scale_accum1/wr_data_q[31]_i_17_n_0
                         LUT6 (Prop_LUT6_I5_O)        0.038     5.704 r  u_cve2_core/cf_unit_i/u_scale_accum1/wr_data_q[31]_i_23/O
                         net (fo=10, unplaced)        0.219     5.923    u_cve2_core/cf_unit_i/u_scale_accum1/wr_data_q[31]_i_23_n_0
                         LUT6 (Prop_LUT6_I5_O)        0.038     5.961 f  u_cve2_core/cf_unit_i/u_scale_accum1/bram_high_reg_bram_0_i_82/O
                         net (fo=1, unplaced)         0.186     6.147    u_cve2_core/cf_unit_i/u_scale_accum1/bram_high_reg_bram_0_i_82_n_0
                         LUT3 (Prop_LUT3_I0_O)        0.038     6.185 f  u_cve2_core/cf_unit_i/u_scale_accum1/bram_high_reg_bram_0_i_70/O
                         net (fo=2, unplaced)         0.186     6.371    u_cve2_core/cf_unit_i/u_scale_accum1/bram_high_reg_bram_0_i_70_n_0
                         LUT6 (Prop_LUT6_I5_O)        0.038     6.409 r  u_cve2_core/cf_unit_i/u_scale_accum1/bram_high_reg_bram_0_i_75/O
                         net (fo=1, unplaced)         0.186     6.595    u_cve2_core/cf_unit_i/u_scale_accum1/bram_high_reg_bram_0_i_75_n_0
                         LUT3 (Prop_LUT3_I2_O)        0.038     6.633 r  u_cve2_core/cf_unit_i/u_scale_accum1/bram_high_reg_bram_0_i_55/O
                         net (fo=2, unplaced)         0.186     6.819    u_cve2_core/cf_unit_i/u_scale_accum1/u_add/u_fp_adder/bram_high_reg_bram_0_i_32[0]
                         LUT5 (Prop_LUT5_I0_O)        0.037     6.856 r  u_cve2_core/cf_unit_i/u_scale_accum1/u_add/u_fp_adder/bram_high_reg_bram_0_i_61/O
                         net (fo=1, unplaced)         0.032     6.888    u_cve2_core/cf_unit_i/u_scale_accum1/u_add_n_8
                         CARRY8 (Prop_CARRY8_S[3]_O[5])
                                                      0.184     7.072 f  u_cve2_core/cf_unit_i/u_scale_accum1/bram_high_reg_bram_0_i_32/O[5]
                         net (fo=7, unplaced)         0.182     7.254    u_cve2_core/cf_unit_i/u_scale_accum1/bram_high_reg_bram_0_i_32_n_10
                         LUT6 (Prop_LUT6_I0_O)        0.150     7.404 r  u_cve2_core/cf_unit_i/u_scale_accum1/wr_data_q[31]_i_13/O
                         net (fo=3, unplaced)         0.192     7.596    u_cve2_core/cf_unit_i/u_scale_accum1/wr_data_q[31]_i_13_n_0
                         LUT6 (Prop_LUT6_I3_O)        0.038     7.634 r  u_cve2_core/cf_unit_i/u_scale_accum1/final_exp1_carry_i_22__0/O
                         net (fo=2, unplaced)         0.186     7.820    u_cve2_core/cf_unit_i/u_scale_accum1/final_exp1_carry_i_22__0_n_0
                         LUT6 (Prop_LUT6_I0_O)        0.038     7.858 r  u_cve2_core/cf_unit_i/u_scale_accum1/final_exp1_carry_i_14__0/O
                         net (fo=14, unplaced)        0.227     8.085    u_cve2_core/cf_unit_i/u_scale_accum1/final_exp1_carry_i_14__0_n_0
                         LUT6 (Prop_LUT6_I2_O)        0.038     8.123 f  u_cve2_core/cf_unit_i/u_scale_accum1/final_exp1_carry_i_4__0/O
                         net (fo=1, unplaced)         0.233     8.356    u_cve2_core/cf_unit_i/u_scale_accum1/u_add/u_fp_adder/DI[0]
                         CARRY8 (Prop_CARRY8_DI[0]_CO[3])
                                                      0.182     8.538 f  u_cve2_core/cf_unit_i/u_scale_accum1/u_add/u_fp_adder/final_exp1_carry/CO[3]
                         net (fo=15, unplaced)        0.133     8.671    u_cve2_core/cf_unit_i/u_scale_accum1/u_add_n_0
                         LUT3 (Prop_LUT3_I1_O)        0.038     8.709 f  u_cve2_core/cf_unit_i/u_scale_accum1/wr_data_q[17]_i_8/O
                         net (fo=6, unplaced)         0.208     8.917    u_cve2_core/cf_unit_i/u_scale_accum1/wr_data_q[17]_i_8_n_0
                         LUT6 (Prop_LUT6_I0_O)        0.038     8.955 f  u_cve2_core/cf_unit_i/u_scale_accum1/wr_data_q[17]_i_6/O
                         net (fo=1, unplaced)         0.186     9.141    u_cve2_core/cf_unit_i/u_scale_accum1/wr_data_q[17]_i_6_n_0
                         LUT5 (Prop_LUT5_I4_O)        0.038     9.179 r  u_cve2_core/cf_unit_i/u_scale_accum1/wr_data_q[17]_i_3/O
                         net (fo=3, unplaced)         0.192     9.371    u_cve2_core/cf_unit_i/u_scale_accum1/wr_data_q[17]_i_3_n_0
                         LUT5 (Prop_LUT5_I3_O)        0.038     9.409 f  u_cve2_core/cf_unit_i/u_scale_accum1/bram_high_reg_bram_0_i_23/O
                         net (fo=4, unplaced)         0.198     9.607    u_cve2_core/cf_unit_i/u_scale_accum1/bram_high_reg_bram_0_i_23_n_0
                         LUT5 (Prop_LUT5_I3_O)        0.038     9.645 f  u_cve2_core/cf_unit_i/u_scale_accum1/bram_high_reg_bram_0_i_21/O
                         net (fo=7, unplaced)         0.211     9.856    u_cve2_core/cf_unit_i/u_scale_accum1/bram_high_reg_bram_0_i_21_n_0
                         LUT6 (Prop_LUT6_I3_O)        0.038     9.894 r  u_cve2_core/cf_unit_i/u_scale_accum1/wr_data_q[25]_i_2/O
                         net (fo=1, unplaced)         0.186    10.080    u_cve2_core/cf_unit_i/u_scale_accum1/wr_data_q[25]_i_2_n_0
                         LUT6 (Prop_LUT6_I3_O)        0.038    10.118 r  u_cve2_core/cf_unit_i/u_scale_accum1/wr_data_q[25]_i_1/O
                         net (fo=2, unplaced)         0.186    10.304    u_cve2_core/cf_unit_i/u_scale_fsm/bram_high_reg_bram_0[18]
                         LUT4 (Prop_LUT4_I0_O)        0.038    10.342 r  u_cve2_core/cf_unit_i/u_scale_fsm/bram_high_reg_bram_0_i_8/O
                         net (fo=1, unplaced)         0.106    10.448    u_cve2_core/cf_unit_i/u_accum_bram/DINADIN[9]
                         RAMB18E2                                     r  u_cve2_core/cf_unit_i/u_accum_bram/bram_high_reg_bram_0/DINADIN[9]
  -------------------------------------------------------------------    -------------------

                         (clock clk_i rise edge)      8.000     8.000 r  
                                                      0.000     8.000 r  clk_i (IN)
                         net (fo=0)                   0.000     8.000    clk_i_IBUF_inst/I
                         INBUF (Prop_INBUF_PAD_O)     0.331     8.331 r  clk_i_IBUF_inst/INBUF_INST/O
                         net (fo=1, unplaced)         0.000     8.331    clk_i_IBUF_inst/OUT
                         IBUFCTRL (Prop_IBUFCTRL_I_O)
                                                      0.000     8.331 r  clk_i_IBUF_inst/IBUFCTRL_INST/O
                         net (fo=2, unplaced)         0.292     8.623    core_clock_gate_i/clk_i_IBUF
                         LUT2 (Prop_LUT2_I0_O)        0.036     8.659 r  core_clock_gate_i/clk_BUFG_inst_i_1/O
                         net (fo=1, unplaced)         0.282     8.941    clk
                         BUFGCE (Prop_BUFGCE_I_O)     0.024     8.965 r  clk_BUFG_inst/O
                         net (fo=5360, unplaced)      2.439    11.404    u_cve2_core/cf_unit_i/u_accum_bram/clk_BUFG
                         RAMB18E2                                     r  u_cve2_core/cf_unit_i/u_accum_bram/bram_high_reg_bram_0/CLKARDCLK
                         clock pessimism              0.485    11.889    
                         clock uncertainty           -0.035    11.854    
                         RAMB18E2 (Setup_RAMB18E2_CLKARDCLK_DINADIN[9])
                                                     -0.236    11.618    u_cve2_core/cf_unit_i/u_accum_bram/bram_high_reg_bram_0
  -------------------------------------------------------------------
                         required time                         11.618    
                         arrival time                         -10.448    
  -------------------------------------------------------------------
                         slack                                  1.170    

Slack (MET) :             1.258ns  (required time - arrival time)
  Source:                 u_cve2_core/cf_unit_i/u_scale_accum0/accumulator_s3_reg[8]/C
                            (rising edge-triggered cell FDCE clocked by clk_i  {rise@0.000ns fall@4.000ns period=8.000ns})
  Destination:            u_cve2_core/cf_unit_i/u_accum_bram/bram_low_reg_bram_0/DINADIN[11]
                            (rising edge-triggered cell RAMB18E2 clocked by clk_i  {rise@0.000ns fall@4.000ns period=8.000ns})
  Path Group:             clk_i
  Path Type:              Setup (Max at Slow Process Corner)
  Requirement:            8.000ns  (clk_i rise@8.000ns - clk_i rise@0.000ns)
  Data Path Delay:        6.316ns  (logic 1.630ns (25.807%)  route 4.686ns (74.193%))
  Logic Levels:           24  (CARRY8=2 LUT3=4 LUT4=1 LUT5=4 LUT6=13)
  Clock Path Skew:        -0.145ns (DCD - SCD + CPR)
    Destination Clock Delay (DCD):    3.404ns = ( 11.404 - 8.000 ) 
    Source Clock Delay      (SCD):    4.034ns
    Clock Pessimism Removal (CPR):    0.485ns
  Clock Uncertainty:      0.035ns  ((TSJ^2 + TIJ^2)^1/2 + DJ) / 2 + PE
    Total System Jitter     (TSJ):    0.071ns
    Total Input Jitter      (TIJ):    0.000ns
    Discrete Jitter          (DJ):    0.000ns
    Phase Error              (PE):    0.000ns

    Location             Delay type                Incr(ns)  Path(ns)    Netlist Resource(s)
  -------------------------------------------------------------------    -------------------
                         (clock clk_i rise edge)      0.000     0.000 r  
                                                      0.000     0.000 r  clk_i (IN)
                         net (fo=0)                   0.000     0.000    clk_i_IBUF_inst/I
                         INBUF (Prop_INBUF_PAD_O)     0.582     0.582 r  clk_i_IBUF_inst/INBUF_INST/O
                         net (fo=1, unplaced)         0.000     0.582    clk_i_IBUF_inst/OUT
                         IBUFCTRL (Prop_IBUFCTRL_I_O)
                                                      0.000     0.582 r  clk_i_IBUF_inst/IBUFCTRL_INST/O
                         net (fo=2, unplaced)         0.403     0.985    core_clock_gate_i/clk_i_IBUF
                         LUT2 (Prop_LUT2_I0_O)        0.053     1.038 r  core_clock_gate_i/clk_BUFG_inst_i_1/O
                         net (fo=1, unplaced)         0.384     1.422    clk
                         BUFGCE (Prop_BUFGCE_I_O)     0.028     1.450 r  clk_BUFG_inst/O
                         net (fo=5360, unplaced)      2.584     4.034    u_cve2_core/cf_unit_i/u_scale_accum0/clk_BUFG
                         FDCE                                         r  u_cve2_core/cf_unit_i/u_scale_accum0/accumulator_s3_reg[8]/C
  -------------------------------------------------------------------    -------------------
                         FDCE (Prop_FDCE_C_Q)         0.077     4.111 r  u_cve2_core/cf_unit_i/u_scale_accum0/accumulator_s3_reg[8]/Q
                         net (fo=16, unplaced)        0.198     4.309    u_cve2_core/cf_unit_i/u_scale_accum0/accumulator_s3[8]
                         LUT6 (Prop_LUT6_I0_O)        0.150     4.459 r  u_cve2_core/cf_unit_i/u_scale_accum0/final_exp1_carry_i_33/O
                         net (fo=4, unplaced)         0.198     4.657    u_cve2_core/cf_unit_i/u_scale_accum0/final_exp1_carry_i_33_n_0
                         LUT5 (Prop_LUT5_I2_O)        0.070     4.727 r  u_cve2_core/cf_unit_i/u_scale_accum0/final_exp1_carry_i_29/O
                         net (fo=3, unplaced)         0.192     4.919    u_cve2_core/cf_unit_i/u_scale_accum0/final_exp1_carry_i_29_n_0
                         LUT3 (Prop_LUT3_I1_O)        0.070     4.989 r  u_cve2_core/cf_unit_i/u_scale_accum0/final_exp1_carry_i_17/O
                         net (fo=2, unplaced)         0.186     5.175    u_cve2_core/cf_unit_i/u_scale_accum0/final_exp1_carry_i_17_n_0
                         LUT5 (Prop_LUT5_I2_O)        0.038     5.213 r  u_cve2_core/cf_unit_i/u_scale_accum0/final_exp1_carry_i_9/O
                         net (fo=67, unplaced)        0.262     5.475    u_cve2_core/cf_unit_i/u_scale_accum0/final_exp1_carry_i_9_n_0
                         LUT6 (Prop_LUT6_I5_O)        0.038     5.513 r  u_cve2_core/cf_unit_i/u_scale_accum0/bram_low_reg_bram_0_i_173/O
                         net (fo=9, unplaced)         0.217     5.730    u_cve2_core/cf_unit_i/u_scale_accum0/bram_low_reg_bram_0_i_173_n_0
                         LUT6 (Prop_LUT6_I5_O)        0.038     5.768 r  u_cve2_core/cf_unit_i/u_scale_accum0/bram_low_reg_bram_0_i_179/O
                         net (fo=10, unplaced)        0.219     5.987    u_cve2_core/cf_unit_i/u_scale_accum0/bram_low_reg_bram_0_i_179_n_0
                         LUT6 (Prop_LUT6_I5_O)        0.038     6.025 f  u_cve2_core/cf_unit_i/u_scale_accum0/bram_low_reg_bram_0_i_205/O
                         net (fo=1, unplaced)         0.186     6.211    u_cve2_core/cf_unit_i/u_scale_accum0/bram_low_reg_bram_0_i_205_n_0
                         LUT3 (Prop_LUT3_I0_O)        0.038     6.249 f  u_cve2_core/cf_unit_i/u_scale_accum0/bram_low_reg_bram_0_i_181/O
                         net (fo=2, unplaced)         0.186     6.435    u_cve2_core/cf_unit_i/u_scale_accum0/bram_low_reg_bram_0_i_181_n_0
                         LUT6 (Prop_LUT6_I5_O)        0.038     6.473 r  u_cve2_core/cf_unit_i/u_scale_accum0/bram_low_reg_bram_0_i_186/O
                         net (fo=1, unplaced)         0.186     6.659    u_cve2_core/cf_unit_i/u_scale_accum0/bram_low_reg_bram_0_i_186_n_0
                         LUT3 (Prop_LUT3_I2_O)        0.038     6.697 r  u_cve2_core/cf_unit_i/u_scale_accum0/bram_low_reg_bram_0_i_131/O
                         net (fo=2, unplaced)         0.186     6.883    u_cve2_core/cf_unit_i/u_scale_accum0/u_add/u_fp_adder/bram_low_reg_bram_0_i_86[0]
                         LUT5 (Prop_LUT5_I0_O)        0.037     6.920 r  u_cve2_core/cf_unit_i/u_scale_accum0/u_add/u_fp_adder/bram_low_reg_bram_0_i_137/O
                         net (fo=1, unplaced)         0.032     6.952    u_cve2_core/cf_unit_i/u_scale_accum0/u_add_n_8
                         CARRY8 (Prop_CARRY8_S[3]_O[5])
                                                      0.184     7.136 f  u_cve2_core/cf_unit_i/u_scale_accum0/bram_low_reg_bram_0_i_86/O[5]
                         net (fo=7, unplaced)         0.182     7.318    u_cve2_core/cf_unit_i/u_scale_accum0/bram_low_reg_bram_0_i_86_n_10
                         LUT6 (Prop_LUT6_I0_O)        0.150     7.468 r  u_cve2_core/cf_unit_i/u_scale_accum0/bram_low_reg_bram_0_i_87/O
                         net (fo=3, unplaced)         0.192     7.660    u_cve2_core/cf_unit_i/u_scale_accum0/bram_low_reg_bram_0_i_87_n_0
                         LUT6 (Prop_LUT6_I3_O)        0.038     7.698 r  u_cve2_core/cf_unit_i/u_scale_accum0/final_exp1_carry_i_24/O
                         net (fo=2, unplaced)         0.186     7.884    u_cve2_core/cf_unit_i/u_scale_accum0/final_exp1_carry_i_24_n_0
                         LUT6 (Prop_LUT6_I0_O)        0.038     7.922 r  u_cve2_core/cf_unit_i/u_scale_accum0/final_exp1_carry_i_15/O
                         net (fo=14, unplaced)        0.227     8.149    u_cve2_core/cf_unit_i/u_scale_accum0/final_exp1_carry_i_15_n_0
                         LUT6 (Prop_LUT6_I2_O)        0.038     8.187 f  u_cve2_core/cf_unit_i/u_scale_accum0/final_exp1_carry_i_4/O
                         net (fo=1, unplaced)         0.233     8.420    u_cve2_core/cf_unit_i/u_scale_accum0/u_add/u_fp_adder/DI[0]
                         CARRY8 (Prop_CARRY8_DI[0]_CO[3])
                                                      0.182     8.602 f  u_cve2_core/cf_unit_i/u_scale_accum0/u_add/u_fp_adder/final_exp1_carry/CO[3]
                         net (fo=15, unplaced)        0.133     8.735    u_cve2_core/cf_unit_i/u_scale_accum0/u_add_n_0
                         LUT3 (Prop_LUT3_I1_O)        0.070     8.805 f  u_cve2_core/cf_unit_i/u_scale_accum0/bram_low_reg_bram_0_i_115/O
                         net (fo=6, unplaced)         0.208     9.013    u_cve2_core/cf_unit_i/u_scale_accum0/bram_low_reg_bram_0_i_115_n_0
                         LUT6 (Prop_LUT6_I0_O)        0.038     9.051 f  u_cve2_core/cf_unit_i/u_scale_accum0/bram_low_reg_bram_0_i_119/O
                         net (fo=1, unplaced)         0.186     9.237    u_cve2_core/cf_unit_i/u_scale_accum0/bram_low_reg_bram_0_i_119_n_0
                         LUT5 (Prop_LUT5_I4_O)        0.038     9.275 r  u_cve2_core/cf_unit_i/u_scale_accum0/bram_low_reg_bram_0_i_83/O
                         net (fo=6, unplaced)         0.208     9.483    u_cve2_core/cf_unit_i/u_scale_accum0/bram_low_reg_bram_0_i_83_n_0
                         LUT6 (Prop_LUT6_I3_O)        0.038     9.521 f  u_cve2_core/cf_unit_i/u_scale_accum0/bram_low_reg_bram_0_i_76/O
                         net (fo=2, unplaced)         0.186     9.707    u_cve2_core/cf_unit_i/u_scale_accum0/bram_low_reg_bram_0_i_76_n_0
                         LUT6 (Prop_LUT6_I0_O)        0.038     9.745 r  u_cve2_core/cf_unit_i/u_scale_accum0/bram_low_reg_bram_0_i_64/O
                         net (fo=5, unplaced)         0.204     9.949    u_cve2_core/cf_unit_i/u_scale_accum0/bram_low_reg_bram_0_i_64_n_0
                         LUT4 (Prop_LUT4_I2_O)        0.070    10.019 r  u_cve2_core/cf_unit_i/u_scale_accum0/bram_low_reg_bram_0_i_55/O
                         net (fo=1, unplaced)         0.186    10.205    u_cve2_core/cf_unit_i/u_scale_accum0/bram_low_reg_bram_0_i_55_n_0
                         LUT6 (Prop_LUT6_I2_O)        0.038    10.243 r  u_cve2_core/cf_unit_i/u_scale_accum0/bram_low_reg_bram_0_i_27/O
                         net (fo=3, unplaced)         0.107    10.350    u_cve2_core/cf_unit_i/u_accum_bram/wr_data_q_reg[31]_0[11]
                         RAMB18E2                                     r  u_cve2_core/cf_unit_i/u_accum_bram/bram_low_reg_bram_0/DINADIN[11]
  -------------------------------------------------------------------    -------------------

                         (clock clk_i rise edge)      8.000     8.000 r  
                                                      0.000     8.000 r  clk_i (IN)
                         net (fo=0)                   0.000     8.000    clk_i_IBUF_inst/I
                         INBUF (Prop_INBUF_PAD_O)     0.331     8.331 r  clk_i_IBUF_inst/INBUF_INST/O
                         net (fo=1, unplaced)         0.000     8.331    clk_i_IBUF_inst/OUT
                         IBUFCTRL (Prop_IBUFCTRL_I_O)
                                                      0.000     8.331 r  clk_i_IBUF_inst/IBUFCTRL_INST/O
                         net (fo=2, unplaced)         0.292     8.623    core_clock_gate_i/clk_i_IBUF
                         LUT2 (Prop_LUT2_I0_O)        0.036     8.659 r  core_clock_gate_i/clk_BUFG_inst_i_1/O
                         net (fo=1, unplaced)         0.282     8.941    clk
                         BUFGCE (Prop_BUFGCE_I_O)     0.024     8.965 r  clk_BUFG_inst/O
                         net (fo=5360, unplaced)      2.439    11.404    u_cve2_core/cf_unit_i/u_accum_bram/clk_BUFG
                         RAMB18E2                                     r  u_cve2_core/cf_unit_i/u_accum_bram/bram_low_reg_bram_0/CLKARDCLK
                         clock pessimism              0.485    11.889    
                         clock uncertainty           -0.035    11.854    
                         RAMB18E2 (Setup_RAMB18E2_CLKARDCLK_DINADIN[11])
                                                     -0.246    11.608    u_cve2_core/cf_unit_i/u_accum_bram/bram_low_reg_bram_0
  -------------------------------------------------------------------
                         required time                         11.608    
                         arrival time                         -10.350    
  -------------------------------------------------------------------
                         slack                                  1.258    




