Copyright 1986-2022 Xilinx, Inc. All Rights Reserved. Copyright 2022-2023 Advanced Micro Devices, Inc. All Rights Reserved.
------------------------------------------------------------------------------------------------------------------------------------------------------------------------------------------------------------
| Tool Version      : Vivado v.2023.1 (lin64) Build 3865809 Sun May  7 15:04:56 MDT 2023
| Date              : Mon Aug 17 23:25:54 2026
| Host              : mxp running 64-bit Ubuntu 22.04.5 LTS
| Command           : report_timing_summary -delay_type min_max -report_unconstrained -check_timing_verbose -max_paths 10 -input_pins -routable_nets -file output/rpts/syn/20260817_2323/timing_summary.rpt
| Design            : cve2_top
| Device            : xczu7ev-ffvc1156
| Speed File        : -2  PRODUCTION 1.30 05-15-2022
| Design State      : Synthesized
| Temperature Grade : E
------------------------------------------------------------------------------------------------------------------------------------------------------------------------------------------------------------

Timing Summary Report

------------------------------------------------------------------------------------------------
| Timer Settings
| --------------
------------------------------------------------------------------------------------------------

  Enable Multi Corner Analysis               :  Yes
  Enable Pessimism Removal                   :  Yes
  Pessimism Removal Resolution               :  Nearest Common Node
  Enable Input Delay Default Clock           :  No
  Enable Preset / Clear Arcs                 :  No
  Disable Flight Delays                      :  No
  Ignore I/O Paths                           :  No
  Timing Early Launch at Borrowing Latches   :  No
  Borrow Time for Max Delay Exceptions       :  Yes
  Merge Timing Exceptions                    :  Yes

  Corner  Analyze    Analyze    
  Name    Max Paths  Min Paths  
  ------  ---------  ---------  
  Slow    Yes        Yes        
  Fast    Yes        Yes        


------------------------------------------------------------------------------------------------
| Report Methodology
| ------------------
------------------------------------------------------------------------------------------------

No report available as report_methodology has not been run prior. Run report_methodology on the current design for the summary of methodology violations.



check_timing report

Table of Contents
-----------------
1. checking no_clock (0)
2. checking constant_clock (0)
3. checking pulse_width_clock (0)
4. checking unconstrained_internal_endpoints (0)
5. checking no_input_delay (218)
6. checking no_output_delay (228)
7. checking multiple_clock (0)
8. checking generated_clocks (0)
9. checking loops (0)
10. checking partial_input_delay (0)
11. checking partial_output_delay (0)
12. checking latch_loops (1)

1. checking no_clock (0)
------------------------
 There are 0 register/latch pins with no clock.


2. checking constant_clock (0)
------------------------------
 There are 0 register/latch pins with constant_clock.


3. checking pulse_width_clock (0)
---------------------------------
 There are 0 register/latch pins which need pulse_width check


4. checking unconstrained_internal_endpoints (0)
------------------------------------------------
 There are 0 pins that are not constrained for maximum delay.

 There are 0 pins that are not constrained for maximum delay due to constant clock.


5. checking no_input_delay (218)
--------------------------------
 There are 217 input ports with no input delay specified. (HIGH)

boot_addr_i[10]
boot_addr_i[11]
boot_addr_i[12]
boot_addr_i[13]
boot_addr_i[14]
boot_addr_i[15]
boot_addr_i[16]
boot_addr_i[17]
boot_addr_i[18]
boot_addr_i[19]
boot_addr_i[20]
boot_addr_i[21]
boot_addr_i[22]
boot_addr_i[23]
boot_addr_i[24]
boot_addr_i[25]
boot_addr_i[26]
boot_addr_i[27]
boot_addr_i[28]
boot_addr_i[29]
boot_addr_i[2]
boot_addr_i[30]
boot_addr_i[31]
boot_addr_i[3]
boot_addr_i[4]
boot_addr_i[5]
boot_addr_i[6]
boot_addr_i[7]
boot_addr_i[8]
boot_addr_i[9]
data_err_i
data_gnt_i
data_rdata_i[0]
data_rdata_i[10]
data_rdata_i[11]
data_rdata_i[12]
data_rdata_i[13]
data_rdata_i[14]
data_rdata_i[15]
data_rdata_i[16]
data_rdata_i[17]
data_rdata_i[18]
data_rdata_i[19]
data_rdata_i[1]
data_rdata_i[20]
data_rdata_i[21]
data_rdata_i[22]
data_rdata_i[23]
data_rdata_i[24]
data_rdata_i[25]
data_rdata_i[26]
data_rdata_i[27]
data_rdata_i[28]
data_rdata_i[29]
data_rdata_i[2]
data_rdata_i[30]
data_rdata_i[31]
data_rdata_i[3]
data_rdata_i[4]
data_rdata_i[5]
data_rdata_i[6]
data_rdata_i[7]
data_rdata_i[8]
data_rdata_i[9]
data_rvalid_i
debug_req_i
dm_exception_addr_i[10]
dm_exception_addr_i[11]
dm_exception_addr_i[12]
dm_exception_addr_i[13]
dm_exception_addr_i[14]
dm_exception_addr_i[15]
dm_exception_addr_i[16]
dm_exception_addr_i[17]
dm_exception_addr_i[18]
dm_exception_addr_i[19]
dm_exception_addr_i[1]
dm_exception_addr_i[20]
dm_exception_addr_i[21]
dm_exception_addr_i[22]
dm_exception_addr_i[23]
dm_exception_addr_i[24]
dm_exception_addr_i[25]
dm_exception_addr_i[26]
dm_exception_addr_i[27]
dm_exception_addr_i[28]
dm_exception_addr_i[29]
dm_exception_addr_i[2]
dm_exception_addr_i[30]
dm_exception_addr_i[31]
dm_exception_addr_i[3]
dm_exception_addr_i[4]
dm_exception_addr_i[5]
dm_exception_addr_i[6]
dm_exception_addr_i[7]
dm_exception_addr_i[8]
dm_exception_addr_i[9]
dm_halt_addr_i[10]
dm_halt_addr_i[11]
dm_halt_addr_i[12]
dm_halt_addr_i[13]
dm_halt_addr_i[14]
dm_halt_addr_i[15]
dm_halt_addr_i[16]
dm_halt_addr_i[17]
dm_halt_addr_i[18]
dm_halt_addr_i[19]
dm_halt_addr_i[1]
dm_halt_addr_i[20]
dm_halt_addr_i[21]
dm_halt_addr_i[22]
dm_halt_addr_i[23]
dm_halt_addr_i[24]
dm_halt_addr_i[25]
dm_halt_addr_i[26]
dm_halt_addr_i[27]
dm_halt_addr_i[28]
dm_halt_addr_i[29]
dm_halt_addr_i[2]
dm_halt_addr_i[30]
dm_halt_addr_i[31]
dm_halt_addr_i[3]
dm_halt_addr_i[4]
dm_halt_addr_i[5]
dm_halt_addr_i[6]
dm_halt_addr_i[7]
dm_halt_addr_i[8]
dm_halt_addr_i[9]
fetch_enable_i
hart_id_i[0]
hart_id_i[10]
hart_id_i[11]
hart_id_i[12]
hart_id_i[13]
hart_id_i[14]
hart_id_i[15]
hart_id_i[16]
hart_id_i[17]
hart_id_i[18]
hart_id_i[19]
hart_id_i[1]
hart_id_i[20]
hart_id_i[21]
hart_id_i[22]
hart_id_i[23]
hart_id_i[24]
hart_id_i[25]
hart_id_i[26]
hart_id_i[27]
hart_id_i[28]
hart_id_i[29]
hart_id_i[2]
hart_id_i[30]
hart_id_i[31]
hart_id_i[3]
hart_id_i[4]
hart_id_i[5]
hart_id_i[6]
hart_id_i[7]
hart_id_i[8]
hart_id_i[9]
instr_err_i
instr_gnt_i
instr_rdata_i[0]
instr_rdata_i[10]
instr_rdata_i[11]
instr_rdata_i[12]
instr_rdata_i[13]
instr_rdata_i[14]
instr_rdata_i[15]
instr_rdata_i[16]
instr_rdata_i[17]
instr_rdata_i[18]
instr_rdata_i[19]
instr_rdata_i[1]
instr_rdata_i[20]
instr_rdata_i[21]
instr_rdata_i[22]
instr_rdata_i[23]
instr_rdata_i[24]
instr_rdata_i[25]
instr_rdata_i[26]
instr_rdata_i[27]
instr_rdata_i[28]
instr_rdata_i[29]
instr_rdata_i[2]
instr_rdata_i[30]
instr_rdata_i[31]
instr_rdata_i[3]
instr_rdata_i[4]
instr_rdata_i[5]
instr_rdata_i[6]
instr_rdata_i[7]
instr_rdata_i[8]
instr_rdata_i[9]
instr_rvalid_i
irq_external_i
irq_fast_i[0]
irq_fast_i[10]
irq_fast_i[11]
irq_fast_i[12]
irq_fast_i[13]
irq_fast_i[14]
irq_fast_i[15]
irq_fast_i[1]
irq_fast_i[2]
irq_fast_i[3]
irq_fast_i[4]
irq_fast_i[5]
irq_fast_i[6]
irq_fast_i[7]
irq_fast_i[8]
irq_fast_i[9]
irq_nm_i
irq_software_i
irq_timer_i
test_en_i

 There is 1 input port with no input delay but user has a false path constraint. (MEDIUM)

rst_ni


6. checking no_output_delay (228)
---------------------------------
 There are 228 ports with no output delay specified. (HIGH)

core_sleep_o
crash_dump_o[current_pc][10]
crash_dump_o[current_pc][11]
crash_dump_o[current_pc][12]
crash_dump_o[current_pc][13]
crash_dump_o[current_pc][14]
crash_dump_o[current_pc][15]
crash_dump_o[current_pc][16]
crash_dump_o[current_pc][17]
crash_dump_o[current_pc][18]
crash_dump_o[current_pc][19]
crash_dump_o[current_pc][1]
crash_dump_o[current_pc][20]
crash_dump_o[current_pc][21]
crash_dump_o[current_pc][22]
crash_dump_o[current_pc][23]
crash_dump_o[current_pc][24]
crash_dump_o[current_pc][25]
crash_dump_o[current_pc][26]
crash_dump_o[current_pc][27]
crash_dump_o[current_pc][28]
crash_dump_o[current_pc][29]
crash_dump_o[current_pc][2]
crash_dump_o[current_pc][30]
crash_dump_o[current_pc][31]
crash_dump_o[current_pc][3]
crash_dump_o[current_pc][4]
crash_dump_o[current_pc][5]
crash_dump_o[current_pc][6]
crash_dump_o[current_pc][7]
crash_dump_o[current_pc][8]
crash_dump_o[current_pc][9]
crash_dump_o[exception_addr][10]
crash_dump_o[exception_addr][11]
crash_dump_o[exception_addr][12]
crash_dump_o[exception_addr][13]
crash_dump_o[exception_addr][14]
crash_dump_o[exception_addr][15]
crash_dump_o[exception_addr][16]
crash_dump_o[exception_addr][17]
crash_dump_o[exception_addr][18]
crash_dump_o[exception_addr][19]
crash_dump_o[exception_addr][1]
crash_dump_o[exception_addr][20]
crash_dump_o[exception_addr][21]
crash_dump_o[exception_addr][22]
crash_dump_o[exception_addr][23]
crash_dump_o[exception_addr][24]
crash_dump_o[exception_addr][25]
crash_dump_o[exception_addr][26]
crash_dump_o[exception_addr][27]
crash_dump_o[exception_addr][28]
crash_dump_o[exception_addr][29]
crash_dump_o[exception_addr][2]
crash_dump_o[exception_addr][30]
crash_dump_o[exception_addr][31]
crash_dump_o[exception_addr][3]
crash_dump_o[exception_addr][4]
crash_dump_o[exception_addr][5]
crash_dump_o[exception_addr][6]
crash_dump_o[exception_addr][7]
crash_dump_o[exception_addr][8]
crash_dump_o[exception_addr][9]
crash_dump_o[last_data_addr][0]
crash_dump_o[last_data_addr][10]
crash_dump_o[last_data_addr][11]
crash_dump_o[last_data_addr][12]
crash_dump_o[last_data_addr][13]
crash_dump_o[last_data_addr][14]
crash_dump_o[last_data_addr][15]
crash_dump_o[last_data_addr][16]
crash_dump_o[last_data_addr][17]
crash_dump_o[last_data_addr][18]
crash_dump_o[last_data_addr][19]
crash_dump_o[last_data_addr][1]
crash_dump_o[last_data_addr][20]
crash_dump_o[last_data_addr][21]
crash_dump_o[last_data_addr][22]
crash_dump_o[last_data_addr][23]
crash_dump_o[last_data_addr][24]
crash_dump_o[last_data_addr][25]
crash_dump_o[last_data_addr][26]
crash_dump_o[last_data_addr][27]
crash_dump_o[last_data_addr][28]
crash_dump_o[last_data_addr][29]
crash_dump_o[last_data_addr][2]
crash_dump_o[last_data_addr][30]
crash_dump_o[last_data_addr][31]
crash_dump_o[last_data_addr][3]
crash_dump_o[last_data_addr][4]
crash_dump_o[last_data_addr][5]
crash_dump_o[last_data_addr][6]
crash_dump_o[last_data_addr][7]
crash_dump_o[last_data_addr][8]
crash_dump_o[last_data_addr][9]
crash_dump_o[next_pc][10]
crash_dump_o[next_pc][11]
crash_dump_o[next_pc][12]
crash_dump_o[next_pc][13]
crash_dump_o[next_pc][14]
crash_dump_o[next_pc][15]
crash_dump_o[next_pc][16]
crash_dump_o[next_pc][17]
crash_dump_o[next_pc][18]
crash_dump_o[next_pc][19]
crash_dump_o[next_pc][1]
crash_dump_o[next_pc][20]
crash_dump_o[next_pc][21]
crash_dump_o[next_pc][22]
crash_dump_o[next_pc][23]
crash_dump_o[next_pc][24]
crash_dump_o[next_pc][25]
crash_dump_o[next_pc][26]
crash_dump_o[next_pc][27]
crash_dump_o[next_pc][28]
crash_dump_o[next_pc][29]
crash_dump_o[next_pc][2]
crash_dump_o[next_pc][30]
crash_dump_o[next_pc][31]
crash_dump_o[next_pc][3]
crash_dump_o[next_pc][4]
crash_dump_o[next_pc][5]
crash_dump_o[next_pc][6]
crash_dump_o[next_pc][7]
crash_dump_o[next_pc][8]
crash_dump_o[next_pc][9]
data_addr_o[0]
data_addr_o[10]
data_addr_o[11]
data_addr_o[12]
data_addr_o[13]
data_addr_o[14]
data_addr_o[15]
data_addr_o[16]
data_addr_o[17]
data_addr_o[18]
data_addr_o[19]
data_addr_o[1]
data_addr_o[20]
data_addr_o[21]
data_addr_o[22]
data_addr_o[23]
data_addr_o[24]
data_addr_o[25]
data_addr_o[26]
data_addr_o[27]
data_addr_o[28]
data_addr_o[29]
data_addr_o[2]
data_addr_o[30]
data_addr_o[31]
data_addr_o[3]
data_addr_o[4]
data_addr_o[5]
data_addr_o[6]
data_addr_o[7]
data_addr_o[8]
data_addr_o[9]
data_be_o[0]
data_be_o[1]
data_be_o[2]
data_be_o[3]
data_req_o
data_wdata_o[0]
data_wdata_o[10]
data_wdata_o[11]
data_wdata_o[12]
data_wdata_o[13]
data_wdata_o[14]
data_wdata_o[15]
data_wdata_o[16]
data_wdata_o[17]
data_wdata_o[18]
data_wdata_o[19]
data_wdata_o[1]
data_wdata_o[20]
data_wdata_o[21]
data_wdata_o[22]
data_wdata_o[23]
data_wdata_o[24]
data_wdata_o[25]
data_wdata_o[26]
data_wdata_o[27]
data_wdata_o[28]
data_wdata_o[29]
data_wdata_o[2]
data_wdata_o[30]
data_wdata_o[31]
data_wdata_o[3]
data_wdata_o[4]
data_wdata_o[5]
data_wdata_o[6]
data_wdata_o[7]
data_wdata_o[8]
data_wdata_o[9]
data_we_o
debug_halted_o
instr_addr_o[10]
instr_addr_o[11]
instr_addr_o[12]
instr_addr_o[13]
instr_addr_o[14]
instr_addr_o[15]
instr_addr_o[16]
instr_addr_o[17]
instr_addr_o[18]
instr_addr_o[19]
instr_addr_o[20]
instr_addr_o[21]
instr_addr_o[22]
instr_addr_o[23]
instr_addr_o[24]
instr_addr_o[25]
instr_addr_o[26]
instr_addr_o[27]
instr_addr_o[28]
instr_addr_o[29]
instr_addr_o[2]
instr_addr_o[30]
instr_addr_o[31]
instr_addr_o[3]
instr_addr_o[4]
instr_addr_o[5]
instr_addr_o[6]
instr_addr_o[7]
instr_addr_o[8]
instr_addr_o[9]
instr_req_o

 There are 0 ports with no output delay but user has a false path constraint

 There are 0 ports with no output delay but with a timing clock defined on it or propagating through it


7. checking multiple_clock (0)
------------------------------
 There are 0 register/latch pins with multiple clocks.


8. checking generated_clocks (0)
--------------------------------
 There are 0 generated clocks that are not connected to a clock source.


9. checking loops (0)
---------------------
 There are 0 combinational loops in the design.


10. checking partial_input_delay (0)
------------------------------------
 There are 0 input ports with partial input delay specified.


11. checking partial_output_delay (0)
-------------------------------------
 There are 0 ports with partial output delay specified.


12. checking latch_loops (1)
----------------------------
 There is 1 combinational latch loop in the design through latch input (HIGH)

core_clock_gate_i/clk_en_reg/D



------------------------------------------------------------------------------------------------
| Design Timing Summary
| ---------------------
------------------------------------------------------------------------------------------------

    WNS(ns)      TNS(ns)  TNS Failing Endpoints  TNS Total Endpoints      WHS(ns)      THS(ns)  THS Failing Endpoints  THS Total Endpoints     WPWS(ns)     TPWS(ns)  TPWS Failing Endpoints  TPWS Total Endpoints  
    -------      -------  ---------------------  -------------------      -------      -------  ---------------------  -------------------     --------     --------  ----------------------  --------------------  
      0.900        0.000                      0                11488       -0.256      -94.610                   1893                11488        3.458        0.000                       0                  5365  


Timing constraints are not met.


------------------------------------------------------------------------------------------------
| Clock Summary
| -------------
------------------------------------------------------------------------------------------------

Clock  Waveform(ns)         Period(ns)      Frequency(MHz)
-----  ------------         ----------      --------------
clk    {0.000 5.000}        10.000          100.000         
clk_i  {0.000 4.000}        8.000           125.000         


------------------------------------------------------------------------------------------------
| Intra Clock Table
| -----------------
------------------------------------------------------------------------------------------------

Clock             WNS(ns)      TNS(ns)  TNS Failing Endpoints  TNS Total Endpoints      WHS(ns)      THS(ns)  THS Failing Endpoints  THS Total Endpoints     WPWS(ns)     TPWS(ns)  TPWS Failing Endpoints  TPWS Total Endpoints  
-----             -------      -------  ---------------------  -------------------      -------      -------  ---------------------  -------------------     --------     --------  ----------------------  --------------------  
clk_i               0.900        0.000                      0                11488       -0.256      -94.610                   1893                11488        3.458        0.000                       0                  5365  


------------------------------------------------------------------------------------------------
| Inter Clock Table
| -----------------
------------------------------------------------------------------------------------------------

From Clock    To Clock          WNS(ns)      TNS(ns)  TNS Failing Endpoints  TNS Total Endpoints      WHS(ns)      THS(ns)  THS Failing Endpoints  THS Total Endpoints  
----------    --------          -------      -------  ---------------------  -------------------      -------      -------  ---------------------  -------------------  


------------------------------------------------------------------------------------------------
| Other Path Groups Table
| -----------------------
------------------------------------------------------------------------------------------------

Path Group    From Clock    To Clock          WNS(ns)      TNS(ns)  TNS Failing Endpoints  TNS Total Endpoints      WHS(ns)      THS(ns)  THS Failing Endpoints  THS Total Endpoints  
----------    ----------    --------          -------      -------  ---------------------  -------------------      -------      -------  ---------------------  -------------------  


------------------------------------------------------------------------------------------------
| User Ignored Path Table
| -----------------------
------------------------------------------------------------------------------------------------

Path Group    From Clock    To Clock    
----------    ----------    --------    
(none)                      clk_i         


------------------------------------------------------------------------------------------------
| Unconstrained Path Table
| ------------------------
------------------------------------------------------------------------------------------------

Path Group    From Clock    To Clock    
----------    ----------    --------    
(none)                                    
(none)        clk_i                       
(none)                      clk_i         


------------------------------------------------------------------------------------------------
| Timing Details
| --------------
------------------------------------------------------------------------------------------------


---------------------------------------------------------------------------------------------------
From Clock:  clk_i
  To Clock:  clk_i

Setup :            0  Failing Endpoints,  Worst Slack        0.900ns,  Total Violation        0.000ns
Hold  :         1893  Failing Endpoints,  Worst Slack       -0.256ns,  Total Violation      -94.610ns
PW    :            0  Failing Endpoints,  Worst Slack        3.458ns,  Total Violation        0.000ns
---------------------------------------------------------------------------------------------------


Max Delay Paths
--------------------------------------------------------------------------------------
Slack (MET) :             0.900ns  (required time - arrival time)
  Source:                 u_cve2_core/cf_unit_i/u_scale_accum1/accumulator_s3_reg[8]/C
                            (rising edge-triggered cell FDCE clocked by clk_i  {rise@0.000ns fall@4.000ns period=8.000ns})
  Destination:            u_cve2_core/cf_unit_i/u_accum_bram/bram_high_reg_bram_0/DINADIN[14]
                            (rising edge-triggered cell RAMB18E2 clocked by clk_i  {rise@0.000ns fall@4.000ns period=8.000ns})
  Path Group:             clk_i
  Path Type:              Setup (Max at Slow Process Corner)
  Requirement:            8.000ns  (clk_i rise@8.000ns - clk_i rise@0.000ns)
  Data Path Delay:        6.651ns  (logic 1.578ns (23.726%)  route 5.073ns (76.274%))
  Logic Levels:           26  (CARRY8=2 LUT3=4 LUT5=8 LUT6=12)
  Clock Path Skew:        -0.145ns (DCD - SCD + CPR)
    Destination Clock Delay (DCD):    3.404ns = ( 11.404 - 8.000 ) 
    Source Clock Delay      (SCD):    4.034ns
    Clock Pessimism Removal (CPR):    0.485ns
  Clock Uncertainty:      0.035ns  ((TSJ^2 + TIJ^2)^1/2 + DJ) / 2 + PE
    Total System Jitter     (TSJ):    0.071ns
    Total Input Jitter      (TIJ):    0.000ns
    Discrete Jitter          (DJ):    0.000ns
    Phase Error              (PE):    0.000ns

    Location             Delay type                Incr(ns)  Path(ns)    Netlist Resource(s)
  -------------------------------------------------------------------    -------------------
                         (clock clk_i rise edge)      0.000     0.000 r  
                                                      0.000     0.000 r  clk_i (IN)
                         net (fo=0)                   0.000     0.000    clk_i_IBUF_inst/I
                                                                      r  clk_i_IBUF_inst/INBUF_INST/PAD
                         INBUF (Prop_INBUF_PAD_O)     0.582     0.582 r  clk_i_IBUF_inst/INBUF_INST/O
                         net (fo=1, unplaced)         0.000     0.582    clk_i_IBUF_inst/OUT
                                                                      r  clk_i_IBUF_inst/IBUFCTRL_INST/I
                         IBUFCTRL (Prop_IBUFCTRL_I_O)
                                                      0.000     0.582 r  clk_i_IBUF_inst/IBUFCTRL_INST/O
                         net (fo=2, unplaced)         0.403     0.985    core_clock_gate_i/clk_i_IBUF
                                                                      r  core_clock_gate_i/clk_BUFG_inst_i_1/I0
                         LUT2 (Prop_LUT2_I0_O)        0.053     1.038 r  core_clock_gate_i/clk_BUFG_inst_i_1/O
                         net (fo=1, unplaced)         0.384     1.422    clk
                                                                      r  clk_BUFG_inst/I
                         BUFGCE (Prop_BUFGCE_I_O)     0.028     1.450 r  clk_BUFG_inst/O
                         net (fo=5360, unplaced)      2.584     4.034    u_cve2_core/cf_unit_i/u_scale_accum1/clk_BUFG
                         FDCE                                         r  u_cve2_core/cf_unit_i/u_scale_accum1/accumulator_s3_reg[8]/C
  -------------------------------------------------------------------    -------------------
                         FDCE (Prop_FDCE_C_Q)         0.077     4.111 r  u_cve2_core/cf_unit_i/u_scale_accum1/accumulator_s3_reg[8]/Q
                         net (fo=16, unplaced)        0.198     4.309    u_cve2_core/cf_unit_i/u_scale_accum1/accumulator_s3[8]
                                                                      r  u_cve2_core/cf_unit_i/u_scale_accum1/wr_data_q[31]_i_32/I0
                         LUT6 (Prop_LUT6_I0_O)        0.150     4.459 r  u_cve2_core/cf_unit_i/u_scale_accum1/wr_data_q[31]_i_32/O
                         net (fo=4, unplaced)         0.198     4.657    u_cve2_core/cf_unit_i/u_scale_accum1/wr_data_q[31]_i_32_n_0
                                                                      r  u_cve2_core/cf_unit_i/u_scale_accum1/wr_data_q[31]_i_25/I2
                         LUT5 (Prop_LUT5_I2_O)        0.038     4.695 r  u_cve2_core/cf_unit_i/u_scale_accum1/wr_data_q[31]_i_25/O
                         net (fo=3, unplaced)         0.192     4.887    u_cve2_core/cf_unit_i/u_scale_accum1/wr_data_q[31]_i_25_n_0
                                                                      r  u_cve2_core/cf_unit_i/u_scale_accum1/wr_data_q[31]_i_12/I1
                         LUT3 (Prop_LUT3_I1_O)        0.038     4.925 r  u_cve2_core/cf_unit_i/u_scale_accum1/wr_data_q[31]_i_12/O
                         net (fo=2, unplaced)         0.186     5.111    u_cve2_core/cf_unit_i/u_scale_accum1/wr_data_q[31]_i_12_n_0
                                                                      r  u_cve2_core/cf_unit_i/u_scale_accum1/wr_data_q[31]_i_3/I2
                         LUT5 (Prop_LUT5_I2_O)        0.038     5.149 r  u_cve2_core/cf_unit_i/u_scale_accum1/wr_data_q[31]_i_3/O
                         net (fo=67, unplaced)        0.262     5.411    u_cve2_core/cf_unit_i/u_scale_accum1/wr_data_q[31]_i_3_n_0
                                                                      r  u_cve2_core/cf_unit_i/u_scale_accum1/wr_data_q[31]_i_17/I5
                         LUT6 (Prop_LUT6_I5_O)        0.038     5.449 r  u_cve2_core/cf_unit_i/u_scale_accum1/wr_data_q[31]_i_17/O
                         net (fo=9, unplaced)         0.217     5.666    u_cve2_core/cf_unit_i/u_scale_accum1/wr_data_q[31]_i_17_n_0
                                                                      r  u_cve2_core/cf_unit_i/u_scale_accum1/wr_data_q[31]_i_23/I5
                         LUT6 (Prop_LUT6_I5_O)        0.038     5.704 r  u_cve2_core/cf_unit_i/u_scale_accum1/wr_data_q[31]_i_23/O
                         net (fo=10, unplaced)        0.219     5.923    u_cve2_core/cf_unit_i/u_scale_accum1/wr_data_q[31]_i_23_n_0
                                                                      r  u_cve2_core/cf_unit_i/u_scale_accum1/bram_high_reg_bram_0_i_82/I5
                         LUT6 (Prop_LUT6_I5_O)        0.038     5.961 f  u_cve2_core/cf_unit_i/u_scale_accum1/bram_high_reg_bram_0_i_82/O
                         net (fo=1, unplaced)         0.186     6.147    u_cve2_core/cf_unit_i/u_scale_accum1/bram_high_reg_bram_0_i_82_n_0
                                                                      f  u_cve2_core/cf_unit_i/u_scale_accum1/bram_high_reg_bram_0_i_70/I0
                         LUT3 (Prop_LUT3_I0_O)        0.038     6.185 f  u_cve2_core/cf_unit_i/u_scale_accum1/bram_high_reg_bram_0_i_70/O
                         net (fo=2, unplaced)         0.186     6.371    u_cve2_core/cf_unit_i/u_scale_accum1/bram_high_reg_bram_0_i_70_n_0
                                                                      f  u_cve2_core/cf_unit_i/u_scale_accum1/bram_high_reg_bram_0_i_75/I5
                         LUT6 (Prop_LUT6_I5_O)        0.038     6.409 r  u_cve2_core/cf_unit_i/u_scale_accum1/bram_high_reg_bram_0_i_75/O
                         net (fo=1, unplaced)         0.186     6.595    u_cve2_core/cf_unit_i/u_scale_accum1/bram_high_reg_bram_0_i_75_n_0
                                                                      r  u_cve2_core/cf_unit_i/u_scale_accum1/bram_high_reg_bram_0_i_55/I2
                         LUT3 (Prop_LUT3_I2_O)        0.038     6.633 r  u_cve2_core/cf_unit_i/u_scale_accum1/bram_high_reg_bram_0_i_55/O
                         net (fo=2, unplaced)         0.186     6.819    u_cve2_core/cf_unit_i/u_scale_accum1/u_add/u_fp_adder/bram_high_reg_bram_0_i_32[0]
                                                                      r  u_cve2_core/cf_unit_i/u_scale_accum1/u_add/u_fp_adder/bram_high_reg_bram_0_i_61/I0
                         LUT5 (Prop_LUT5_I0_O)        0.037     6.856 r  u_cve2_core/cf_unit_i/u_scale_accum1/u_add/u_fp_adder/bram_high_reg_bram_0_i_61/O
                         net (fo=1, unplaced)         0.032     6.888    u_cve2_core/cf_unit_i/u_scale_accum1/u_add_n_8
                                                                      r  u_cve2_core/cf_unit_i/u_scale_accum1/bram_high_reg_bram_0_i_32/S[3]
                         CARRY8 (Prop_CARRY8_S[3]_O[5])
                                                      0.184     7.072 f  u_cve2_core/cf_unit_i/u_scale_accum1/bram_high_reg_bram_0_i_32/O[5]
                         net (fo=7, unplaced)         0.182     7.254    u_cve2_core/cf_unit_i/u_scale_accum1/bram_high_reg_bram_0_i_32_n_10
                                                                      f  u_cve2_core/cf_unit_i/u_scale_accum1/wr_data_q[31]_i_13/I0
                         LUT6 (Prop_LUT6_I0_O)        0.150     7.404 r  u_cve2_core/cf_unit_i/u_scale_accum1/wr_data_q[31]_i_13/O
                         net (fo=3, unplaced)         0.192     7.596    u_cve2_core/cf_unit_i/u_scale_accum1/wr_data_q[31]_i_13_n_0
                                                                      r  u_cve2_core/cf_unit_i/u_scale_accum1/final_exp1_carry_i_22__0/I3
                         LUT6 (Prop_LUT6_I3_O)        0.038     7.634 f  u_cve2_core/cf_unit_i/u_scale_accum1/final_exp1_carry_i_22__0/O
                         net (fo=2, unplaced)         0.186     7.820    u_cve2_core/cf_unit_i/u_scale_accum1/final_exp1_carry_i_22__0_n_0
                                                                      f  u_cve2_core/cf_unit_i/u_scale_accum1/final_exp1_carry_i_14__0/I0
                         LUT6 (Prop_LUT6_I0_O)        0.038     7.858 f  u_cve2_core/cf_unit_i/u_scale_accum1/final_exp1_carry_i_14__0/O
                         net (fo=14, unplaced)        0.227     8.085    u_cve2_core/cf_unit_i/u_scale_accum1/final_exp1_carry_i_14__0_n_0
                                                                      f  u_cve2_core/cf_unit_i/u_scale_accum1/final_exp1_carry_i_4__0/I2
                         LUT6 (Prop_LUT6_I2_O)        0.038     8.123 r  u_cve2_core/cf_unit_i/u_scale_accum1/final_exp1_carry_i_4__0/O
                         net (fo=1, unplaced)         0.233     8.356    u_cve2_core/cf_unit_i/u_scale_accum1/u_add/u_fp_adder/DI[0]
                                                                      r  u_cve2_core/cf_unit_i/u_scale_accum1/u_add/u_fp_adder/final_exp1_carry/DI[0]
                         CARRY8 (Prop_CARRY8_DI[0]_CO[3])
                                                      0.182     8.538 r  u_cve2_core/cf_unit_i/u_scale_accum1/u_add/u_fp_adder/final_exp1_carry/CO[3]
                         net (fo=15, unplaced)        0.133     8.671    u_cve2_core/cf_unit_i/u_scale_accum1/u_add_n_0
                                                                      r  u_cve2_core/cf_unit_i/u_scale_accum1/wr_data_q[17]_i_8/I1
                         LUT3 (Prop_LUT3_I1_O)        0.038     8.709 r  u_cve2_core/cf_unit_i/u_scale_accum1/wr_data_q[17]_i_8/O
                         net (fo=6, unplaced)         0.208     8.917    u_cve2_core/cf_unit_i/u_scale_accum1/wr_data_q[17]_i_8_n_0
                                                                      r  u_cve2_core/cf_unit_i/u_scale_accum1/wr_data_q[17]_i_6/I0
                         LUT6 (Prop_LUT6_I0_O)        0.038     8.955 r  u_cve2_core/cf_unit_i/u_scale_accum1/wr_data_q[17]_i_6/O
                         net (fo=1, unplaced)         0.186     9.141    u_cve2_core/cf_unit_i/u_scale_accum1/wr_data_q[17]_i_6_n_0
                                                                      r  u_cve2_core/cf_unit_i/u_scale_accum1/wr_data_q[17]_i_3/I4
                         LUT5 (Prop_LUT5_I4_O)        0.038     9.179 f  u_cve2_core/cf_unit_i/u_scale_accum1/wr_data_q[17]_i_3/O
                         net (fo=3, unplaced)         0.192     9.371    u_cve2_core/cf_unit_i/u_scale_accum1/wr_data_q[17]_i_3_n_0
                                                                      f  u_cve2_core/cf_unit_i/u_scale_accum1/bram_high_reg_bram_0_i_23/I3
                         LUT5 (Prop_LUT5_I3_O)        0.038     9.409 r  u_cve2_core/cf_unit_i/u_scale_accum1/bram_high_reg_bram_0_i_23/O
                         net (fo=4, unplaced)         0.198     9.607    u_cve2_core/cf_unit_i/u_scale_accum1/bram_high_reg_bram_0_i_23_n_0
                                                                      r  u_cve2_core/cf_unit_i/u_scale_accum1/bram_high_reg_bram_0_i_21/I3
                         LUT5 (Prop_LUT5_I3_O)        0.038     9.645 r  u_cve2_core/cf_unit_i/u_scale_accum1/bram_high_reg_bram_0_i_21/O
                         net (fo=7, unplaced)         0.211     9.856    u_cve2_core/cf_unit_i/u_scale_accum1/bram_high_reg_bram_0_i_21_n_0
                                                                      r  u_cve2_core/cf_unit_i/u_scale_accum1/wr_data_q[24]_i_2/I3
                         LUT5 (Prop_LUT5_I3_O)        0.038     9.894 f  u_cve2_core/cf_unit_i/u_scale_accum1/wr_data_q[24]_i_2/O
                         net (fo=5, unplaced)         0.204    10.098    u_cve2_core/cf_unit_i/u_scale_accum1/wr_data_q[24]_i_2_n_0
                                                                      f  u_cve2_core/cf_unit_i/u_scale_accum1/wr_data_q[30]_i_3/I3
                         LUT6 (Prop_LUT6_I3_O)        0.038    10.136 r  u_cve2_core/cf_unit_i/u_scale_accum1/wr_data_q[30]_i_3/O
                         net (fo=2, unplaced)         0.186    10.322    u_cve2_core/cf_unit_i/u_scale_accum1/wr_data_q[30]_i_3_n_0
                                                                      r  u_cve2_core/cf_unit_i/u_scale_accum1/wr_data_q[30]_i_1/I3
                         LUT6 (Prop_LUT6_I3_O)        0.038    10.360 r  u_cve2_core/cf_unit_i/u_scale_accum1/wr_data_q[30]_i_1/O
                         net (fo=2, unplaced)         0.186    10.546    u_cve2_core/cf_unit_i/u_scale_fsm/bram_high_reg_bram_0[23]
                                                                      r  u_cve2_core/cf_unit_i/u_scale_fsm/bram_high_reg_bram_0_i_3/I0
                         LUT5 (Prop_LUT5_I0_O)        0.038    10.584 r  u_cve2_core/cf_unit_i/u_scale_fsm/bram_high_reg_bram_0_i_3/O
                         net (fo=1, unplaced)         0.101    10.685    u_cve2_core/cf_unit_i/u_accum_bram/DINADIN[14]
                         RAMB18E2                                     r  u_cve2_core/cf_unit_i/u_accum_bram/bram_high_reg_bram_0/DINADIN[14]
  -------------------------------------------------------------------    -------------------

                         (clock clk_i rise edge)      8.000     8.000 r  
                                                      0.000     8.000 r  clk_i (IN)
                         net (fo=0)                   0.000     8.000    clk_i_IBUF_inst/I
                                                                      r  clk_i_IBUF_inst/INBUF_INST/PAD
                         INBUF (Prop_INBUF_PAD_O)     0.331     8.331 r  clk_i_IBUF_inst/INBUF_INST/O
                         net (fo=1, unplaced)         0.000     8.331    clk_i_IBUF_inst/OUT
                                                                      r  clk_i_IBUF_inst/IBUFCTRL_INST/I
                         IBUFCTRL (Prop_IBUFCTRL_I_O)
                                                      0.000     8.331 r  clk_i_IBUF_inst/IBUFCTRL_INST/O
                         net (fo=2, unplaced)         0.292     8.623    core_clock_gate_i/clk_i_IBUF
                                                                      r  core_clock_gate_i/clk_BUFG_inst_i_1/I0
                         LUT2 (Prop_LUT2_I0_O)        0.036     8.659 r  core_clock_gate_i/clk_BUFG_inst_i_1/O
                         net (fo=1, unplaced)         0.282     8.941    clk
                                                                      r  clk_BUFG_inst/I
                         BUFGCE (Prop_BUFGCE_I_O)     0.024     8.965 r  clk_BUFG_inst/O
                         net (fo=5360, unplaced)      2.439    11.404    u_cve2_core/cf_unit_i/u_accum_bram/clk_BUFG
                         RAMB18E2                                     r  u_cve2_core/cf_unit_i/u_accum_bram/bram_high_reg_bram_0/CLKARDCLK
                         clock pessimism              0.485    11.889    
                         clock uncertainty           -0.035    11.854    
                         RAMB18E2 (Setup_RAMB18E2_CLKARDCLK_DINADIN[14])
                                                     -0.269    11.585    u_cve2_core/cf_unit_i/u_accum_bram/bram_high_reg_bram_0
  -------------------------------------------------------------------
                         required time                         11.585    
                         arrival time                         -10.685    
  -------------------------------------------------------------------
                         slack                                  0.900    

Slack (MET) :             0.903ns  (required time - arrival time)
  Source:                 u_cve2_core/cf_unit_i/u_scale_accum1/accumulator_s3_reg[8]/C
                            (rising edge-triggered cell FDCE clocked by clk_i  {rise@0.000ns fall@4.000ns period=8.000ns})
  Destination:            u_cve2_core/cf_unit_i/u_accum_bram/bram_high_reg_bram_0/DINADIN[12]
                            (rising edge-triggered cell RAMB18E2 clocked by clk_i  {rise@0.000ns fall@4.000ns period=8.000ns})
  Path Group:             clk_i
  Path Type:              Setup (Max at Slow Process Corner)
  Requirement:            8.000ns  (clk_i rise@8.000ns - clk_i rise@0.000ns)
  Data Path Delay:        6.657ns  (logic 1.578ns (23.704%)  route 5.079ns (76.296%))
  Logic Levels:           26  (CARRY8=2 LUT3=4 LUT4=1 LUT5=8 LUT6=11)
  Clock Path Skew:        -0.145ns (DCD - SCD + CPR)
    Destination Clock Delay (DCD):    3.404ns = ( 11.404 - 8.000 ) 
    Source Clock Delay      (SCD):    4.034ns
    Clock Pessimism Removal (CPR):    0.485ns
  Clock Uncertainty:      0.035ns  ((TSJ^2 + TIJ^2)^1/2 + DJ) / 2 + PE
    Total System Jitter     (TSJ):    0.071ns
    Total Input Jitter      (TIJ):    0.000ns
    Discrete Jitter          (DJ):    0.000ns
    Phase Error              (PE):    0.000ns

    Location             Delay type                Incr(ns)  Path(ns)    Netlist Resource(s)
  -------------------------------------------------------------------    -------------------
                         (clock clk_i rise edge)      0.000     0.000 r  
                                                      0.000     0.000 r  clk_i (IN)
                         net (fo=0)                   0.000     0.000    clk_i_IBUF_inst/I
                                                                      r  clk_i_IBUF_inst/INBUF_INST/PAD
                         INBUF (Prop_INBUF_PAD_O)     0.582     0.582 r  clk_i_IBUF_inst/INBUF_INST/O
                         net (fo=1, unplaced)         0.000     0.582    clk_i_IBUF_inst/OUT
                                                                      r  clk_i_IBUF_inst/IBUFCTRL_INST/I
                         IBUFCTRL (Prop_IBUFCTRL_I_O)
                                                      0.000     0.582 r  clk_i_IBUF_inst/IBUFCTRL_INST/O
                         net (fo=2, unplaced)         0.403     0.985    core_clock_gate_i/clk_i_IBUF
                                                                      r  core_clock_gate_i/clk_BUFG_inst_i_1/I0
                         LUT2 (Prop_LUT2_I0_O)        0.053     1.038 r  core_clock_gate_i/clk_BUFG_inst_i_1/O
                         net (fo=1, unplaced)         0.384     1.422    clk
                                                                      r  clk_BUFG_inst/I
                         BUFGCE (Prop_BUFGCE_I_O)     0.028     1.450 r  clk_BUFG_inst/O
                         net (fo=5360, unplaced)      2.584     4.034    u_cve2_core/cf_unit_i/u_scale_accum1/clk_BUFG
                         FDCE                                         r  u_cve2_core/cf_unit_i/u_scale_accum1/accumulator_s3_reg[8]/C
  -------------------------------------------------------------------    -------------------
                         FDCE (Prop_FDCE_C_Q)         0.077     4.111 r  u_cve2_core/cf_unit_i/u_scale_accum1/accumulator_s3_reg[8]/Q
                         net (fo=16, unplaced)        0.198     4.309    u_cve2_core/cf_unit_i/u_scale_accum1/accumulator_s3[8]
                                                                      r  u_cve2_core/cf_unit_i/u_scale_accum1/wr_data_q[31]_i_32/I0
                         LUT6 (Prop_LUT6_I0_O)        0.150     4.459 r  u_cve2_core/cf_unit_i/u_scale_accum1/wr_data_q[31]_i_32/O
                         net (fo=4, unplaced)         0.198     4.657    u_cve2_core/cf_unit_i/u_scale_accum1/wr_data_q[31]_i_32_n_0
                                                                      r  u_cve2_core/cf_unit_i/u_scale_accum1/wr_data_q[31]_i_25/I2
                         LUT5 (Prop_LUT5_I2_O)        0.038     4.695 r  u_cve2_core/cf_unit_i/u_scale_accum1/wr_data_q[31]_i_25/O
                         net (fo=3, unplaced)         0.192     4.887    u_cve2_core/cf_unit_i/u_scale_accum1/wr_data_q[31]_i_25_n_0
                                                                      r  u_cve2_core/cf_unit_i/u_scale_accum1/wr_data_q[31]_i_12/I1
                         LUT3 (Prop_LUT3_I1_O)        0.038     4.925 r  u_cve2_core/cf_unit_i/u_scale_accum1/wr_data_q[31]_i_12/O
                         net (fo=2, unplaced)         0.186     5.111    u_cve2_core/cf_unit_i/u_scale_accum1/wr_data_q[31]_i_12_n_0
                                                                      r  u_cve2_core/cf_unit_i/u_scale_accum1/wr_data_q[31]_i_3/I2
                         LUT5 (Prop_LUT5_I2_O)        0.038     5.149 r  u_cve2_core/cf_unit_i/u_scale_accum1/wr_data_q[31]_i_3/O
                         net (fo=67, unplaced)        0.262     5.411    u_cve2_core/cf_unit_i/u_scale_accum1/wr_data_q[31]_i_3_n_0
                                                                      r  u_cve2_core/cf_unit_i/u_scale_accum1/wr_data_q[31]_i_17/I5
                         LUT6 (Prop_LUT6_I5_O)        0.038     5.449 r  u_cve2_core/cf_unit_i/u_scale_accum1/wr_data_q[31]_i_17/O
                         net (fo=9, unplaced)         0.217     5.666    u_cve2_core/cf_unit_i/u_scale_accum1/wr_data_q[31]_i_17_n_0
                                                                      r  u_cve2_core/cf_unit_i/u_scale_accum1/wr_data_q[31]_i_23/I5
                         LUT6 (Prop_LUT6_I5_O)        0.038     5.704 r  u_cve2_core/cf_unit_i/u_scale_accum1/wr_data_q[31]_i_23/O
                         net (fo=10, unplaced)        0.219     5.923    u_cve2_core/cf_unit_i/u_scale_accum1/wr_data_q[31]_i_23_n_0
                                                                      r  u_cve2_core/cf_unit_i/u_scale_accum1/bram_high_reg_bram_0_i_82/I5
                         LUT6 (Prop_LUT6_I5_O)        0.038     5.961 f  u_cve2_core/cf_unit_i/u_scale_accum1/bram_high_reg_bram_0_i_82/O
                         net (fo=1, unplaced)         0.186     6.147    u_cve2_core/cf_unit_i/u_scale_accum1/bram_high_reg_bram_0_i_82_n_0
                                                                      f  u_cve2_core/cf_unit_i/u_scale_accum1/bram_high_reg_bram_0_i_70/I0
                         LUT3 (Prop_LUT3_I0_O)        0.038     6.185 f  u_cve2_core/cf_unit_i/u_scale_accum1/bram_high_reg_bram_0_i_70/O
                         net (fo=2, unplaced)         0.186     6.371    u_cve2_core/cf_unit_i/u_scale_accum1/bram_high_reg_bram_0_i_70_n_0
                                                                      f  u_cve2_core/cf_unit_i/u_scale_accum1/bram_high_reg_bram_0_i_75/I5
                         LUT6 (Prop_LUT6_I5_O)        0.038     6.409 r  u_cve2_core/cf_unit_i/u_scale_accum1/bram_high_reg_bram_0_i_75/O
                         net (fo=1, unplaced)         0.186     6.595    u_cve2_core/cf_unit_i/u_scale_accum1/bram_high_reg_bram_0_i_75_n_0
                                                                      r  u_cve2_core/cf_unit_i/u_scale_accum1/bram_high_reg_bram_0_i_55/I2
                         LUT3 (Prop_LUT3_I2_O)        0.038     6.633 r  u_cve2_core/cf_unit_i/u_scale_accum1/bram_high_reg_bram_0_i_55/O
                         net (fo=2, unplaced)         0.186     6.819    u_cve2_core/cf_unit_i/u_scale_accum1/u_add/u_fp_adder/bram_high_reg_bram_0_i_32[0]
                                                                      r  u_cve2_core/cf_unit_i/u_scale_accum1/u_add/u_fp_adder/bram_high_reg_bram_0_i_61/I0
                         LUT5 (Prop_LUT5_I0_O)        0.037     6.856 r  u_cve2_core/cf_unit_i/u_scale_accum1/u_add/u_fp_adder/bram_high_reg_bram_0_i_61/O
                         net (fo=1, unplaced)         0.032     6.888    u_cve2_core/cf_unit_i/u_scale_accum1/u_add_n_8
                                                                      r  u_cve2_core/cf_unit_i/u_scale_accum1/bram_high_reg_bram_0_i_32/S[3]
                         CARRY8 (Prop_CARRY8_S[3]_O[5])
                                                      0.184     7.072 f  u_cve2_core/cf_unit_i/u_scale_accum1/bram_high_reg_bram_0_i_32/O[5]
                         net (fo=7, unplaced)         0.182     7.254    u_cve2_core/cf_unit_i/u_scale_accum1/bram_high_reg_bram_0_i_32_n_10
                                                                      f  u_cve2_core/cf_unit_i/u_scale_accum1/wr_data_q[31]_i_13/I0
                         LUT6 (Prop_LUT6_I0_O)        0.150     7.404 r  u_cve2_core/cf_unit_i/u_scale_accum1/wr_data_q[31]_i_13/O
                         net (fo=3, unplaced)         0.192     7.596    u_cve2_core/cf_unit_i/u_scale_accum1/wr_data_q[31]_i_13_n_0
                                                                      r  u_cve2_core/cf_unit_i/u_scale_accum1/final_exp1_carry_i_22__0/I3
                         LUT6 (Prop_LUT6_I3_O)        0.038     7.634 f  u_cve2_core/cf_unit_i/u_scale_accum1/final_exp1_carry_i_22__0/O
                         net (fo=2, unplaced)         0.186     7.820    u_cve2_core/cf_unit_i/u_scale_accum1/final_exp1_carry_i_22__0_n_0
                                                                      f  u_cve2_core/cf_unit_i/u_scale_accum1/final_exp1_carry_i_14__0/I0
                         LUT6 (Prop_LUT6_I0_O)        0.038     7.858 f  u_cve2_core/cf_unit_i/u_scale_accum1/final_exp1_carry_i_14__0/O
                         net (fo=14, unplaced)        0.227     8.085    u_cve2_core/cf_unit_i/u_scale_accum1/final_exp1_carry_i_14__0_n_0
                                                                      f  u_cve2_core/cf_unit_i/u_scale_accum1/final_exp1_carry_i_4__0/I2
                         LUT6 (Prop_LUT6_I2_O)        0.038     8.123 r  u_cve2_core/cf_unit_i/u_scale_accum1/final_exp1_carry_i_4__0/O
                         net (fo=1, unplaced)         0.233     8.356    u_cve2_core/cf_unit_i/u_scale_accum1/u_add/u_fp_adder/DI[0]
                                                                      r  u_cve2_core/cf_unit_i/u_scale_accum1/u_add/u_fp_adder/final_exp1_carry/DI[0]
                         CARRY8 (Prop_CARRY8_DI[0]_CO[3])
                                                      0.182     8.538 r  u_cve2_core/cf_unit_i/u_scale_accum1/u_add/u_fp_adder/final_exp1_carry/CO[3]
                         net (fo=15, unplaced)        0.133     8.671    u_cve2_core/cf_unit_i/u_scale_accum1/u_add_n_0
                                                                      r  u_cve2_core/cf_unit_i/u_scale_accum1/wr_data_q[17]_i_8/I1
                         LUT3 (Prop_LUT3_I1_O)        0.038     8.709 r  u_cve2_core/cf_unit_i/u_scale_accum1/wr_data_q[17]_i_8/O
                         net (fo=6, unplaced)         0.208     8.917    u_cve2_core/cf_unit_i/u_scale_accum1/wr_data_q[17]_i_8_n_0
                                                                      r  u_cve2_core/cf_unit_i/u_scale_accum1/wr_data_q[17]_i_6/I0
                         LUT6 (Prop_LUT6_I0_O)        0.038     8.955 r  u_cve2_core/cf_unit_i/u_scale_accum1/wr_data_q[17]_i_6/O
                         net (fo=1, unplaced)         0.186     9.141    u_cve2_core/cf_unit_i/u_scale_accum1/wr_data_q[17]_i_6_n_0
                                                                      r  u_cve2_core/cf_unit_i/u_scale_accum1/wr_data_q[17]_i_3/I4
                         LUT5 (Prop_LUT5_I4_O)        0.038     9.179 f  u_cve2_core/cf_unit_i/u_scale_accum1/wr_data_q[17]_i_3/O
                         net (fo=3, unplaced)         0.192     9.371    u_cve2_core/cf_unit_i/u_scale_accum1/wr_data_q[17]_i_3_n_0
                                                                      f  u_cve2_core/cf_unit_i/u_scale_accum1/bram_high_reg_bram_0_i_23/I3
                         LUT5 (Prop_LUT5_I3_O)        0.038     9.409 r  u_cve2_core/cf_unit_i/u_scale_accum1/bram_high_reg_bram_0_i_23/O
                         net (fo=4, unplaced)         0.198     9.607    u_cve2_core/cf_unit_i/u_scale_accum1/bram_high_reg_bram_0_i_23_n_0
                                                                      r  u_cve2_core/cf_unit_i/u_scale_accum1/bram_high_reg_bram_0_i_21/I3
                         LUT5 (Prop_LUT5_I3_O)        0.038     9.645 r  u_cve2_core/cf_unit_i/u_scale_accum1/bram_high_reg_bram_0_i_21/O
                         net (fo=7, unplaced)         0.211     9.856    u_cve2_core/cf_unit_i/u_scale_accum1/bram_high_reg_bram_0_i_21_n_0
                                                                      r  u_cve2_core/cf_unit_i/u_scale_accum1/wr_data_q[24]_i_2/I3
                         LUT5 (Prop_LUT5_I3_O)        0.038     9.894 f  u_cve2_core/cf_unit_i/u_scale_accum1/wr_data_q[24]_i_2/O
                         net (fo=5, unplaced)         0.204    10.098    u_cve2_core/cf_unit_i/u_scale_accum1/wr_data_q[24]_i_2_n_0
                                                                      f  u_cve2_core/cf_unit_i/u_scale_accum1/wr_data_q[28]_i_2/I2
                         LUT5 (Prop_LUT5_I2_O)        0.038    10.136 r  u_cve2_core/cf_unit_i/u_scale_accum1/wr_data_q[28]_i_2/O
                         net (fo=1, unplaced)         0.186    10.322    u_cve2_core/cf_unit_i/u_scale_accum1/wr_data_q[28]_i_2_n_0
                                                                      r  u_cve2_core/cf_unit_i/u_scale_accum1/wr_data_q[28]_i_1/I3
                         LUT6 (Prop_LUT6_I3_O)        0.038    10.360 r  u_cve2_core/cf_unit_i/u_scale_accum1/wr_data_q[28]_i_1/O
                         net (fo=2, unplaced)         0.186    10.546    u_cve2_core/cf_unit_i/u_scale_fsm/bram_high_reg_bram_0[21]
                                                                      r  u_cve2_core/cf_unit_i/u_scale_fsm/bram_high_reg_bram_0_i_5/I0
                         LUT4 (Prop_LUT4_I0_O)        0.038    10.584 r  u_cve2_core/cf_unit_i/u_scale_fsm/bram_high_reg_bram_0_i_5/O
                         net (fo=1, unplaced)         0.107    10.691    u_cve2_core/cf_unit_i/u_accum_bram/DINADIN[12]
                         RAMB18E2                                     r  u_cve2_core/cf_unit_i/u_accum_bram/bram_high_reg_bram_0/DINADIN[12]
  -------------------------------------------------------------------    -------------------

                         (clock clk_i rise edge)      8.000     8.000 r  
                                                      0.000     8.000 r  clk_i (IN)
                         net (fo=0)                   0.000     8.000    clk_i_IBUF_inst/I
                                                                      r  clk_i_IBUF_inst/INBUF_INST/PAD
                         INBUF (Prop_INBUF_PAD_O)     0.331     8.331 r  clk_i_IBUF_inst/INBUF_INST/O
                         net (fo=1, unplaced)         0.000     8.331    clk_i_IBUF_inst/OUT
                                                                      r  clk_i_IBUF_inst/IBUFCTRL_INST/I
                         IBUFCTRL (Prop_IBUFCTRL_I_O)
                                                      0.000     8.331 r  clk_i_IBUF_inst/IBUFCTRL_INST/O
                         net (fo=2, unplaced)         0.292     8.623    core_clock_gate_i/clk_i_IBUF
                                                                      r  core_clock_gate_i/clk_BUFG_inst_i_1/I0
                         LUT2 (Prop_LUT2_I0_O)        0.036     8.659 r  core_clock_gate_i/clk_BUFG_inst_i_1/O
                         net (fo=1, unplaced)         0.282     8.941    clk
                                                                      r  clk_BUFG_inst/I
                         BUFGCE (Prop_BUFGCE_I_O)     0.024     8.965 r  clk_BUFG_inst/O
                         net (fo=5360, unplaced)      2.439    11.404    u_cve2_core/cf_unit_i/u_accum_bram/clk_BUFG
                         RAMB18E2                                     r  u_cve2_core/cf_unit_i/u_accum_bram/bram_high_reg_bram_0/CLKARDCLK
                         clock pessimism              0.485    11.889    
                         clock uncertainty           -0.035    11.854    
                         RAMB18E2 (Setup_RAMB18E2_CLKARDCLK_DINADIN[12])
                                                     -0.260    11.594    u_cve2_core/cf_unit_i/u_accum_bram/bram_high_reg_bram_0
  -------------------------------------------------------------------
                         required time                         11.594    
                         arrival time                         -10.691    
  -------------------------------------------------------------------
                         slack                                  0.903    

Slack (MET) :             0.904ns  (required time - arrival time)
  Source:                 u_cve2_core/cf_unit_i/u_scale_accum1/accumulator_s3_reg[8]/C
                            (rising edge-triggered cell FDCE clocked by clk_i  {rise@0.000ns fall@4.000ns period=8.000ns})
  Destination:            u_cve2_core/cf_unit_i/u_accum_bram/bram_high_reg_bram_0/DINADIN[13]
                            (rising edge-triggered cell RAMB18E2 clocked by clk_i  {rise@0.000ns fall@4.000ns period=8.000ns})
  Path Group:             clk_i
  Path Type:              Setup (Max at Slow Process Corner)
  Requirement:            8.000ns  (clk_i rise@8.000ns - clk_i rise@0.000ns)
  Data Path Delay:        6.655ns  (logic 1.578ns (23.712%)  route 5.077ns (76.289%))
  Logic Levels:           26  (CARRY8=2 LUT3=4 LUT4=1 LUT5=7 LUT6=12)
  Clock Path Skew:        -0.145ns (DCD - SCD + CPR)
    Destination Clock Delay (DCD):    3.404ns = ( 11.404 - 8.000 ) 
    Source Clock Delay      (SCD):    4.034ns
    Clock Pessimism Removal (CPR):    0.485ns
  Clock Uncertainty:      0.035ns  ((TSJ^2 + TIJ^2)^1/2 + DJ) / 2 + PE
    Total System Jitter     (TSJ):    0.071ns
    Total Input Jitter      (TIJ):    0.000ns
    Discrete Jitter          (DJ):    0.000ns
    Phase Error              (PE):    0.000ns

    Location             Delay type                Incr(ns)  Path(ns)    Netlist Resource(s)
  -------------------------------------------------------------------    -------------------
                         (clock clk_i rise edge)      0.000     0.000 r  
                                                      0.000     0.000 r  clk_i (IN)
                         net (fo=0)                   0.000     0.000    clk_i_IBUF_inst/I
                                                                      r  clk_i_IBUF_inst/INBUF_INST/PAD
                         INBUF (Prop_INBUF_PAD_O)     0.582     0.582 r  clk_i_IBUF_inst/INBUF_INST/O
                         net (fo=1, unplaced)         0.000     0.582    clk_i_IBUF_inst/OUT
                                                                      r  clk_i_IBUF_inst/IBUFCTRL_INST/I
                         IBUFCTRL (Prop_IBUFCTRL_I_O)
                                                      0.000     0.582 r  clk_i_IBUF_inst/IBUFCTRL_INST/O
                         net (fo=2, unplaced)         0.403     0.985    core_clock_gate_i/clk_i_IBUF
                                                                      r  core_clock_gate_i/clk_BUFG_inst_i_1/I0
                         LUT2 (Prop_LUT2_I0_O)        0.053     1.038 r  core_clock_gate_i/clk_BUFG_inst_i_1/O
                         net (fo=1, unplaced)         0.384     1.422    clk
                                                                      r  clk_BUFG_inst/I
                         BUFGCE (Prop_BUFGCE_I_O)     0.028     1.450 r  clk_BUFG_inst/O
                         net (fo=5360, unplaced)      2.584     4.034    u_cve2_core/cf_unit_i/u_scale_accum1/clk_BUFG
                         FDCE                                         r  u_cve2_core/cf_unit_i/u_scale_accum1/accumulator_s3_reg[8]/C
  -------------------------------------------------------------------    -------------------
                         FDCE (Prop_FDCE_C_Q)         0.077     4.111 r  u_cve2_core/cf_unit_i/u_scale_accum1/accumulator_s3_reg[8]/Q
                         net (fo=16, unplaced)        0.198     4.309    u_cve2_core/cf_unit_i/u_scale_accum1/accumulator_s3[8]
                                                                      r  u_cve2_core/cf_unit_i/u_scale_accum1/wr_data_q[31]_i_32/I0
                         LUT6 (Prop_LUT6_I0_O)        0.150     4.459 r  u_cve2_core/cf_unit_i/u_scale_accum1/wr_data_q[31]_i_32/O
                         net (fo=4, unplaced)         0.198     4.657    u_cve2_core/cf_unit_i/u_scale_accum1/wr_data_q[31]_i_32_n_0
                                                                      r  u_cve2_core/cf_unit_i/u_scale_accum1/wr_data_q[31]_i_25/I2
                         LUT5 (Prop_LUT5_I2_O)        0.038     4.695 r  u_cve2_core/cf_unit_i/u_scale_accum1/wr_data_q[31]_i_25/O
                         net (fo=3, unplaced)         0.192     4.887    u_cve2_core/cf_unit_i/u_scale_accum1/wr_data_q[31]_i_25_n_0
                                                                      r  u_cve2_core/cf_unit_i/u_scale_accum1/wr_data_q[31]_i_12/I1
                         LUT3 (Prop_LUT3_I1_O)        0.038     4.925 r  u_cve2_core/cf_unit_i/u_scale_accum1/wr_data_q[31]_i_12/O
                         net (fo=2, unplaced)         0.186     5.111    u_cve2_core/cf_unit_i/u_scale_accum1/wr_data_q[31]_i_12_n_0
                                                                      r  u_cve2_core/cf_unit_i/u_scale_accum1/wr_data_q[31]_i_3/I2
                         LUT5 (Prop_LUT5_I2_O)        0.038     5.149 r  u_cve2_core/cf_unit_i/u_scale_accum1/wr_data_q[31]_i_3/O
                         net (fo=67, unplaced)        0.262     5.411    u_cve2_core/cf_unit_i/u_scale_accum1/wr_data_q[31]_i_3_n_0
                                                                      r  u_cve2_core/cf_unit_i/u_scale_accum1/wr_data_q[31]_i_17/I5
                         LUT6 (Prop_LUT6_I5_O)        0.038     5.449 r  u_cve2_core/cf_unit_i/u_scale_accum1/wr_data_q[31]_i_17/O
                         net (fo=9, unplaced)         0.217     5.666    u_cve2_core/cf_unit_i/u_scale_accum1/wr_data_q[31]_i_17_n_0
                                                                      r  u_cve2_core/cf_unit_i/u_scale_accum1/wr_data_q[31]_i_23/I5
                         LUT6 (Prop_LUT6_I5_O)        0.038     5.704 r  u_cve2_core/cf_unit_i/u_scale_accum1/wr_data_q[31]_i_23/O
                         net (fo=10, unplaced)        0.219     5.923    u_cve2_core/cf_unit_i/u_scale_accum1/wr_data_q[31]_i_23_n_0
                                                                      r  u_cve2_core/cf_unit_i/u_scale_accum1/bram_high_reg_bram_0_i_82/I5
                         LUT6 (Prop_LUT6_I5_O)        0.038     5.961 f  u_cve2_core/cf_unit_i/u_scale_accum1/bram_high_reg_bram_0_i_82/O
                         net (fo=1, unplaced)         0.186     6.147    u_cve2_core/cf_unit_i/u_scale_accum1/bram_high_reg_bram_0_i_82_n_0
                                                                      f  u_cve2_core/cf_unit_i/u_scale_accum1/bram_high_reg_bram_0_i_70/I0
                         LUT3 (Prop_LUT3_I0_O)        0.038     6.185 f  u_cve2_core/cf_unit_i/u_scale_accum1/bram_high_reg_bram_0_i_70/O
                         net (fo=2, unplaced)         0.186     6.371    u_cve2_core/cf_unit_i/u_scale_accum1/bram_high_reg_bram_0_i_70_n_0
                                                                      f  u_cve2_core/cf_unit_i/u_scale_accum1/bram_high_reg_bram_0_i_75/I5
                         LUT6 (Prop_LUT6_I5_O)        0.038     6.409 r  u_cve2_core/cf_unit_i/u_scale_accum1/bram_high_reg_bram_0_i_75/O
                         net (fo=1, unplaced)         0.186     6.595    u_cve2_core/cf_unit_i/u_scale_accum1/bram_high_reg_bram_0_i_75_n_0
                                                                      r  u_cve2_core/cf_unit_i/u_scale_accum1/bram_high_reg_bram_0_i_55/I2
                         LUT3 (Prop_LUT3_I2_O)        0.038     6.633 r  u_cve2_core/cf_unit_i/u_scale_accum1/bram_high_reg_bram_0_i_55/O
                         net (fo=2, unplaced)         0.186     6.819    u_cve2_core/cf_unit_i/u_scale_accum1/u_add/u_fp_adder/bram_high_reg_bram_0_i_32[0]
                                                                      r  u_cve2_core/cf_unit_i/u_scale_accum1/u_add/u_fp_adder/bram_high_reg_bram_0_i_61/I0
                         LUT5 (Prop_LUT5_I0_O)        0.037     6.856 r  u_cve2_core/cf_unit_i/u_scale_accum1/u_add/u_fp_adder/bram_high_reg_bram_0_i_61/O
                         net (fo=1, unplaced)         0.032     6.888    u_cve2_core/cf_unit_i/u_scale_accum1/u_add_n_8
                                                                      r  u_cve2_core/cf_unit_i/u_scale_accum1/bram_high_reg_bram_0_i_32/S[3]
                         CARRY8 (Prop_CARRY8_S[3]_O[5])
                                                      0.184     7.072 f  u_cve2_core/cf_unit_i/u_scale_accum1/bram_high_reg_bram_0_i_32/O[5]
                         net (fo=7, unplaced)         0.182     7.254    u_cve2_core/cf_unit_i/u_scale_accum1/bram_high_reg_bram_0_i_32_n_10
                                                                      f  u_cve2_core/cf_unit_i/u_scale_accum1/wr_data_q[31]_i_13/I0
                         LUT6 (Prop_LUT6_I0_O)        0.150     7.404 r  u_cve2_core/cf_unit_i/u_scale_accum1/wr_data_q[31]_i_13/O
                         net (fo=3, unplaced)         0.192     7.596    u_cve2_core/cf_unit_i/u_scale_accum1/wr_data_q[31]_i_13_n_0
                                                                      r  u_cve2_core/cf_unit_i/u_scale_accum1/final_exp1_carry_i_22__0/I3
                         LUT6 (Prop_LUT6_I3_O)        0.038     7.634 f  u_cve2_core/cf_unit_i/u_scale_accum1/final_exp1_carry_i_22__0/O
                         net (fo=2, unplaced)         0.186     7.820    u_cve2_core/cf_unit_i/u_scale_accum1/final_exp1_carry_i_22__0_n_0
                                                                      f  u_cve2_core/cf_unit_i/u_scale_accum1/final_exp1_carry_i_14__0/I0
                         LUT6 (Prop_LUT6_I0_O)        0.038     7.858 f  u_cve2_core/cf_unit_i/u_scale_accum1/final_exp1_carry_i_14__0/O
                         net (fo=14, unplaced)        0.227     8.085    u_cve2_core/cf_unit_i/u_scale_accum1/final_exp1_carry_i_14__0_n_0
                                                                      f  u_cve2_core/cf_unit_i/u_scale_accum1/final_exp1_carry_i_4__0/I2
                         LUT6 (Prop_LUT6_I2_O)        0.038     8.123 r  u_cve2_core/cf_unit_i/u_scale_accum1/final_exp1_carry_i_4__0/O
                         net (fo=1, unplaced)         0.233     8.356    u_cve2_core/cf_unit_i/u_scale_accum1/u_add/u_fp_adder/DI[0]
                                                                      r  u_cve2_core/cf_unit_i/u_scale_accum1/u_add/u_fp_adder/final_exp1_carry/DI[0]
                         CARRY8 (Prop_CARRY8_DI[0]_CO[3])
                                                      0.182     8.538 r  u_cve2_core/cf_unit_i/u_scale_accum1/u_add/u_fp_adder/final_exp1_carry/CO[3]
                         net (fo=15, unplaced)        0.133     8.671    u_cve2_core/cf_unit_i/u_scale_accum1/u_add_n_0
                                                                      r  u_cve2_core/cf_unit_i/u_scale_accum1/wr_data_q[17]_i_8/I1
                         LUT3 (Prop_LUT3_I1_O)        0.038     8.709 r  u_cve2_core/cf_unit_i/u_scale_accum1/wr_data_q[17]_i_8/O
                         net (fo=6, unplaced)         0.208     8.917    u_cve2_core/cf_unit_i/u_scale_accum1/wr_data_q[17]_i_8_n_0
                                                                      r  u_cve2_core/cf_unit_i/u_scale_accum1/wr_data_q[17]_i_6/I0
                         LUT6 (Prop_LUT6_I0_O)        0.038     8.955 r  u_cve2_core/cf_unit_i/u_scale_accum1/wr_data_q[17]_i_6/O
                         net (fo=1, unplaced)         0.186     9.141    u_cve2_core/cf_unit_i/u_scale_accum1/wr_data_q[17]_i_6_n_0
                                                                      r  u_cve2_core/cf_unit_i/u_scale_accum1/wr_data_q[17]_i_3/I4
                         LUT5 (Prop_LUT5_I4_O)        0.038     9.179 f  u_cve2_core/cf_unit_i/u_scale_accum1/wr_data_q[17]_i_3/O
                         net (fo=3, unplaced)         0.192     9.371    u_cve2_core/cf_unit_i/u_scale_accum1/wr_data_q[17]_i_3_n_0
                                                                      f  u_cve2_core/cf_unit_i/u_scale_accum1/bram_high_reg_bram_0_i_23/I3
                         LUT5 (Prop_LUT5_I3_O)        0.038     9.409 r  u_cve2_core/cf_unit_i/u_scale_accum1/bram_high_reg_bram_0_i_23/O
                         net (fo=4, unplaced)         0.198     9.607    u_cve2_core/cf_unit_i/u_scale_accum1/bram_high_reg_bram_0_i_23_n_0
                                                                      r  u_cve2_core/cf_unit_i/u_scale_accum1/bram_high_reg_bram_0_i_21/I3
                         LUT5 (Prop_LUT5_I3_O)        0.038     9.645 r  u_cve2_core/cf_unit_i/u_scale_accum1/bram_high_reg_bram_0_i_21/O
                         net (fo=7, unplaced)         0.211     9.856    u_cve2_core/cf_unit_i/u_scale_accum1/bram_high_reg_bram_0_i_21_n_0
                                                                      r  u_cve2_core/cf_unit_i/u_scale_accum1/wr_data_q[24]_i_2/I3
                         LUT5 (Prop_LUT5_I3_O)        0.038     9.894 f  u_cve2_core/cf_unit_i/u_scale_accum1/wr_data_q[24]_i_2/O
                         net (fo=5, unplaced)         0.204    10.098    u_cve2_core/cf_unit_i/u_scale_accum1/wr_data_q[24]_i_2_n_0
                                                                      f  u_cve2_core/cf_unit_i/u_scale_accum1/wr_data_q[30]_i_3/I3
                         LUT6 (Prop_LUT6_I3_O)        0.038    10.136 r  u_cve2_core/cf_unit_i/u_scale_accum1/wr_data_q[30]_i_3/O
                         net (fo=2, unplaced)         0.186    10.322    u_cve2_core/cf_unit_i/u_scale_accum1/wr_data_q[30]_i_3_n_0
                                                                      r  u_cve2_core/cf_unit_i/u_scale_accum1/wr_data_q[29]_i_1/I3
                         LUT6 (Prop_LUT6_I3_O)        0.038    10.360 r  u_cve2_core/cf_unit_i/u_scale_accum1/wr_data_q[29]_i_1/O
                         net (fo=2, unplaced)         0.186    10.546    u_cve2_core/cf_unit_i/u_scale_fsm/bram_high_reg_bram_0[22]
                                                                      r  u_cve2_core/cf_unit_i/u_scale_fsm/bram_high_reg_bram_0_i_4/I0
                         LUT4 (Prop_LUT4_I0_O)        0.038    10.584 r  u_cve2_core/cf_unit_i/u_scale_fsm/bram_high_reg_bram_0_i_4/O
                         net (fo=1, unplaced)         0.105    10.689    u_cve2_core/cf_unit_i/u_accum_bram/DINADIN[13]
                         RAMB18E2                                     r  u_cve2_core/cf_unit_i/u_accum_bram/bram_high_reg_bram_0/DINADIN[13]
  -------------------------------------------------------------------    -------------------

                         (clock clk_i rise edge)      8.000     8.000 r  
                                                      0.000     8.000 r  clk_i (IN)
                         net (fo=0)                   0.000     8.000    clk_i_IBUF_inst/I
                                                                      r  clk_i_IBUF_inst/INBUF_INST/PAD
                         INBUF (Prop_INBUF_PAD_O)     0.331     8.331 r  clk_i_IBUF_inst/INBUF_INST/O
                         net (fo=1, unplaced)         0.000     8.331    clk_i_IBUF_inst/OUT
                                                                      r  clk_i_IBUF_inst/IBUFCTRL_INST/I
                         IBUFCTRL (Prop_IBUFCTRL_I_O)
                                                      0.000     8.331 r  clk_i_IBUF_inst/IBUFCTRL_INST/O
                         net (fo=2, unplaced)         0.292     8.623    core_clock_gate_i/clk_i_IBUF
                                                                      r  core_clock_gate_i/clk_BUFG_inst_i_1/I0
                         LUT2 (Prop_LUT2_I0_O)        0.036     8.659 r  core_clock_gate_i/clk_BUFG_inst_i_1/O
                         net (fo=1, unplaced)         0.282     8.941    clk
                                                                      r  clk_BUFG_inst/I
                         BUFGCE (Prop_BUFGCE_I_O)     0.024     8.965 r  clk_BUFG_inst/O
                         net (fo=5360, unplaced)      2.439    11.404    u_cve2_core/cf_unit_i/u_accum_bram/clk_BUFG
                         RAMB18E2                                     r  u_cve2_core/cf_unit_i/u_accum_bram/bram_high_reg_bram_0/CLKARDCLK
                         clock pessimism              0.485    11.889    
                         clock uncertainty           -0.035    11.854    
                         RAMB18E2 (Setup_RAMB18E2_CLKARDCLK_DINADIN[13])
                                                     -0.261    11.593    u_cve2_core/cf_unit_i/u_accum_bram/bram_high_reg_bram_0
  -------------------------------------------------------------------
                         required time                         11.593    
                         arrival time                         -10.689    
  -------------------------------------------------------------------
                         slack                                  0.904    

Slack (MET) :             0.920ns  (required time - arrival time)
  Source:                 u_cve2_core/cf_unit_i/u_scale_accum1/accumulator_s3_reg[8]/C
                            (rising edge-triggered cell FDCE clocked by clk_i  {rise@0.000ns fall@4.000ns period=8.000ns})
  Destination:            u_cve2_core/cf_unit_i/u_accum_bram/bram_high_reg_bram_0/DINADIN[10]
                            (rising edge-triggered cell RAMB18E2 clocked by clk_i  {rise@0.000ns fall@4.000ns period=8.000ns})
  Path Group:             clk_i
  Path Type:              Setup (Max at Slow Process Corner)
  Requirement:            8.000ns  (clk_i rise@8.000ns - clk_i rise@0.000ns)
  Data Path Delay:        6.655ns  (logic 1.578ns (23.712%)  route 5.077ns (76.289%))
  Logic Levels:           26  (CARRY8=2 LUT3=5 LUT4=1 LUT5=7 LUT6=11)
  Clock Path Skew:        -0.145ns (DCD - SCD + CPR)
    Destination Clock Delay (DCD):    3.404ns = ( 11.404 - 8.000 ) 
    Source Clock Delay      (SCD):    4.034ns
    Clock Pessimism Removal (CPR):    0.485ns
  Clock Uncertainty:      0.035ns  ((TSJ^2 + TIJ^2)^1/2 + DJ) / 2 + PE
    Total System Jitter     (TSJ):    0.071ns
    Total Input Jitter      (TIJ):    0.000ns
    Discrete Jitter          (DJ):    0.000ns
    Phase Error              (PE):    0.000ns

    Location             Delay type                Incr(ns)  Path(ns)    Netlist Resource(s)
  -------------------------------------------------------------------    -------------------
                         (clock clk_i rise edge)      0.000     0.000 r  
                                                      0.000     0.000 r  clk_i (IN)
                         net (fo=0)                   0.000     0.000    clk_i_IBUF_inst/I
                                                                      r  clk_i_IBUF_inst/INBUF_INST/PAD
                         INBUF (Prop_INBUF_PAD_O)     0.582     0.582 r  clk_i_IBUF_inst/INBUF_INST/O
                         net (fo=1, unplaced)         0.000     0.582    clk_i_IBUF_inst/OUT
                                                                      r  clk_i_IBUF_inst/IBUFCTRL_INST/I
                         IBUFCTRL (Prop_IBUFCTRL_I_O)
                                                      0.000     0.582 r  clk_i_IBUF_inst/IBUFCTRL_INST/O
                         net (fo=2, unplaced)         0.403     0.985    core_clock_gate_i/clk_i_IBUF
                                                                      r  core_clock_gate_i/clk_BUFG_inst_i_1/I0
                         LUT2 (Prop_LUT2_I0_O)        0.053     1.038 r  core_clock_gate_i/clk_BUFG_inst_i_1/O
                         net (fo=1, unplaced)         0.384     1.422    clk
                                                                      r  clk_BUFG_inst/I
                         BUFGCE (Prop_BUFGCE_I_O)     0.028     1.450 r  clk_BUFG_inst/O
                         net (fo=5360, unplaced)      2.584     4.034    u_cve2_core/cf_unit_i/u_scale_accum1/clk_BUFG
                         FDCE                                         r  u_cve2_core/cf_unit_i/u_scale_accum1/accumulator_s3_reg[8]/C
  -------------------------------------------------------------------    -------------------
                         FDCE (Prop_FDCE_C_Q)         0.077     4.111 r  u_cve2_core/cf_unit_i/u_scale_accum1/accumulator_s3_reg[8]/Q
                         net (fo=16, unplaced)        0.198     4.309    u_cve2_core/cf_unit_i/u_scale_accum1/accumulator_s3[8]
                                                                      r  u_cve2_core/cf_unit_i/u_scale_accum1/wr_data_q[31]_i_32/I0
                         LUT6 (Prop_LUT6_I0_O)        0.150     4.459 r  u_cve2_core/cf_unit_i/u_scale_accum1/wr_data_q[31]_i_32/O
                         net (fo=4, unplaced)         0.198     4.657    u_cve2_core/cf_unit_i/u_scale_accum1/wr_data_q[31]_i_32_n_0
                                                                      r  u_cve2_core/cf_unit_i/u_scale_accum1/wr_data_q[31]_i_25/I2
                         LUT5 (Prop_LUT5_I2_O)        0.038     4.695 r  u_cve2_core/cf_unit_i/u_scale_accum1/wr_data_q[31]_i_25/O
                         net (fo=3, unplaced)         0.192     4.887    u_cve2_core/cf_unit_i/u_scale_accum1/wr_data_q[31]_i_25_n_0
                                                                      r  u_cve2_core/cf_unit_i/u_scale_accum1/wr_data_q[31]_i_12/I1
                         LUT3 (Prop_LUT3_I1_O)        0.038     4.925 r  u_cve2_core/cf_unit_i/u_scale_accum1/wr_data_q[31]_i_12/O
                         net (fo=2, unplaced)         0.186     5.111    u_cve2_core/cf_unit_i/u_scale_accum1/wr_data_q[31]_i_12_n_0
                                                                      r  u_cve2_core/cf_unit_i/u_scale_accum1/wr_data_q[31]_i_3/I2
                         LUT5 (Prop_LUT5_I2_O)        0.038     5.149 r  u_cve2_core/cf_unit_i/u_scale_accum1/wr_data_q[31]_i_3/O
                         net (fo=67, unplaced)        0.262     5.411    u_cve2_core/cf_unit_i/u_scale_accum1/wr_data_q[31]_i_3_n_0
                                                                      r  u_cve2_core/cf_unit_i/u_scale_accum1/wr_data_q[31]_i_17/I5
                         LUT6 (Prop_LUT6_I5_O)        0.038     5.449 r  u_cve2_core/cf_unit_i/u_scale_accum1/wr_data_q[31]_i_17/O
                         net (fo=9, unplaced)         0.217     5.666    u_cve2_core/cf_unit_i/u_scale_accum1/wr_data_q[31]_i_17_n_0
                                                                      r  u_cve2_core/cf_unit_i/u_scale_accum1/wr_data_q[31]_i_23/I5
                         LUT6 (Prop_LUT6_I5_O)        0.038     5.704 r  u_cve2_core/cf_unit_i/u_scale_accum1/wr_data_q[31]_i_23/O
                         net (fo=10, unplaced)        0.219     5.923    u_cve2_core/cf_unit_i/u_scale_accum1/wr_data_q[31]_i_23_n_0
                                                                      r  u_cve2_core/cf_unit_i/u_scale_accum1/bram_high_reg_bram_0_i_82/I5
                         LUT6 (Prop_LUT6_I5_O)        0.038     5.961 f  u_cve2_core/cf_unit_i/u_scale_accum1/bram_high_reg_bram_0_i_82/O
                         net (fo=1, unplaced)         0.186     6.147    u_cve2_core/cf_unit_i/u_scale_accum1/bram_high_reg_bram_0_i_82_n_0
                                                                      f  u_cve2_core/cf_unit_i/u_scale_accum1/bram_high_reg_bram_0_i_70/I0
                         LUT3 (Prop_LUT3_I0_O)        0.038     6.185 f  u_cve2_core/cf_unit_i/u_scale_accum1/bram_high_reg_bram_0_i_70/O
                         net (fo=2, unplaced)         0.186     6.371    u_cve2_core/cf_unit_i/u_scale_accum1/bram_high_reg_bram_0_i_70_n_0
                                                                      f  u_cve2_core/cf_unit_i/u_scale_accum1/bram_high_reg_bram_0_i_75/I5
                         LUT6 (Prop_LUT6_I5_O)        0.038     6.409 r  u_cve2_core/cf_unit_i/u_scale_accum1/bram_high_reg_bram_0_i_75/O
                         net (fo=1, unplaced)         0.186     6.595    u_cve2_core/cf_unit_i/u_scale_accum1/bram_high_reg_bram_0_i_75_n_0
                                                                      r  u_cve2_core/cf_unit_i/u_scale_accum1/bram_high_reg_bram_0_i_55/I2
                         LUT3 (Prop_LUT3_I2_O)        0.038     6.633 r  u_cve2_core/cf_unit_i/u_scale_accum1/bram_high_reg_bram_0_i_55/O
                         net (fo=2, unplaced)         0.186     6.819    u_cve2_core/cf_unit_i/u_scale_accum1/u_add/u_fp_adder/bram_high_reg_bram_0_i_32[0]
                                                                      r  u_cve2_core/cf_unit_i/u_scale_accum1/u_add/u_fp_adder/bram_high_reg_bram_0_i_61/I0
                         LUT5 (Prop_LUT5_I0_O)        0.037     6.856 r  u_cve2_core/cf_unit_i/u_scale_accum1/u_add/u_fp_adder/bram_high_reg_bram_0_i_61/O
                         net (fo=1, unplaced)         0.032     6.888    u_cve2_core/cf_unit_i/u_scale_accum1/u_add_n_8
                                                                      r  u_cve2_core/cf_unit_i/u_scale_accum1/bram_high_reg_bram_0_i_32/S[3]
                         CARRY8 (Prop_CARRY8_S[3]_O[5])
                                                      0.184     7.072 f  u_cve2_core/cf_unit_i/u_scale_accum1/bram_high_reg_bram_0_i_32/O[5]
                         net (fo=7, unplaced)         0.182     7.254    u_cve2_core/cf_unit_i/u_scale_accum1/bram_high_reg_bram_0_i_32_n_10
                                                                      f  u_cve2_core/cf_unit_i/u_scale_accum1/wr_data_q[31]_i_13/I0
                         LUT6 (Prop_LUT6_I0_O)        0.150     7.404 r  u_cve2_core/cf_unit_i/u_scale_accum1/wr_data_q[31]_i_13/O
                         net (fo=3, unplaced)         0.192     7.596    u_cve2_core/cf_unit_i/u_scale_accum1/wr_data_q[31]_i_13_n_0
                                                                      r  u_cve2_core/cf_unit_i/u_scale_accum1/final_exp1_carry_i_22__0/I3
                         LUT6 (Prop_LUT6_I3_O)        0.038     7.634 r  u_cve2_core/cf_unit_i/u_scale_accum1/final_exp1_carry_i_22__0/O
                         net (fo=2, unplaced)         0.186     7.820    u_cve2_core/cf_unit_i/u_scale_accum1/final_exp1_carry_i_22__0_n_0
                                                                      r  u_cve2_core/cf_unit_i/u_scale_accum1/final_exp1_carry_i_14__0/I0
                         LUT6 (Prop_LUT6_I0_O)        0.038     7.858 r  u_cve2_core/cf_unit_i/u_scale_accum1/final_exp1_carry_i_14__0/O
                         net (fo=14, unplaced)        0.227     8.085    u_cve2_core/cf_unit_i/u_scale_accum1/final_exp1_carry_i_14__0_n_0
                                                                      r  u_cve2_core/cf_unit_i/u_scale_accum1/final_exp1_carry_i_4__0/I2
                         LUT6 (Prop_LUT6_I2_O)        0.038     8.123 f  u_cve2_core/cf_unit_i/u_scale_accum1/final_exp1_carry_i_4__0/O
                         net (fo=1, unplaced)         0.233     8.356    u_cve2_core/cf_unit_i/u_scale_accum1/u_add/u_fp_adder/DI[0]
                                                                      f  u_cve2_core/cf_unit_i/u_scale_accum1/u_add/u_fp_adder/final_exp1_carry/DI[0]
                         CARRY8 (Prop_CARRY8_DI[0]_CO[3])
                                                      0.182     8.538 f  u_cve2_core/cf_unit_i/u_scale_accum1/u_add/u_fp_adder/final_exp1_carry/CO[3]
                         net (fo=15, unplaced)        0.133     8.671    u_cve2_core/cf_unit_i/u_scale_accum1/u_add_n_0
                                                                      f  u_cve2_core/cf_unit_i/u_scale_accum1/wr_data_q[17]_i_8/I1
                         LUT3 (Prop_LUT3_I1_O)        0.038     8.709 f  u_cve2_core/cf_unit_i/u_scale_accum1/wr_data_q[17]_i_8/O
                         net (fo=6, unplaced)         0.208     8.917    u_cve2_core/cf_unit_i/u_scale_accum1/wr_data_q[17]_i_8_n_0
                                                                      f  u_cve2_core/cf_unit_i/u_scale_accum1/wr_data_q[17]_i_6/I0
                         LUT6 (Prop_LUT6_I0_O)        0.038     8.955 f  u_cve2_core/cf_unit_i/u_scale_accum1/wr_data_q[17]_i_6/O
                         net (fo=1, unplaced)         0.186     9.141    u_cve2_core/cf_unit_i/u_scale_accum1/wr_data_q[17]_i_6_n_0
                                                                      f  u_cve2_core/cf_unit_i/u_scale_accum1/wr_data_q[17]_i_3/I4
                         LUT5 (Prop_LUT5_I4_O)        0.038     9.179 r  u_cve2_core/cf_unit_i/u_scale_accum1/wr_data_q[17]_i_3/O
                         net (fo=3, unplaced)         0.192     9.371    u_cve2_core/cf_unit_i/u_scale_accum1/wr_data_q[17]_i_3_n_0
                                                                      r  u_cve2_core/cf_unit_i/u_scale_accum1/bram_high_reg_bram_0_i_23/I3
                         LUT5 (Prop_LUT5_I3_O)        0.038     9.409 f  u_cve2_core/cf_unit_i/u_scale_accum1/bram_high_reg_bram_0_i_23/O
                         net (fo=4, unplaced)         0.198     9.607    u_cve2_core/cf_unit_i/u_scale_accum1/bram_high_reg_bram_0_i_23_n_0
                                                                      f  u_cve2_core/cf_unit_i/u_scale_accum1/bram_high_reg_bram_0_i_21/I3
                         LUT5 (Prop_LUT5_I3_O)        0.038     9.645 f  u_cve2_core/cf_unit_i/u_scale_accum1/bram_high_reg_bram_0_i_21/O
                         net (fo=7, unplaced)         0.211     9.856    u_cve2_core/cf_unit_i/u_scale_accum1/bram_high_reg_bram_0_i_21_n_0
                                                                      f  u_cve2_core/cf_unit_i/u_scale_accum1/wr_data_q[24]_i_2/I3
                         LUT5 (Prop_LUT5_I3_O)        0.038     9.894 r  u_cve2_core/cf_unit_i/u_scale_accum1/wr_data_q[24]_i_2/O
                         net (fo=5, unplaced)         0.204    10.098    u_cve2_core/cf_unit_i/u_scale_accum1/wr_data_q[24]_i_2_n_0
                                                                      r  u_cve2_core/cf_unit_i/u_scale_accum1/wr_data_q[26]_i_2/I1
                         LUT3 (Prop_LUT3_I1_O)        0.038    10.136 r  u_cve2_core/cf_unit_i/u_scale_accum1/wr_data_q[26]_i_2/O
                         net (fo=1, unplaced)         0.186    10.322    u_cve2_core/cf_unit_i/u_scale_accum1/wr_data_q[26]_i_2_n_0
                                                                      r  u_cve2_core/cf_unit_i/u_scale_accum1/wr_data_q[26]_i_1/I3
                         LUT6 (Prop_LUT6_I3_O)        0.038    10.360 r  u_cve2_core/cf_unit_i/u_scale_accum1/wr_data_q[26]_i_1/O
                         net (fo=2, unplaced)         0.186    10.546    u_cve2_core/cf_unit_i/u_scale_fsm/bram_high_reg_bram_0[19]
                                                                      r  u_cve2_core/cf_unit_i/u_scale_fsm/bram_high_reg_bram_0_i_7/I0
                         LUT4 (Prop_LUT4_I0_O)        0.038    10.584 r  u_cve2_core/cf_unit_i/u_scale_fsm/bram_high_reg_bram_0_i_7/O
                         net (fo=1, unplaced)         0.105    10.689    u_cve2_core/cf_unit_i/u_accum_bram/DINADIN[10]
                         RAMB18E2                                     r  u_cve2_core/cf_unit_i/u_accum_bram/bram_high_reg_bram_0/DINADIN[10]
  -------------------------------------------------------------------    -------------------

                         (clock clk_i rise edge)      8.000     8.000 r  
                                                      0.000     8.000 r  clk_i (IN)
                         net (fo=0)                   0.000     8.000    clk_i_IBUF_inst/I
                                                                      r  clk_i_IBUF_inst/INBUF_INST/PAD
                         INBUF (Prop_INBUF_PAD_O)     0.331     8.331 r  clk_i_IBUF_inst/INBUF_INST/O
                         net (fo=1, unplaced)         0.000     8.331    clk_i_IBUF_inst/OUT
                                                                      r  clk_i_IBUF_inst/IBUFCTRL_INST/I
                         IBUFCTRL (Prop_IBUFCTRL_I_O)
                                                      0.000     8.331 r  clk_i_IBUF_inst/IBUFCTRL_INST/O
                         net (fo=2, unplaced)         0.292     8.623    core_clock_gate_i/clk_i_IBUF
                                                                      r  core_clock_gate_i/clk_BUFG_inst_i_1/I0
                         LUT2 (Prop_LUT2_I0_O)        0.036     8.659 r  core_clock_gate_i/clk_BUFG_inst_i_1/O
                         net (fo=1, unplaced)         0.282     8.941    clk
                                                                      r  clk_BUFG_inst/I
                         BUFGCE (Prop_BUFGCE_I_O)     0.024     8.965 r  clk_BUFG_inst/O
                         net (fo=5360, unplaced)      2.439    11.404    u_cve2_core/cf_unit_i/u_accum_bram/clk_BUFG
                         RAMB18E2                                     r  u_cve2_core/cf_unit_i/u_accum_bram/bram_high_reg_bram_0/CLKARDCLK
                         clock pessimism              0.485    11.889    
                         clock uncertainty           -0.035    11.854    
                         RAMB18E2 (Setup_RAMB18E2_CLKARDCLK_DINADIN[10])
                                                     -0.245    11.609    u_cve2_core/cf_unit_i/u_accum_bram/bram_high_reg_bram_0
  -------------------------------------------------------------------
                         required time                         11.609    
                         arrival time                         -10.689    
  -------------------------------------------------------------------
                         slack                                  0.920    

Slack (MET) :             0.923ns  (required time - arrival time)
  Source:                 u_cve2_core/cf_unit_i/u_scale_accum1/accumulator_s3_reg[8]/C
                            (rising edge-triggered cell FDCE clocked by clk_i  {rise@0.000ns fall@4.000ns period=8.000ns})
  Destination:            u_cve2_core/cf_unit_i/u_accum_bram/bram_high_reg_bram_0/DINADIN[11]
                            (rising edge-triggered cell RAMB18E2 clocked by clk_i  {rise@0.000ns fall@4.000ns period=8.000ns})
  Path Group:             clk_i
  Path Type:              Setup (Max at Slow Process Corner)
  Requirement:            8.000ns  (clk_i rise@8.000ns - clk_i rise@0.000ns)
  Data Path Delay:        6.651ns  (logic 1.578ns (23.726%)  route 5.073ns (76.274%))
  Logic Levels:           26  (CARRY8=2 LUT3=4 LUT4=2 LUT5=7 LUT6=11)
  Clock Path Skew:        -0.145ns (DCD - SCD + CPR)
    Destination Clock Delay (DCD):    3.404ns = ( 11.404 - 8.000 ) 
    Source Clock Delay      (SCD):    4.034ns
    Clock Pessimism Removal (CPR):    0.485ns
  Clock Uncertainty:      0.035ns  ((TSJ^2 + TIJ^2)^1/2 + DJ) / 2 + PE
    Total System Jitter     (TSJ):    0.071ns
    Total Input Jitter      (TIJ):    0.000ns
    Discrete Jitter          (DJ):    0.000ns
    Phase Error              (PE):    0.000ns

    Location             Delay type                Incr(ns)  Path(ns)    Netlist Resource(s)
  -------------------------------------------------------------------    -------------------
                         (clock clk_i rise edge)      0.000     0.000 r  
                                                      0.000     0.000 r  clk_i (IN)
                         net (fo=0)                   0.000     0.000    clk_i_IBUF_inst/I
                                                                      r  clk_i_IBUF_inst/INBUF_INST/PAD
                         INBUF (Prop_INBUF_PAD_O)     0.582     0.582 r  clk_i_IBUF_inst/INBUF_INST/O
                         net (fo=1, unplaced)         0.000     0.582    clk_i_IBUF_inst/OUT
                                                                      r  clk_i_IBUF_inst/IBUFCTRL_INST/I
                         IBUFCTRL (Prop_IBUFCTRL_I_O)
                                                      0.000     0.582 r  clk_i_IBUF_inst/IBUFCTRL_INST/O
                         net (fo=2, unplaced)         0.403     0.985    core_clock_gate_i/clk_i_IBUF
                                                                      r  core_clock_gate_i/clk_BUFG_inst_i_1/I0
                         LUT2 (Prop_LUT2_I0_O)        0.053     1.038 r  core_clock_gate_i/clk_BUFG_inst_i_1/O
                         net (fo=1, unplaced)         0.384     1.422    clk
                                                                      r  clk_BUFG_inst/I
                         BUFGCE (Prop_BUFGCE_I_O)     0.028     1.450 r  clk_BUFG_inst/O
                         net (fo=5360, unplaced)      2.584     4.034    u_cve2_core/cf_unit_i/u_scale_accum1/clk_BUFG
                         FDCE                                         r  u_cve2_core/cf_unit_i/u_scale_accum1/accumulator_s3_reg[8]/C
  -------------------------------------------------------------------    -------------------
                         FDCE (Prop_FDCE_C_Q)         0.077     4.111 r  u_cve2_core/cf_unit_i/u_scale_accum1/accumulator_s3_reg[8]/Q
                         net (fo=16, unplaced)        0.198     4.309    u_cve2_core/cf_unit_i/u_scale_accum1/accumulator_s3[8]
                                                                      r  u_cve2_core/cf_unit_i/u_scale_accum1/wr_data_q[31]_i_32/I0
                         LUT6 (Prop_LUT6_I0_O)        0.150     4.459 r  u_cve2_core/cf_unit_i/u_scale_accum1/wr_data_q[31]_i_32/O
                         net (fo=4, unplaced)         0.198     4.657    u_cve2_core/cf_unit_i/u_scale_accum1/wr_data_q[31]_i_32_n_0
                                                                      r  u_cve2_core/cf_unit_i/u_scale_accum1/wr_data_q[31]_i_25/I2
                         LUT5 (Prop_LUT5_I2_O)        0.038     4.695 r  u_cve2_core/cf_unit_i/u_scale_accum1/wr_data_q[31]_i_25/O
                         net (fo=3, unplaced)         0.192     4.887    u_cve2_core/cf_unit_i/u_scale_accum1/wr_data_q[31]_i_25_n_0
                                                                      r  u_cve2_core/cf_unit_i/u_scale_accum1/wr_data_q[31]_i_12/I1
                         LUT3 (Prop_LUT3_I1_O)        0.038     4.925 r  u_cve2_core/cf_unit_i/u_scale_accum1/wr_data_q[31]_i_12/O
                         net (fo=2, unplaced)         0.186     5.111    u_cve2_core/cf_unit_i/u_scale_accum1/wr_data_q[31]_i_12_n_0
                                                                      r  u_cve2_core/cf_unit_i/u_scale_accum1/wr_data_q[31]_i_3/I2
                         LUT5 (Prop_LUT5_I2_O)        0.038     5.149 r  u_cve2_core/cf_unit_i/u_scale_accum1/wr_data_q[31]_i_3/O
                         net (fo=67, unplaced)        0.262     5.411    u_cve2_core/cf_unit_i/u_scale_accum1/wr_data_q[31]_i_3_n_0
                                                                      r  u_cve2_core/cf_unit_i/u_scale_accum1/wr_data_q[31]_i_17/I5
                         LUT6 (Prop_LUT6_I5_O)        0.038     5.449 r  u_cve2_core/cf_unit_i/u_scale_accum1/wr_data_q[31]_i_17/O
                         net (fo=9, unplaced)         0.217     5.666    u_cve2_core/cf_unit_i/u_scale_accum1/wr_data_q[31]_i_17_n_0
                                                                      r  u_cve2_core/cf_unit_i/u_scale_accum1/wr_data_q[31]_i_23/I5
                         LUT6 (Prop_LUT6_I5_O)        0.038     5.704 r  u_cve2_core/cf_unit_i/u_scale_accum1/wr_data_q[31]_i_23/O
                         net (fo=10, unplaced)        0.219     5.923    u_cve2_core/cf_unit_i/u_scale_accum1/wr_data_q[31]_i_23_n_0
                                                                      r  u_cve2_core/cf_unit_i/u_scale_accum1/bram_high_reg_bram_0_i_82/I5
                         LUT6 (Prop_LUT6_I5_O)        0.038     5.961 f  u_cve2_core/cf_unit_i/u_scale_accum1/bram_high_reg_bram_0_i_82/O
                         net (fo=1, unplaced)         0.186     6.147    u_cve2_core/cf_unit_i/u_scale_accum1/bram_high_reg_bram_0_i_82_n_0
                                                                      f  u_cve2_core/cf_unit_i/u_scale_accum1/bram_high_reg_bram_0_i_70/I0
                         LUT3 (Prop_LUT3_I0_O)        0.038     6.185 f  u_cve2_core/cf_unit_i/u_scale_accum1/bram_high_reg_bram_0_i_70/O
                         net (fo=2, unplaced)         0.186     6.371    u_cve2_core/cf_unit_i/u_scale_accum1/bram_high_reg_bram_0_i_70_n_0
                                                                      f  u_cve2_core/cf_unit_i/u_scale_accum1/bram_high_reg_bram_0_i_75/I5
                         LUT6 (Prop_LUT6_I5_O)        0.038     6.409 r  u_cve2_core/cf_unit_i/u_scale_accum1/bram_high_reg_bram_0_i_75/O
                         net (fo=1, unplaced)         0.186     6.595    u_cve2_core/cf_unit_i/u_scale_accum1/bram_high_reg_bram_0_i_75_n_0
                                                                      r  u_cve2_core/cf_unit_i/u_scale_accum1/bram_high_reg_bram_0_i_55/I2
                         LUT3 (Prop_LUT3_I2_O)        0.038     6.633 r  u_cve2_core/cf_unit_i/u_scale_accum1/bram_high_reg_bram_0_i_55/O
                         net (fo=2, unplaced)         0.186     6.819    u_cve2_core/cf_unit_i/u_scale_accum1/u_add/u_fp_adder/bram_high_reg_bram_0_i_32[0]
                                                                      r  u_cve2_core/cf_unit_i/u_scale_accum1/u_add/u_fp_adder/bram_high_reg_bram_0_i_61/I0
                         LUT5 (Prop_LUT5_I0_O)        0.037     6.856 r  u_cve2_core/cf_unit_i/u_scale_accum1/u_add/u_fp_adder/bram_high_reg_bram_0_i_61/O
                         net (fo=1, unplaced)         0.032     6.888    u_cve2_core/cf_unit_i/u_scale_accum1/u_add_n_8
                                                                      r  u_cve2_core/cf_unit_i/u_scale_accum1/bram_high_reg_bram_0_i_32/S[3]
                         CARRY8 (Prop_CARRY8_S[3]_O[5])
                                                      0.184     7.072 f  u_cve2_core/cf_unit_i/u_scale_accum1/bram_high_reg_bram_0_i_32/O[5]
                         net (fo=7, unplaced)         0.182     7.254    u_cve2_core/cf_unit_i/u_scale_accum1/bram_high_reg_bram_0_i_32_n_10
                                                                      f  u_cve2_core/cf_unit_i/u_scale_accum1/wr_data_q[31]_i_13/I0
                         LUT6 (Prop_LUT6_I0_O)        0.150     7.404 r  u_cve2_core/cf_unit_i/u_scale_accum1/wr_data_q[31]_i_13/O
                         net (fo=3, unplaced)         0.192     7.596    u_cve2_core/cf_unit_i/u_scale_accum1/wr_data_q[31]_i_13_n_0
                                                                      r  u_cve2_core/cf_unit_i/u_scale_accum1/final_exp1_carry_i_22__0/I3
                         LUT6 (Prop_LUT6_I3_O)        0.038     7.634 r  u_cve2_core/cf_unit_i/u_scale_accum1/final_exp1_carry_i_22__0/O
                         net (fo=2, unplaced)         0.186     7.820    u_cve2_core/cf_unit_i/u_scale_accum1/final_exp1_carry_i_22__0_n_0
                                                                      r  u_cve2_core/cf_unit_i/u_scale_accum1/final_exp1_carry_i_14__0/I0
                         LUT6 (Prop_LUT6_I0_O)        0.038     7.858 r  u_cve2_core/cf_unit_i/u_scale_accum1/final_exp1_carry_i_14__0/O
                         net (fo=14, unplaced)        0.227     8.085    u_cve2_core/cf_unit_i/u_scale_accum1/final_exp1_carry_i_14__0_n_0
                                                                      r  u_cve2_core/cf_unit_i/u_scale_accum1/final_exp1_carry_i_4__0/I2
                         LUT6 (Prop_LUT6_I2_O)        0.038     8.123 f  u_cve2_core/cf_unit_i/u_scale_accum1/final_exp1_carry_i_4__0/O
                         net (fo=1, unplaced)         0.233     8.356    u_cve2_core/cf_unit_i/u_scale_accum1/u_add/u_fp_adder/DI[0]
                                                                      f  u_cve2_core/cf_unit_i/u_scale_accum1/u_add/u_fp_adder/final_exp1_carry/DI[0]
                         CARRY8 (Prop_CARRY8_DI[0]_CO[3])
                                                      0.182     8.538 f  u_cve2_core/cf_unit_i/u_scale_accum1/u_add/u_fp_adder/final_exp1_carry/CO[3]
                         net (fo=15, unplaced)        0.133     8.671    u_cve2_core/cf_unit_i/u_scale_accum1/u_add_n_0
                                                                      f  u_cve2_core/cf_unit_i/u_scale_accum1/wr_data_q[17]_i_8/I1
                         LUT3 (Prop_LUT3_I1_O)        0.038     8.709 f  u_cve2_core/cf_unit_i/u_scale_accum1/wr_data_q[17]_i_8/O
                         net (fo=6, unplaced)         0.208     8.917    u_cve2_core/cf_unit_i/u_scale_accum1/wr_data_q[17]_i_8_n_0
                                                                      f  u_cve2_core/cf_unit_i/u_scale_accum1/wr_data_q[17]_i_6/I0
                         LUT6 (Prop_LUT6_I0_O)        0.038     8.955 f  u_cve2_core/cf_unit_i/u_scale_accum1/wr_data_q[17]_i_6/O
                         net (fo=1, unplaced)         0.186     9.141    u_cve2_core/cf_unit_i/u_scale_accum1/wr_data_q[17]_i_6_n_0
                                                                      f  u_cve2_core/cf_unit_i/u_scale_accum1/wr_data_q[17]_i_3/I4
                         LUT5 (Prop_LUT5_I4_O)        0.038     9.179 r  u_cve2_core/cf_unit_i/u_scale_accum1/wr_data_q[17]_i_3/O
                         net (fo=3, unplaced)         0.192     9.371    u_cve2_core/cf_unit_i/u_scale_accum1/wr_data_q[17]_i_3_n_0
                                                                      r  u_cve2_core/cf_unit_i/u_scale_accum1/bram_high_reg_bram_0_i_23/I3
                         LUT5 (Prop_LUT5_I3_O)        0.038     9.409 f  u_cve2_core/cf_unit_i/u_scale_accum1/bram_high_reg_bram_0_i_23/O
                         net (fo=4, unplaced)         0.198     9.607    u_cve2_core/cf_unit_i/u_scale_accum1/bram_high_reg_bram_0_i_23_n_0
                                                                      f  u_cve2_core/cf_unit_i/u_scale_accum1/bram_high_reg_bram_0_i_21/I3
                         LUT5 (Prop_LUT5_I3_O)        0.038     9.645 f  u_cve2_core/cf_unit_i/u_scale_accum1/bram_high_reg_bram_0_i_21/O
                         net (fo=7, unplaced)         0.211     9.856    u_cve2_core/cf_unit_i/u_scale_accum1/bram_high_reg_bram_0_i_21_n_0
                                                                      f  u_cve2_core/cf_unit_i/u_scale_accum1/wr_data_q[24]_i_2/I3
                         LUT5 (Prop_LUT5_I3_O)        0.038     9.894 r  u_cve2_core/cf_unit_i/u_scale_accum1/wr_data_q[24]_i_2/O
                         net (fo=5, unplaced)         0.204    10.098    u_cve2_core/cf_unit_i/u_scale_accum1/wr_data_q[24]_i_2_n_0
                                                                      r  u_cve2_core/cf_unit_i/u_scale_accum1/wr_data_q[27]_i_2/I2
                         LUT4 (Prop_LUT4_I2_O)        0.038    10.136 r  u_cve2_core/cf_unit_i/u_scale_accum1/wr_data_q[27]_i_2/O
                         net (fo=1, unplaced)         0.186    10.322    u_cve2_core/cf_unit_i/u_scale_accum1/wr_data_q[27]_i_2_n_0
                                                                      r  u_cve2_core/cf_unit_i/u_scale_accum1/wr_data_q[27]_i_1/I3
                         LUT6 (Prop_LUT6_I3_O)        0.038    10.360 r  u_cve2_core/cf_unit_i/u_scale_accum1/wr_data_q[27]_i_1/O
                         net (fo=2, unplaced)         0.186    10.546    u_cve2_core/cf_unit_i/u_scale_fsm/bram_high_reg_bram_0[20]
                                                                      r  u_cve2_core/cf_unit_i/u_scale_fsm/bram_high_reg_bram_0_i_6/I0
                         LUT4 (Prop_LUT4_I0_O)        0.038    10.584 r  u_cve2_core/cf_unit_i/u_scale_fsm/bram_high_reg_bram_0_i_6/O
                         net (fo=1, unplaced)         0.101    10.685    u_cve2_core/cf_unit_i/u_accum_bram/DINADIN[11]
                         RAMB18E2                                     r  u_cve2_core/cf_unit_i/u_accum_bram/bram_high_reg_bram_0/DINADIN[11]
  -------------------------------------------------------------------    -------------------

                         (clock clk_i rise edge)      8.000     8.000 r  
                                                      0.000     8.000 r  clk_i (IN)
                         net (fo=0)                   0.000     8.000    clk_i_IBUF_inst/I
                                                                      r  clk_i_IBUF_inst/INBUF_INST/PAD
                         INBUF (Prop_INBUF_PAD_O)     0.331     8.331 r  clk_i_IBUF_inst/INBUF_INST/O
                         net (fo=1, unplaced)         0.000     8.331    clk_i_IBUF_inst/OUT
                                                                      r  clk_i_IBUF_inst/IBUFCTRL_INST/I
                         IBUFCTRL (Prop_IBUFCTRL_I_O)
                                                      0.000     8.331 r  clk_i_IBUF_inst/IBUFCTRL_INST/O
                         net (fo=2, unplaced)         0.292     8.623    core_clock_gate_i/clk_i_IBUF
                                                                      r  core_clock_gate_i/clk_BUFG_inst_i_1/I0
                         LUT2 (Prop_LUT2_I0_O)        0.036     8.659 r  core_clock_gate_i/clk_BUFG_inst_i_1/O
                         net (fo=1, unplaced)         0.282     8.941    clk
                                                                      r  clk_BUFG_inst/I
                         BUFGCE (Prop_BUFGCE_I_O)     0.024     8.965 r  clk_BUFG_inst/O
                         net (fo=5360, unplaced)      2.439    11.404    u_cve2_core/cf_unit_i/u_accum_bram/clk_BUFG
                         RAMB18E2                                     r  u_cve2_core/cf_unit_i/u_accum_bram/bram_high_reg_bram_0/CLKARDCLK
                         clock pessimism              0.485    11.889    
                         clock uncertainty           -0.035    11.854    
                         RAMB18E2 (Setup_RAMB18E2_CLKARDCLK_DINADIN[11])
                                                     -0.246    11.608    u_cve2_core/cf_unit_i/u_accum_bram/bram_high_reg_bram_0
  -------------------------------------------------------------------
                         required time                         11.608    
                         arrival time                         -10.685    
  -------------------------------------------------------------------
                         slack                                  0.923    

Slack (MET) :             1.049ns  (required time - arrival time)
  Source:                 u_cve2_core/cf_unit_i/u_scale_accum0/accumulator_s3_reg[8]/C
                            (rising edge-triggered cell FDCE clocked by clk_i  {rise@0.000ns fall@4.000ns period=8.000ns})
  Destination:            u_cve2_core/cf_unit_i/u_accum_bram/bram_low_reg_bram_0/DINADIN[14]
                            (rising edge-triggered cell RAMB18E2 clocked by clk_i  {rise@0.000ns fall@4.000ns period=8.000ns})
  Path Group:             clk_i
  Path Type:              Setup (Max at Slow Process Corner)
  Requirement:            8.000ns  (clk_i rise@8.000ns - clk_i rise@0.000ns)
  Data Path Delay:        6.502ns  (logic 1.636ns (25.162%)  route 4.866ns (74.839%))
  Logic Levels:           25  (CARRY8=2 LUT3=4 LUT5=6 LUT6=13)
  Clock Path Skew:        -0.145ns (DCD - SCD + CPR)
    Destination Clock Delay (DCD):    3.404ns = ( 11.404 - 8.000 ) 
    Source Clock Delay      (SCD):    4.034ns
    Clock Pessimism Removal (CPR):    0.485ns
  Clock Uncertainty:      0.035ns  ((TSJ^2 + TIJ^2)^1/2 + DJ) / 2 + PE
    Total System Jitter     (TSJ):    0.071ns
    Total Input Jitter      (TIJ):    0.000ns
    Discrete Jitter          (DJ):    0.000ns
    Phase Error              (PE):    0.000ns

    Location             Delay type                Incr(ns)  Path(ns)    Netlist Resource(s)
  -------------------------------------------------------------------    -------------------
                         (clock clk_i rise edge)      0.000     0.000 r  
                                                      0.000     0.000 r  clk_i (IN)
                         net (fo=0)                   0.000     0.000    clk_i_IBUF_inst/I
                                                                      r  clk_i_IBUF_inst/INBUF_INST/PAD
                         INBUF (Prop_INBUF_PAD_O)     0.582     0.582 r  clk_i_IBUF_inst/INBUF_INST/O
                         net (fo=1, unplaced)         0.000     0.582    clk_i_IBUF_inst/OUT
                                                                      r  clk_i_IBUF_inst/IBUFCTRL_INST/I
                         IBUFCTRL (Prop_IBUFCTRL_I_O)
                                                      0.000     0.582 r  clk_i_IBUF_inst/IBUFCTRL_INST/O
                         net (fo=2, unplaced)         0.403     0.985    core_clock_gate_i/clk_i_IBUF
                                                                      r  core_clock_gate_i/clk_BUFG_inst_i_1/I0
                         LUT2 (Prop_LUT2_I0_O)        0.053     1.038 r  core_clock_gate_i/clk_BUFG_inst_i_1/O
                         net (fo=1, unplaced)         0.384     1.422    clk
                                                                      r  clk_BUFG_inst/I
                         BUFGCE (Prop_BUFGCE_I_O)     0.028     1.450 r  clk_BUFG_inst/O
                         net (fo=5360, unplaced)      2.584     4.034    u_cve2_core/cf_unit_i/u_scale_accum0/clk_BUFG
                         FDCE                                         r  u_cve2_core/cf_unit_i/u_scale_accum0/accumulator_s3_reg[8]/C
  -------------------------------------------------------------------    -------------------
                         FDCE (Prop_FDCE_C_Q)         0.077     4.111 r  u_cve2_core/cf_unit_i/u_scale_accum0/accumulator_s3_reg[8]/Q
                         net (fo=16, unplaced)        0.198     4.309    u_cve2_core/cf_unit_i/u_scale_accum0/accumulator_s3[8]
                                                                      r  u_cve2_core/cf_unit_i/u_scale_accum0/final_exp1_carry_i_33/I0
                         LUT6 (Prop_LUT6_I0_O)        0.150     4.459 r  u_cve2_core/cf_unit_i/u_scale_accum0/final_exp1_carry_i_33/O
                         net (fo=4, unplaced)         0.198     4.657    u_cve2_core/cf_unit_i/u_scale_accum0/final_exp1_carry_i_33_n_0
                                                                      r  u_cve2_core/cf_unit_i/u_scale_accum0/final_exp1_carry_i_29/I2
                         LUT5 (Prop_LUT5_I2_O)        0.070     4.727 r  u_cve2_core/cf_unit_i/u_scale_accum0/final_exp1_carry_i_29/O
                         net (fo=3, unplaced)         0.192     4.919    u_cve2_core/cf_unit_i/u_scale_accum0/final_exp1_carry_i_29_n_0
                                                                      r  u_cve2_core/cf_unit_i/u_scale_accum0/final_exp1_carry_i_17/I1
                         LUT3 (Prop_LUT3_I1_O)        0.070     4.989 r  u_cve2_core/cf_unit_i/u_scale_accum0/final_exp1_carry_i_17/O
                         net (fo=2, unplaced)         0.186     5.175    u_cve2_core/cf_unit_i/u_scale_accum0/final_exp1_carry_i_17_n_0
                                                                      r  u_cve2_core/cf_unit_i/u_scale_accum0/final_exp1_carry_i_9/I2
                         LUT5 (Prop_LUT5_I2_O)        0.038     5.213 r  u_cve2_core/cf_unit_i/u_scale_accum0/final_exp1_carry_i_9/O
                         net (fo=67, unplaced)        0.262     5.475    u_cve2_core/cf_unit_i/u_scale_accum0/final_exp1_carry_i_9_n_0
                                                                      r  u_cve2_core/cf_unit_i/u_scale_accum0/bram_low_reg_bram_0_i_173/I5
                         LUT6 (Prop_LUT6_I5_O)        0.038     5.513 r  u_cve2_core/cf_unit_i/u_scale_accum0/bram_low_reg_bram_0_i_173/O
                         net (fo=9, unplaced)         0.217     5.730    u_cve2_core/cf_unit_i/u_scale_accum0/bram_low_reg_bram_0_i_173_n_0
                                                                      r  u_cve2_core/cf_unit_i/u_scale_accum0/bram_low_reg_bram_0_i_179/I5
                         LUT6 (Prop_LUT6_I5_O)        0.038     5.768 r  u_cve2_core/cf_unit_i/u_scale_accum0/bram_low_reg_bram_0_i_179/O
                         net (fo=10, unplaced)        0.219     5.987    u_cve2_core/cf_unit_i/u_scale_accum0/bram_low_reg_bram_0_i_179_n_0
                                                                      r  u_cve2_core/cf_unit_i/u_scale_accum0/bram_low_reg_bram_0_i_205/I5
                         LUT6 (Prop_LUT6_I5_O)        0.038     6.025 f  u_cve2_core/cf_unit_i/u_scale_accum0/bram_low_reg_bram_0_i_205/O
                         net (fo=1, unplaced)         0.186     6.211    u_cve2_core/cf_unit_i/u_scale_accum0/bram_low_reg_bram_0_i_205_n_0
                                                                      f  u_cve2_core/cf_unit_i/u_scale_accum0/bram_low_reg_bram_0_i_181/I0
                         LUT3 (Prop_LUT3_I0_O)        0.038     6.249 f  u_cve2_core/cf_unit_i/u_scale_accum0/bram_low_reg_bram_0_i_181/O
                         net (fo=2, unplaced)         0.186     6.435    u_cve2_core/cf_unit_i/u_scale_accum0/bram_low_reg_bram_0_i_181_n_0
                                                                      f  u_cve2_core/cf_unit_i/u_scale_accum0/bram_low_reg_bram_0_i_186/I5
                         LUT6 (Prop_LUT6_I5_O)        0.038     6.473 r  u_cve2_core/cf_unit_i/u_scale_accum0/bram_low_reg_bram_0_i_186/O
                         net (fo=1, unplaced)         0.186     6.659    u_cve2_core/cf_unit_i/u_scale_accum0/bram_low_reg_bram_0_i_186_n_0
                                                                      r  u_cve2_core/cf_unit_i/u_scale_accum0/bram_low_reg_bram_0_i_131/I2
                         LUT3 (Prop_LUT3_I2_O)        0.038     6.697 r  u_cve2_core/cf_unit_i/u_scale_accum0/bram_low_reg_bram_0_i_131/O
                         net (fo=2, unplaced)         0.186     6.883    u_cve2_core/cf_unit_i/u_scale_accum0/u_add/u_fp_adder/bram_low_reg_bram_0_i_86[0]
                                                                      r  u_cve2_core/cf_unit_i/u_scale_accum0/u_add/u_fp_adder/bram_low_reg_bram_0_i_137/I0
                         LUT5 (Prop_LUT5_I0_O)        0.037     6.920 r  u_cve2_core/cf_unit_i/u_scale_accum0/u_add/u_fp_adder/bram_low_reg_bram_0_i_137/O
                         net (fo=1, unplaced)         0.032     6.952    u_cve2_core/cf_unit_i/u_scale_accum0/u_add_n_8
                                                                      r  u_cve2_core/cf_unit_i/u_scale_accum0/bram_low_reg_bram_0_i_86/S[3]
                         CARRY8 (Prop_CARRY8_S[3]_O[5])
                                                      0.184     7.136 f  u_cve2_core/cf_unit_i/u_scale_accum0/bram_low_reg_bram_0_i_86/O[5]
                         net (fo=7, unplaced)         0.182     7.318    u_cve2_core/cf_unit_i/u_scale_accum0/bram_low_reg_bram_0_i_86_n_10
                                                                      f  u_cve2_core/cf_unit_i/u_scale_accum0/bram_low_reg_bram_0_i_87/I0
                         LUT6 (Prop_LUT6_I0_O)        0.150     7.468 r  u_cve2_core/cf_unit_i/u_scale_accum0/bram_low_reg_bram_0_i_87/O
                         net (fo=3, unplaced)         0.192     7.660    u_cve2_core/cf_unit_i/u_scale_accum0/bram_low_reg_bram_0_i_87_n_0
                                                                      r  u_cve2_core/cf_unit_i/u_scale_accum0/final_exp1_carry_i_24/I3
                         LUT6 (Prop_LUT6_I3_O)        0.038     7.698 f  u_cve2_core/cf_unit_i/u_scale_accum0/final_exp1_carry_i_24/O
                         net (fo=2, unplaced)         0.186     7.884    u_cve2_core/cf_unit_i/u_scale_accum0/final_exp1_carry_i_24_n_0
                                                                      f  u_cve2_core/cf_unit_i/u_scale_accum0/final_exp1_carry_i_15/I0
                         LUT6 (Prop_LUT6_I0_O)        0.038     7.922 f  u_cve2_core/cf_unit_i/u_scale_accum0/final_exp1_carry_i_15/O
                         net (fo=14, unplaced)        0.227     8.149    u_cve2_core/cf_unit_i/u_scale_accum0/final_exp1_carry_i_15_n_0
                                                                      f  u_cve2_core/cf_unit_i/u_scale_accum0/final_exp1_carry_i_4/I2
                         LUT6 (Prop_LUT6_I2_O)        0.038     8.187 r  u_cve2_core/cf_unit_i/u_scale_accum0/final_exp1_carry_i_4/O
                         net (fo=1, unplaced)         0.233     8.420    u_cve2_core/cf_unit_i/u_scale_accum0/u_add/u_fp_adder/DI[0]
                                                                      r  u_cve2_core/cf_unit_i/u_scale_accum0/u_add/u_fp_adder/final_exp1_carry/DI[0]
                         CARRY8 (Prop_CARRY8_DI[0]_CO[3])
                                                      0.182     8.602 r  u_cve2_core/cf_unit_i/u_scale_accum0/u_add/u_fp_adder/final_exp1_carry/CO[3]
                         net (fo=15, unplaced)        0.133     8.735    u_cve2_core/cf_unit_i/u_scale_accum0/u_add_n_0
                                                                      r  u_cve2_core/cf_unit_i/u_scale_accum0/bram_low_reg_bram_0_i_115/I1
                         LUT3 (Prop_LUT3_I1_O)        0.070     8.805 r  u_cve2_core/cf_unit_i/u_scale_accum0/bram_low_reg_bram_0_i_115/O
                         net (fo=6, unplaced)         0.208     9.013    u_cve2_core/cf_unit_i/u_scale_accum0/bram_low_reg_bram_0_i_115_n_0
                                                                      r  u_cve2_core/cf_unit_i/u_scale_accum0/bram_low_reg_bram_0_i_119/I0
                         LUT6 (Prop_LUT6_I0_O)        0.038     9.051 r  u_cve2_core/cf_unit_i/u_scale_accum0/bram_low_reg_bram_0_i_119/O
                         net (fo=1, unplaced)         0.186     9.237    u_cve2_core/cf_unit_i/u_scale_accum0/bram_low_reg_bram_0_i_119_n_0
                                                                      r  u_cve2_core/cf_unit_i/u_scale_accum0/bram_low_reg_bram_0_i_83/I4
                         LUT5 (Prop_LUT5_I4_O)        0.038     9.275 f  u_cve2_core/cf_unit_i/u_scale_accum0/bram_low_reg_bram_0_i_83/O
                         net (fo=6, unplaced)         0.208     9.483    u_cve2_core/cf_unit_i/u_scale_accum0/bram_low_reg_bram_0_i_83_n_0
                                                                      f  u_cve2_core/cf_unit_i/u_scale_accum0/bram_low_reg_bram_0_i_76/I3
                         LUT6 (Prop_LUT6_I3_O)        0.038     9.521 r  u_cve2_core/cf_unit_i/u_scale_accum0/bram_low_reg_bram_0_i_76/O
                         net (fo=2, unplaced)         0.186     9.707    u_cve2_core/cf_unit_i/u_scale_accum0/bram_low_reg_bram_0_i_76_n_0
                                                                      r  u_cve2_core/cf_unit_i/u_scale_accum0/bram_low_reg_bram_0_i_64/I0
                         LUT6 (Prop_LUT6_I0_O)        0.038     9.745 f  u_cve2_core/cf_unit_i/u_scale_accum0/bram_low_reg_bram_0_i_64/O
                         net (fo=5, unplaced)         0.204     9.949    u_cve2_core/cf_unit_i/u_scale_accum0/bram_low_reg_bram_0_i_64_n_0
                                                                      f  u_cve2_core/cf_unit_i/u_scale_accum0/bram_low_reg_bram_0_i_48/I3
                         LUT6 (Prop_LUT6_I3_O)        0.038     9.987 r  u_cve2_core/cf_unit_i/u_scale_accum0/bram_low_reg_bram_0_i_48/O
                         net (fo=2, unplaced)         0.186    10.173    u_cve2_core/cf_unit_i/u_scale_accum0/bram_low_reg_bram_0_i_48_n_0
                                                                      r  u_cve2_core/cf_unit_i/u_scale_accum0/bram_low_reg_bram_0_i_46/I2
                         LUT5 (Prop_LUT5_I2_O)        0.038    10.211 r  u_cve2_core/cf_unit_i/u_scale_accum0/bram_low_reg_bram_0_i_46/O
                         net (fo=1, unplaced)         0.186    10.397    u_cve2_core/cf_unit_i/u_scale_fsm/wr_data_q_reg[14]
                                                                      r  u_cve2_core/cf_unit_i/u_scale_fsm/bram_low_reg_bram_0_i_24/I0
                         LUT5 (Prop_LUT5_I0_O)        0.038    10.435 r  u_cve2_core/cf_unit_i/u_scale_fsm/bram_low_reg_bram_0_i_24/O
                         net (fo=2, unplaced)         0.101    10.536    u_cve2_core/cf_unit_i/u_accum_bram/wr_data_q_reg[31]_0[14]
                         RAMB18E2                                     r  u_cve2_core/cf_unit_i/u_accum_bram/bram_low_reg_bram_0/DINADIN[14]
  -------------------------------------------------------------------    -------------------

                         (clock clk_i rise edge)      8.000     8.000 r  
                                                      0.000     8.000 r  clk_i (IN)
                         net (fo=0)                   0.000     8.000    clk_i_IBUF_inst/I
                                                                      r  clk_i_IBUF_inst/INBUF_INST/PAD
                         INBUF (Prop_INBUF_PAD_O)     0.331     8.331 r  clk_i_IBUF_inst/INBUF_INST/O
                         net (fo=1, unplaced)         0.000     8.331    clk_i_IBUF_inst/OUT
                                                                      r  clk_i_IBUF_inst/IBUFCTRL_INST/I
                         IBUFCTRL (Prop_IBUFCTRL_I_O)
                                                      0.000     8.331 r  clk_i_IBUF_inst/IBUFCTRL_INST/O
                         net (fo=2, unplaced)         0.292     8.623    core_clock_gate_i/clk_i_IBUF
                                                                      r  core_clock_gate_i/clk_BUFG_inst_i_1/I0
                         LUT2 (Prop_LUT2_I0_O)        0.036     8.659 r  core_clock_gate_i/clk_BUFG_inst_i_1/O
                         net (fo=1, unplaced)         0.282     8.941    clk
                                                                      r  clk_BUFG_inst/I
                         BUFGCE (Prop_BUFGCE_I_O)     0.024     8.965 r  clk_BUFG_inst/O
                         net (fo=5360, unplaced)      2.439    11.404    u_cve2_core/cf_unit_i/u_accum_bram/clk_BUFG
                         RAMB18E2                                     r  u_cve2_core/cf_unit_i/u_accum_bram/bram_low_reg_bram_0/CLKARDCLK
                         clock pessimism              0.485    11.889    
                         clock uncertainty           -0.035    11.854    
                         RAMB18E2 (Setup_RAMB18E2_CLKARDCLK_DINADIN[14])
                                                     -0.269    11.585    u_cve2_core/cf_unit_i/u_accum_bram/bram_low_reg_bram_0
  -------------------------------------------------------------------
                         required time                         11.585    
                         arrival time                         -10.536    
  -------------------------------------------------------------------
                         slack                                  1.049    

Slack (MET) :             1.056ns  (required time - arrival time)
  Source:                 u_cve2_core/cf_unit_i/u_scale_accum1/accumulator_s3_reg[8]/C
                            (rising edge-triggered cell FDCE clocked by clk_i  {rise@0.000ns fall@4.000ns period=8.000ns})
  Destination:            u_cve2_core/cf_unit_i/u_accum_bram/bram_high_reg_bram_0/DINADIN[7]
                            (rising edge-triggered cell RAMB18E2 clocked by clk_i  {rise@0.000ns fall@4.000ns period=8.000ns})
  Path Group:             clk_i
  Path Type:              Setup (Max at Slow Process Corner)
  Requirement:            8.000ns  (clk_i rise@8.000ns - clk_i rise@0.000ns)
  Data Path Delay:        6.507ns  (logic 1.540ns (23.667%)  route 4.967ns (76.333%))
  Logic Levels:           25  (CARRY8=2 LUT3=4 LUT4=2 LUT5=6 LUT6=11)
  Clock Path Skew:        -0.145ns (DCD - SCD + CPR)
    Destination Clock Delay (DCD):    3.404ns = ( 11.404 - 8.000 ) 
    Source Clock Delay      (SCD):    4.034ns
    Clock Pessimism Removal (CPR):    0.485ns
  Clock Uncertainty:      0.035ns  ((TSJ^2 + TIJ^2)^1/2 + DJ) / 2 + PE
    Total System Jitter     (TSJ):    0.071ns
    Total Input Jitter      (TIJ):    0.000ns
    Discrete Jitter          (DJ):    0.000ns
    Phase Error              (PE):    0.000ns

    Location             Delay type                Incr(ns)  Path(ns)    Netlist Resource(s)
  -------------------------------------------------------------------    -------------------
                         (clock clk_i rise edge)      0.000     0.000 r  
                                                      0.000     0.000 r  clk_i (IN)
                         net (fo=0)                   0.000     0.000    clk_i_IBUF_inst/I
                                                                      r  clk_i_IBUF_inst/INBUF_INST/PAD
                         INBUF (Prop_INBUF_PAD_O)     0.582     0.582 r  clk_i_IBUF_inst/INBUF_INST/O
                         net (fo=1, unplaced)         0.000     0.582    clk_i_IBUF_inst/OUT
                                                                      r  clk_i_IBUF_inst/IBUFCTRL_INST/I
                         IBUFCTRL (Prop_IBUFCTRL_I_O)
                                                      0.000     0.582 r  clk_i_IBUF_inst/IBUFCTRL_INST/O
                         net (fo=2, unplaced)         0.403     0.985    core_clock_gate_i/clk_i_IBUF
                                                                      r  core_clock_gate_i/clk_BUFG_inst_i_1/I0
                         LUT2 (Prop_LUT2_I0_O)        0.053     1.038 r  core_clock_gate_i/clk_BUFG_inst_i_1/O
                         net (fo=1, unplaced)         0.384     1.422    clk
                                                                      r  clk_BUFG_inst/I
                         BUFGCE (Prop_BUFGCE_I_O)     0.028     1.450 r  clk_BUFG_inst/O
                         net (fo=5360, unplaced)      2.584     4.034    u_cve2_core/cf_unit_i/u_scale_accum1/clk_BUFG
                         FDCE                                         r  u_cve2_core/cf_unit_i/u_scale_accum1/accumulator_s3_reg[8]/C
  -------------------------------------------------------------------    -------------------
                         FDCE (Prop_FDCE_C_Q)         0.077     4.111 r  u_cve2_core/cf_unit_i/u_scale_accum1/accumulator_s3_reg[8]/Q
                         net (fo=16, unplaced)        0.198     4.309    u_cve2_core/cf_unit_i/u_scale_accum1/accumulator_s3[8]
                                                                      r  u_cve2_core/cf_unit_i/u_scale_accum1/wr_data_q[31]_i_32/I0
                         LUT6 (Prop_LUT6_I0_O)        0.150     4.459 r  u_cve2_core/cf_unit_i/u_scale_accum1/wr_data_q[31]_i_32/O
                         net (fo=4, unplaced)         0.198     4.657    u_cve2_core/cf_unit_i/u_scale_accum1/wr_data_q[31]_i_32_n_0
                                                                      r  u_cve2_core/cf_unit_i/u_scale_accum1/wr_data_q[31]_i_25/I2
                         LUT5 (Prop_LUT5_I2_O)        0.038     4.695 r  u_cve2_core/cf_unit_i/u_scale_accum1/wr_data_q[31]_i_25/O
                         net (fo=3, unplaced)         0.192     4.887    u_cve2_core/cf_unit_i/u_scale_accum1/wr_data_q[31]_i_25_n_0
                                                                      r  u_cve2_core/cf_unit_i/u_scale_accum1/wr_data_q[31]_i_12/I1
                         LUT3 (Prop_LUT3_I1_O)        0.038     4.925 r  u_cve2_core/cf_unit_i/u_scale_accum1/wr_data_q[31]_i_12/O
                         net (fo=2, unplaced)         0.186     5.111    u_cve2_core/cf_unit_i/u_scale_accum1/wr_data_q[31]_i_12_n_0
                                                                      r  u_cve2_core/cf_unit_i/u_scale_accum1/wr_data_q[31]_i_3/I2
                         LUT5 (Prop_LUT5_I2_O)        0.038     5.149 r  u_cve2_core/cf_unit_i/u_scale_accum1/wr_data_q[31]_i_3/O
                         net (fo=67, unplaced)        0.262     5.411    u_cve2_core/cf_unit_i/u_scale_accum1/wr_data_q[31]_i_3_n_0
                                                                      r  u_cve2_core/cf_unit_i/u_scale_accum1/wr_data_q[31]_i_17/I5
                         LUT6 (Prop_LUT6_I5_O)        0.038     5.449 r  u_cve2_core/cf_unit_i/u_scale_accum1/wr_data_q[31]_i_17/O
                         net (fo=9, unplaced)         0.217     5.666    u_cve2_core/cf_unit_i/u_scale_accum1/wr_data_q[31]_i_17_n_0
                                                                      r  u_cve2_core/cf_unit_i/u_scale_accum1/wr_data_q[31]_i_23/I5
                         LUT6 (Prop_LUT6_I5_O)        0.038     5.704 r  u_cve2_core/cf_unit_i/u_scale_accum1/wr_data_q[31]_i_23/O
                         net (fo=10, unplaced)        0.219     5.923    u_cve2_core/cf_unit_i/u_scale_accum1/wr_data_q[31]_i_23_n_0
                                                                      r  u_cve2_core/cf_unit_i/u_scale_accum1/bram_high_reg_bram_0_i_82/I5
                         LUT6 (Prop_LUT6_I5_O)        0.038     5.961 f  u_cve2_core/cf_unit_i/u_scale_accum1/bram_high_reg_bram_0_i_82/O
                         net (fo=1, unplaced)         0.186     6.147    u_cve2_core/cf_unit_i/u_scale_accum1/bram_high_reg_bram_0_i_82_n_0
                                                                      f  u_cve2_core/cf_unit_i/u_scale_accum1/bram_high_reg_bram_0_i_70/I0
                         LUT3 (Prop_LUT3_I0_O)        0.038     6.185 f  u_cve2_core/cf_unit_i/u_scale_accum1/bram_high_reg_bram_0_i_70/O
                         net (fo=2, unplaced)         0.186     6.371    u_cve2_core/cf_unit_i/u_scale_accum1/bram_high_reg_bram_0_i_70_n_0
                                                                      f  u_cve2_core/cf_unit_i/u_scale_accum1/bram_high_reg_bram_0_i_75/I5
                         LUT6 (Prop_LUT6_I5_O)        0.038     6.409 r  u_cve2_core/cf_unit_i/u_scale_accum1/bram_high_reg_bram_0_i_75/O
                         net (fo=1, unplaced)         0.186     6.595    u_cve2_core/cf_unit_i/u_scale_accum1/bram_high_reg_bram_0_i_75_n_0
                                                                      r  u_cve2_core/cf_unit_i/u_scale_accum1/bram_high_reg_bram_0_i_55/I2
                         LUT3 (Prop_LUT3_I2_O)        0.038     6.633 r  u_cve2_core/cf_unit_i/u_scale_accum1/bram_high_reg_bram_0_i_55/O
                         net (fo=2, unplaced)         0.186     6.819    u_cve2_core/cf_unit_i/u_scale_accum1/u_add/u_fp_adder/bram_high_reg_bram_0_i_32[0]
                                                                      r  u_cve2_core/cf_unit_i/u_scale_accum1/u_add/u_fp_adder/bram_high_reg_bram_0_i_61/I0
                         LUT5 (Prop_LUT5_I0_O)        0.037     6.856 r  u_cve2_core/cf_unit_i/u_scale_accum1/u_add/u_fp_adder/bram_high_reg_bram_0_i_61/O
                         net (fo=1, unplaced)         0.032     6.888    u_cve2_core/cf_unit_i/u_scale_accum1/u_add_n_8
                                                                      r  u_cve2_core/cf_unit_i/u_scale_accum1/bram_high_reg_bram_0_i_32/S[3]
                         CARRY8 (Prop_CARRY8_S[3]_O[5])
                                                      0.184     7.072 f  u_cve2_core/cf_unit_i/u_scale_accum1/bram_high_reg_bram_0_i_32/O[5]
                         net (fo=7, unplaced)         0.182     7.254    u_cve2_core/cf_unit_i/u_scale_accum1/bram_high_reg_bram_0_i_32_n_10
                                                                      f  u_cve2_core/cf_unit_i/u_scale_accum1/wr_data_q[31]_i_13/I0
                         LUT6 (Prop_LUT6_I0_O)        0.150     7.404 r  u_cve2_core/cf_unit_i/u_scale_accum1/wr_data_q[31]_i_13/O
                         net (fo=3, unplaced)         0.192     7.596    u_cve2_core/cf_unit_i/u_scale_accum1/wr_data_q[31]_i_13_n_0
                                                                      r  u_cve2_core/cf_unit_i/u_scale_accum1/final_exp1_carry_i_22__0/I3
                         LUT6 (Prop_LUT6_I3_O)        0.038     7.634 f  u_cve2_core/cf_unit_i/u_scale_accum1/final_exp1_carry_i_22__0/O
                         net (fo=2, unplaced)         0.186     7.820    u_cve2_core/cf_unit_i/u_scale_accum1/final_exp1_carry_i_22__0_n_0
                                                                      f  u_cve2_core/cf_unit_i/u_scale_accum1/final_exp1_carry_i_14__0/I0
                         LUT6 (Prop_LUT6_I0_O)        0.038     7.858 f  u_cve2_core/cf_unit_i/u_scale_accum1/final_exp1_carry_i_14__0/O
                         net (fo=14, unplaced)        0.227     8.085    u_cve2_core/cf_unit_i/u_scale_accum1/final_exp1_carry_i_14__0_n_0
                                                                      f  u_cve2_core/cf_unit_i/u_scale_accum1/final_exp1_carry_i_4__0/I2
                         LUT6 (Prop_LUT6_I2_O)        0.038     8.123 r  u_cve2_core/cf_unit_i/u_scale_accum1/final_exp1_carry_i_4__0/O
                         net (fo=1, unplaced)         0.233     8.356    u_cve2_core/cf_unit_i/u_scale_accum1/u_add/u_fp_adder/DI[0]
                                                                      r  u_cve2_core/cf_unit_i/u_scale_accum1/u_add/u_fp_adder/final_exp1_carry/DI[0]
                         CARRY8 (Prop_CARRY8_DI[0]_CO[3])
                                                      0.182     8.538 r  u_cve2_core/cf_unit_i/u_scale_accum1/u_add/u_fp_adder/final_exp1_carry/CO[3]
                         net (fo=15, unplaced)        0.133     8.671    u_cve2_core/cf_unit_i/u_scale_accum1/u_add_n_0
                                                                      r  u_cve2_core/cf_unit_i/u_scale_accum1/wr_data_q[17]_i_8/I1
                         LUT3 (Prop_LUT3_I1_O)        0.038     8.709 r  u_cve2_core/cf_unit_i/u_scale_accum1/wr_data_q[17]_i_8/O
                         net (fo=6, unplaced)         0.208     8.917    u_cve2_core/cf_unit_i/u_scale_accum1/wr_data_q[17]_i_8_n_0
                                                                      r  u_cve2_core/cf_unit_i/u_scale_accum1/wr_data_q[17]_i_6/I0
                         LUT6 (Prop_LUT6_I0_O)        0.038     8.955 r  u_cve2_core/cf_unit_i/u_scale_accum1/wr_data_q[17]_i_6/O
                         net (fo=1, unplaced)         0.186     9.141    u_cve2_core/cf_unit_i/u_scale_accum1/wr_data_q[17]_i_6_n_0
                                                                      r  u_cve2_core/cf_unit_i/u_scale_accum1/wr_data_q[17]_i_3/I4
                         LUT5 (Prop_LUT5_I4_O)        0.038     9.179 f  u_cve2_core/cf_unit_i/u_scale_accum1/wr_data_q[17]_i_3/O
                         net (fo=3, unplaced)         0.192     9.371    u_cve2_core/cf_unit_i/u_scale_accum1/wr_data_q[17]_i_3_n_0
                                                                      f  u_cve2_core/cf_unit_i/u_scale_accum1/bram_high_reg_bram_0_i_23/I3
                         LUT5 (Prop_LUT5_I3_O)        0.038     9.409 r  u_cve2_core/cf_unit_i/u_scale_accum1/bram_high_reg_bram_0_i_23/O
                         net (fo=4, unplaced)         0.198     9.607    u_cve2_core/cf_unit_i/u_scale_accum1/bram_high_reg_bram_0_i_23_n_0
                                                                      r  u_cve2_core/cf_unit_i/u_scale_accum1/bram_high_reg_bram_0_i_21/I3
                         LUT5 (Prop_LUT5_I3_O)        0.038     9.645 r  u_cve2_core/cf_unit_i/u_scale_accum1/bram_high_reg_bram_0_i_21/O
                         net (fo=7, unplaced)         0.211     9.856    u_cve2_core/cf_unit_i/u_scale_accum1/bram_high_reg_bram_0_i_21_n_0
                                                                      r  u_cve2_core/cf_unit_i/u_scale_accum1/wr_data_q[23]_i_2/I1
                         LUT4 (Prop_LUT4_I1_O)        0.038     9.894 r  u_cve2_core/cf_unit_i/u_scale_accum1/wr_data_q[23]_i_2/O
                         net (fo=1, unplaced)         0.186    10.080    u_cve2_core/cf_unit_i/u_scale_accum1/wr_data_q[23]_i_2_n_0
                                                                      r  u_cve2_core/cf_unit_i/u_scale_accum1/wr_data_q[23]_i_1/I3
                         LUT6 (Prop_LUT6_I3_O)        0.038    10.118 r  u_cve2_core/cf_unit_i/u_scale_accum1/wr_data_q[23]_i_1/O
                         net (fo=2, unplaced)         0.186    10.304    u_cve2_core/cf_unit_i/u_scale_fsm/bram_high_reg_bram_0[16]
                                                                      r  u_cve2_core/cf_unit_i/u_scale_fsm/bram_high_reg_bram_0_i_10/I0
                         LUT4 (Prop_LUT4_I0_O)        0.038    10.342 r  u_cve2_core/cf_unit_i/u_scale_fsm/bram_high_reg_bram_0_i_10/O
                         net (fo=1, unplaced)         0.199    10.541    u_cve2_core/cf_unit_i/u_accum_bram/DINADIN[7]
                         RAMB18E2                                     r  u_cve2_core/cf_unit_i/u_accum_bram/bram_high_reg_bram_0/DINADIN[7]
  -------------------------------------------------------------------    -------------------

                         (clock clk_i rise edge)      8.000     8.000 r  
                                                      0.000     8.000 r  clk_i (IN)
                         net (fo=0)                   0.000     8.000    clk_i_IBUF_inst/I
                                                                      r  clk_i_IBUF_inst/INBUF_INST/PAD
                         INBUF (Prop_INBUF_PAD_O)     0.331     8.331 r  clk_i_IBUF_inst/INBUF_INST/O
                         net (fo=1, unplaced)         0.000     8.331    clk_i_IBUF_inst/OUT
                                                                      r  clk_i_IBUF_inst/IBUFCTRL_INST/I
                         IBUFCTRL (Prop_IBUFCTRL_I_O)
                                                      0.000     8.331 r  clk_i_IBUF_inst/IBUFCTRL_INST/O
                         net (fo=2, unplaced)         0.292     8.623    core_clock_gate_i/clk_i_IBUF
                                                                      r  core_clock_gate_i/clk_BUFG_inst_i_1/I0
                         LUT2 (Prop_LUT2_I0_O)        0.036     8.659 r  core_clock_gate_i/clk_BUFG_inst_i_1/O
                         net (fo=1, unplaced)         0.282     8.941    clk
                                                                      r  clk_BUFG_inst/I
                         BUFGCE (Prop_BUFGCE_I_O)     0.024     8.965 r  clk_BUFG_inst/O
                         net (fo=5360, unplaced)      2.439    11.404    u_cve2_core/cf_unit_i/u_accum_bram/clk_BUFG
                         RAMB18E2                                     r  u_cve2_core/cf_unit_i/u_accum_bram/bram_high_reg_bram_0/CLKARDCLK
                         clock pessimism              0.485    11.889    
                         clock uncertainty           -0.035    11.854    
                         RAMB18E2 (Setup_RAMB18E2_CLKARDCLK_DINADIN[7])
                                                     -0.257    11.597    u_cve2_core/cf_unit_i/u_accum_bram/bram_high_reg_bram_0
  -------------------------------------------------------------------
                         required time                         11.597    
                         arrival time                         -10.541    
  -------------------------------------------------------------------
                         slack                                  1.056    

Slack (MET) :             1.063ns  (required time - arrival time)
  Source:                 u_cve2_core/cf_unit_i/u_scale_accum1/accumulator_s3_reg[8]/C
                            (rising edge-triggered cell FDCE clocked by clk_i  {rise@0.000ns fall@4.000ns period=8.000ns})
  Destination:            u_cve2_core/cf_unit_i/u_accum_bram/bram_high_reg_bram_0/DINADIN[8]
                            (rising edge-triggered cell RAMB18E2 clocked by clk_i  {rise@0.000ns fall@4.000ns period=8.000ns})
  Path Group:             clk_i
  Path Type:              Setup (Max at Slow Process Corner)
  Requirement:            8.000ns  (clk_i rise@8.000ns - clk_i rise@0.000ns)
  Data Path Delay:        6.488ns  (logic 1.540ns (23.736%)  route 4.948ns (76.264%))
  Logic Levels:           25  (CARRY8=2 LUT3=4 LUT4=1 LUT5=7 LUT6=11)
  Clock Path Skew:        -0.145ns (DCD - SCD + CPR)
    Destination Clock Delay (DCD):    3.404ns = ( 11.404 - 8.000 ) 
    Source Clock Delay      (SCD):    4.034ns
    Clock Pessimism Removal (CPR):    0.485ns
  Clock Uncertainty:      0.035ns  ((TSJ^2 + TIJ^2)^1/2 + DJ) / 2 + PE
    Total System Jitter     (TSJ):    0.071ns
    Total Input Jitter      (TIJ):    0.000ns
    Discrete Jitter          (DJ):    0.000ns
    Phase Error              (PE):    0.000ns

    Location             Delay type                Incr(ns)  Path(ns)    Netlist Resource(s)
  -------------------------------------------------------------------    -------------------
                         (clock clk_i rise edge)      0.000     0.000 r  
                                                      0.000     0.000 r  clk_i (IN)
                         net (fo=0)                   0.000     0.000    clk_i_IBUF_inst/I
                                                                      r  clk_i_IBUF_inst/INBUF_INST/PAD
                         INBUF (Prop_INBUF_PAD_O)     0.582     0.582 r  clk_i_IBUF_inst/INBUF_INST/O
                         net (fo=1, unplaced)         0.000     0.582    clk_i_IBUF_inst/OUT
                                                                      r  clk_i_IBUF_inst/IBUFCTRL_INST/I
                         IBUFCTRL (Prop_IBUFCTRL_I_O)
                                                      0.000     0.582 r  clk_i_IBUF_inst/IBUFCTRL_INST/O
                         net (fo=2, unplaced)         0.403     0.985    core_clock_gate_i/clk_i_IBUF
                                                                      r  core_clock_gate_i/clk_BUFG_inst_i_1/I0
                         LUT2 (Prop_LUT2_I0_O)        0.053     1.038 r  core_clock_gate_i/clk_BUFG_inst_i_1/O
                         net (fo=1, unplaced)         0.384     1.422    clk
                                                                      r  clk_BUFG_inst/I
                         BUFGCE (Prop_BUFGCE_I_O)     0.028     1.450 r  clk_BUFG_inst/O
                         net (fo=5360, unplaced)      2.584     4.034    u_cve2_core/cf_unit_i/u_scale_accum1/clk_BUFG
                         FDCE                                         r  u_cve2_core/cf_unit_i/u_scale_accum1/accumulator_s3_reg[8]/C
  -------------------------------------------------------------------    -------------------
                         FDCE (Prop_FDCE_C_Q)         0.077     4.111 r  u_cve2_core/cf_unit_i/u_scale_accum1/accumulator_s3_reg[8]/Q
                         net (fo=16, unplaced)        0.198     4.309    u_cve2_core/cf_unit_i/u_scale_accum1/accumulator_s3[8]
                                                                      r  u_cve2_core/cf_unit_i/u_scale_accum1/wr_data_q[31]_i_32/I0
                         LUT6 (Prop_LUT6_I0_O)        0.150     4.459 r  u_cve2_core/cf_unit_i/u_scale_accum1/wr_data_q[31]_i_32/O
                         net (fo=4, unplaced)         0.198     4.657    u_cve2_core/cf_unit_i/u_scale_accum1/wr_data_q[31]_i_32_n_0
                                                                      r  u_cve2_core/cf_unit_i/u_scale_accum1/wr_data_q[31]_i_25/I2
                         LUT5 (Prop_LUT5_I2_O)        0.038     4.695 r  u_cve2_core/cf_unit_i/u_scale_accum1/wr_data_q[31]_i_25/O
                         net (fo=3, unplaced)         0.192     4.887    u_cve2_core/cf_unit_i/u_scale_accum1/wr_data_q[31]_i_25_n_0
                                                                      r  u_cve2_core/cf_unit_i/u_scale_accum1/wr_data_q[31]_i_12/I1
                         LUT3 (Prop_LUT3_I1_O)        0.038     4.925 r  u_cve2_core/cf_unit_i/u_scale_accum1/wr_data_q[31]_i_12/O
                         net (fo=2, unplaced)         0.186     5.111    u_cve2_core/cf_unit_i/u_scale_accum1/wr_data_q[31]_i_12_n_0
                                                                      r  u_cve2_core/cf_unit_i/u_scale_accum1/wr_data_q[31]_i_3/I2
                         LUT5 (Prop_LUT5_I2_O)        0.038     5.149 r  u_cve2_core/cf_unit_i/u_scale_accum1/wr_data_q[31]_i_3/O
                         net (fo=67, unplaced)        0.262     5.411    u_cve2_core/cf_unit_i/u_scale_accum1/wr_data_q[31]_i_3_n_0
                                                                      r  u_cve2_core/cf_unit_i/u_scale_accum1/wr_data_q[31]_i_17/I5
                         LUT6 (Prop_LUT6_I5_O)        0.038     5.449 r  u_cve2_core/cf_unit_i/u_scale_accum1/wr_data_q[31]_i_17/O
                         net (fo=9, unplaced)         0.217     5.666    u_cve2_core/cf_unit_i/u_scale_accum1/wr_data_q[31]_i_17_n_0
                                                                      r  u_cve2_core/cf_unit_i/u_scale_accum1/wr_data_q[31]_i_23/I5
                         LUT6 (Prop_LUT6_I5_O)        0.038     5.704 r  u_cve2_core/cf_unit_i/u_scale_accum1/wr_data_q[31]_i_23/O
                         net (fo=10, unplaced)        0.219     5.923    u_cve2_core/cf_unit_i/u_scale_accum1/wr_data_q[31]_i_23_n_0
                                                                      r  u_cve2_core/cf_unit_i/u_scale_accum1/bram_high_reg_bram_0_i_82/I5
                         LUT6 (Prop_LUT6_I5_O)        0.038     5.961 f  u_cve2_core/cf_unit_i/u_scale_accum1/bram_high_reg_bram_0_i_82/O
                         net (fo=1, unplaced)         0.186     6.147    u_cve2_core/cf_unit_i/u_scale_accum1/bram_high_reg_bram_0_i_82_n_0
                                                                      f  u_cve2_core/cf_unit_i/u_scale_accum1/bram_high_reg_bram_0_i_70/I0
                         LUT3 (Prop_LUT3_I0_O)        0.038     6.185 f  u_cve2_core/cf_unit_i/u_scale_accum1/bram_high_reg_bram_0_i_70/O
                         net (fo=2, unplaced)         0.186     6.371    u_cve2_core/cf_unit_i/u_scale_accum1/bram_high_reg_bram_0_i_70_n_0
                                                                      f  u_cve2_core/cf_unit_i/u_scale_accum1/bram_high_reg_bram_0_i_75/I5
                         LUT6 (Prop_LUT6_I5_O)        0.038     6.409 r  u_cve2_core/cf_unit_i/u_scale_accum1/bram_high_reg_bram_0_i_75/O
                         net (fo=1, unplaced)         0.186     6.595    u_cve2_core/cf_unit_i/u_scale_accum1/bram_high_reg_bram_0_i_75_n_0
                                                                      r  u_cve2_core/cf_unit_i/u_scale_accum1/bram_high_reg_bram_0_i_55/I2
                         LUT3 (Prop_LUT3_I2_O)        0.038     6.633 r  u_cve2_core/cf_unit_i/u_scale_accum1/bram_high_reg_bram_0_i_55/O
                         net (fo=2, unplaced)         0.186     6.819    u_cve2_core/cf_unit_i/u_scale_accum1/u_add/u_fp_adder/bram_high_reg_bram_0_i_32[0]
                                                                      r  u_cve2_core/cf_unit_i/u_scale_accum1/u_add/u_fp_adder/bram_high_reg_bram_0_i_61/I0
                         LUT5 (Prop_LUT5_I0_O)        0.037     6.856 r  u_cve2_core/cf_unit_i/u_scale_accum1/u_add/u_fp_adder/bram_high_reg_bram_0_i_61/O
                         net (fo=1, unplaced)         0.032     6.888    u_cve2_core/cf_unit_i/u_scale_accum1/u_add_n_8
                                                                      r  u_cve2_core/cf_unit_i/u_scale_accum1/bram_high_reg_bram_0_i_32/S[3]
                         CARRY8 (Prop_CARRY8_S[3]_O[5])
                                                      0.184     7.072 f  u_cve2_core/cf_unit_i/u_scale_accum1/bram_high_reg_bram_0_i_32/O[5]
                         net (fo=7, unplaced)         0.182     7.254    u_cve2_core/cf_unit_i/u_scale_accum1/bram_high_reg_bram_0_i_32_n_10
                                                                      f  u_cve2_core/cf_unit_i/u_scale_accum1/wr_data_q[31]_i_13/I0
                         LUT6 (Prop_LUT6_I0_O)        0.150     7.404 r  u_cve2_core/cf_unit_i/u_scale_accum1/wr_data_q[31]_i_13/O
                         net (fo=3, unplaced)         0.192     7.596    u_cve2_core/cf_unit_i/u_scale_accum1/wr_data_q[31]_i_13_n_0
                                                                      r  u_cve2_core/cf_unit_i/u_scale_accum1/final_exp1_carry_i_22__0/I3
                         LUT6 (Prop_LUT6_I3_O)        0.038     7.634 r  u_cve2_core/cf_unit_i/u_scale_accum1/final_exp1_carry_i_22__0/O
                         net (fo=2, unplaced)         0.186     7.820    u_cve2_core/cf_unit_i/u_scale_accum1/final_exp1_carry_i_22__0_n_0
                                                                      r  u_cve2_core/cf_unit_i/u_scale_accum1/final_exp1_carry_i_14__0/I0
                         LUT6 (Prop_LUT6_I0_O)        0.038     7.858 r  u_cve2_core/cf_unit_i/u_scale_accum1/final_exp1_carry_i_14__0/O
                         net (fo=14, unplaced)        0.227     8.085    u_cve2_core/cf_unit_i/u_scale_accum1/final_exp1_carry_i_14__0_n_0
                                                                      r  u_cve2_core/cf_unit_i/u_scale_accum1/final_exp1_carry_i_4__0/I2
                         LUT6 (Prop_LUT6_I2_O)        0.038     8.123 f  u_cve2_core/cf_unit_i/u_scale_accum1/final_exp1_carry_i_4__0/O
                         net (fo=1, unplaced)         0.233     8.356    u_cve2_core/cf_unit_i/u_scale_accum1/u_add/u_fp_adder/DI[0]
                                                                      f  u_cve2_core/cf_unit_i/u_scale_accum1/u_add/u_fp_adder/final_exp1_carry/DI[0]
                         CARRY8 (Prop_CARRY8_DI[0]_CO[3])
                                                      0.182     8.538 f  u_cve2_core/cf_unit_i/u_scale_accum1/u_add/u_fp_adder/final_exp1_carry/CO[3]
                         net (fo=15, unplaced)        0.133     8.671    u_cve2_core/cf_unit_i/u_scale_accum1/u_add_n_0
                                                                      f  u_cve2_core/cf_unit_i/u_scale_accum1/wr_data_q[17]_i_8/I1
                         LUT3 (Prop_LUT3_I1_O)        0.038     8.709 f  u_cve2_core/cf_unit_i/u_scale_accum1/wr_data_q[17]_i_8/O
                         net (fo=6, unplaced)         0.208     8.917    u_cve2_core/cf_unit_i/u_scale_accum1/wr_data_q[17]_i_8_n_0
                                                                      f  u_cve2_core/cf_unit_i/u_scale_accum1/wr_data_q[17]_i_6/I0
                         LUT6 (Prop_LUT6_I0_O)        0.038     8.955 f  u_cve2_core/cf_unit_i/u_scale_accum1/wr_data_q[17]_i_6/O
                         net (fo=1, unplaced)         0.186     9.141    u_cve2_core/cf_unit_i/u_scale_accum1/wr_data_q[17]_i_6_n_0
                                                                      f  u_cve2_core/cf_unit_i/u_scale_accum1/wr_data_q[17]_i_3/I4
                         LUT5 (Prop_LUT5_I4_O)        0.038     9.179 r  u_cve2_core/cf_unit_i/u_scale_accum1/wr_data_q[17]_i_3/O
                         net (fo=3, unplaced)         0.192     9.371    u_cve2_core/cf_unit_i/u_scale_accum1/wr_data_q[17]_i_3_n_0
                                                                      r  u_cve2_core/cf_unit_i/u_scale_accum1/bram_high_reg_bram_0_i_23/I3
                         LUT5 (Prop_LUT5_I3_O)        0.038     9.409 f  u_cve2_core/cf_unit_i/u_scale_accum1/bram_high_reg_bram_0_i_23/O
                         net (fo=4, unplaced)         0.198     9.607    u_cve2_core/cf_unit_i/u_scale_accum1/bram_high_reg_bram_0_i_23_n_0
                                                                      f  u_cve2_core/cf_unit_i/u_scale_accum1/bram_high_reg_bram_0_i_21/I3
                         LUT5 (Prop_LUT5_I3_O)        0.038     9.645 f  u_cve2_core/cf_unit_i/u_scale_accum1/bram_high_reg_bram_0_i_21/O
                         net (fo=7, unplaced)         0.211     9.856    u_cve2_core/cf_unit_i/u_scale_accum1/bram_high_reg_bram_0_i_21_n_0
                                                                      f  u_cve2_core/cf_unit_i/u_scale_accum1/wr_data_q[24]_i_2/I3
                         LUT5 (Prop_LUT5_I3_O)        0.038     9.894 r  u_cve2_core/cf_unit_i/u_scale_accum1/wr_data_q[24]_i_2/O
                         net (fo=5, unplaced)         0.204    10.098    u_cve2_core/cf_unit_i/u_scale_accum1/wr_data_q[24]_i_2_n_0
                                                                      r  u_cve2_core/cf_unit_i/u_scale_accum1/wr_data_q[24]_i_1/I3
                         LUT6 (Prop_LUT6_I3_O)        0.038    10.136 r  u_cve2_core/cf_unit_i/u_scale_accum1/wr_data_q[24]_i_1/O
                         net (fo=2, unplaced)         0.186    10.322    u_cve2_core/cf_unit_i/u_scale_fsm/bram_high_reg_bram_0[17]
                                                                      r  u_cve2_core/cf_unit_i/u_scale_fsm/bram_high_reg_bram_0_i_9/I0
                         LUT4 (Prop_LUT4_I0_O)        0.038    10.360 r  u_cve2_core/cf_unit_i/u_scale_fsm/bram_high_reg_bram_0_i_9/O
                         net (fo=1, unplaced)         0.162    10.522    u_cve2_core/cf_unit_i/u_accum_bram/DINADIN[8]
                         RAMB18E2                                     r  u_cve2_core/cf_unit_i/u_accum_bram/bram_high_reg_bram_0/DINADIN[8]
  -------------------------------------------------------------------    -------------------

                         (clock clk_i rise edge)      8.000     8.000 r  
                                                      0.000     8.000 r  clk_i (IN)
                         net (fo=0)                   0.000     8.000    clk_i_IBUF_inst/I
                                                                      r  clk_i_IBUF_inst/INBUF_INST/PAD
                         INBUF (Prop_INBUF_PAD_O)     0.331     8.331 r  clk_i_IBUF_inst/INBUF_INST/O
                         net (fo=1, unplaced)         0.000     8.331    clk_i_IBUF_inst/OUT
                                                                      r  clk_i_IBUF_inst/IBUFCTRL_INST/I
                         IBUFCTRL (Prop_IBUFCTRL_I_O)
                                                      0.000     8.331 r  clk_i_IBUF_inst/IBUFCTRL_INST/O
                         net (fo=2, unplaced)         0.292     8.623    core_clock_gate_i/clk_i_IBUF
                                                                      r  core_clock_gate_i/clk_BUFG_inst_i_1/I0
                         LUT2 (Prop_LUT2_I0_O)        0.036     8.659 r  core_clock_gate_i/clk_BUFG_inst_i_1/O
                         net (fo=1, unplaced)         0.282     8.941    clk
                                                                      r  clk_BUFG_inst/I
                         BUFGCE (Prop_BUFGCE_I_O)     0.024     8.965 r  clk_BUFG_inst/O
                         net (fo=5360, unplaced)      2.439    11.404    u_cve2_core/cf_unit_i/u_accum_bram/clk_BUFG
                         RAMB18E2                                     r  u_cve2_core/cf_unit_i/u_accum_bram/bram_high_reg_bram_0/CLKARDCLK
                         clock pessimism              0.485    11.889    
                         clock uncertainty           -0.035    11.854    
                         RAMB18E2 (Setup_RAMB18E2_CLKARDCLK_DINADIN[8])
                                                     -0.269    11.585    u_cve2_core/cf_unit_i/u_accum_bram/bram_high_reg_bram_0
  -------------------------------------------------------------------
                         required time                         11.585    
                         arrival time                         -10.522    
  -------------------------------------------------------------------
                         slack                                  1.063    

Slack (MET) :             1.170ns  (required time - arrival time)
  Source:                 u_cve2_core/cf_unit_i/u_scale_accum1/accumulator_s3_reg[8]/C
                            (rising edge-triggered cell FDCE clocked by clk_i  {rise@0.000ns fall@4.000ns period=8.000ns})
  Destination:            u_cve2_core/cf_unit_i/u_accum_bram/bram_high_reg_bram_0/DINADIN[9]
                            (rising edge-triggered cell RAMB18E2 clocked by clk_i  {rise@0.000ns fall@4.000ns period=8.000ns})
  Path Group:             clk_i
  Path Type:              Setup (Max at Slow Process Corner)
  Requirement:            8.000ns  (clk_i rise@8.000ns - clk_i rise@0.000ns)
  Data Path Delay:        6.414ns  (logic 1.540ns (24.010%)  route 4.874ns (75.990%))
  Logic Levels:           25  (CARRY8=2 LUT3=4 LUT4=1 LUT5=6 LUT6=12)
  Clock Path Skew:        -0.145ns (DCD - SCD + CPR)
    Destination Clock Delay (DCD):    3.404ns = ( 11.404 - 8.000 ) 
    Source Clock Delay      (SCD):    4.034ns
    Clock Pessimism Removal (CPR):    0.485ns
  Clock Uncertainty:      0.035ns  ((TSJ^2 + TIJ^2)^1/2 + DJ) / 2 + PE
    Total System Jitter     (TSJ):    0.071ns
    Total Input Jitter      (TIJ):    0.000ns
    Discrete Jitter          (DJ):    0.000ns
    Phase Error              (PE):    0.000ns

    Location             Delay type                Incr(ns)  Path(ns)    Netlist Resource(s)
  -------------------------------------------------------------------    -------------------
                         (clock clk_i rise edge)      0.000     0.000 r  
                                                      0.000     0.000 r  clk_i (IN)
                         net (fo=0)                   0.000     0.000    clk_i_IBUF_inst/I
                                                                      r  clk_i_IBUF_inst/INBUF_INST/PAD
                         INBUF (Prop_INBUF_PAD_O)     0.582     0.582 r  clk_i_IBUF_inst/INBUF_INST/O
                         net (fo=1, unplaced)         0.000     0.582    clk_i_IBUF_inst/OUT
                                                                      r  clk_i_IBUF_inst/IBUFCTRL_INST/I
                         IBUFCTRL (Prop_IBUFCTRL_I_O)
                                                      0.000     0.582 r  clk_i_IBUF_inst/IBUFCTRL_INST/O
                         net (fo=2, unplaced)         0.403     0.985    core_clock_gate_i/clk_i_IBUF
                                                                      r  core_clock_gate_i/clk_BUFG_inst_i_1/I0
                         LUT2 (Prop_LUT2_I0_O)        0.053     1.038 r  core_clock_gate_i/clk_BUFG_inst_i_1/O
                         net (fo=1, unplaced)         0.384     1.422    clk
                                                                      r  clk_BUFG_inst/I
                         BUFGCE (Prop_BUFGCE_I_O)     0.028     1.450 r  clk_BUFG_inst/O
                         net (fo=5360, unplaced)      2.584     4.034    u_cve2_core/cf_unit_i/u_scale_accum1/clk_BUFG
                         FDCE                                         r  u_cve2_core/cf_unit_i/u_scale_accum1/accumulator_s3_reg[8]/C
  -------------------------------------------------------------------    -------------------
                         FDCE (Prop_FDCE_C_Q)         0.077     4.111 r  u_cve2_core/cf_unit_i/u_scale_accum1/accumulator_s3_reg[8]/Q
                         net (fo=16, unplaced)        0.198     4.309    u_cve2_core/cf_unit_i/u_scale_accum1/accumulator_s3[8]
                                                                      r  u_cve2_core/cf_unit_i/u_scale_accum1/wr_data_q[31]_i_32/I0
                         LUT6 (Prop_LUT6_I0_O)        0.150     4.459 r  u_cve2_core/cf_unit_i/u_scale_accum1/wr_data_q[31]_i_32/O
                         net (fo=4, unplaced)         0.198     4.657    u_cve2_core/cf_unit_i/u_scale_accum1/wr_data_q[31]_i_32_n_0
                                                                      r  u_cve2_core/cf_unit_i/u_scale_accum1/wr_data_q[31]_i_25/I2
                         LUT5 (Prop_LUT5_I2_O)        0.038     4.695 r  u_cve2_core/cf_unit_i/u_scale_accum1/wr_data_q[31]_i_25/O
                         net (fo=3, unplaced)         0.192     4.887    u_cve2_core/cf_unit_i/u_scale_accum1/wr_data_q[31]_i_25_n_0
                                                                      r  u_cve2_core/cf_unit_i/u_scale_accum1/wr_data_q[31]_i_12/I1
                         LUT3 (Prop_LUT3_I1_O)        0.038     4.925 r  u_cve2_core/cf_unit_i/u_scale_accum1/wr_data_q[31]_i_12/O
                         net (fo=2, unplaced)         0.186     5.111    u_cve2_core/cf_unit_i/u_scale_accum1/wr_data_q[31]_i_12_n_0
                                                                      r  u_cve2_core/cf_unit_i/u_scale_accum1/wr_data_q[31]_i_3/I2
                         LUT5 (Prop_LUT5_I2_O)        0.038     5.149 r  u_cve2_core/cf_unit_i/u_scale_accum1/wr_data_q[31]_i_3/O
                         net (fo=67, unplaced)        0.262     5.411    u_cve2_core/cf_unit_i/u_scale_accum1/wr_data_q[31]_i_3_n_0
                                                                      r  u_cve2_core/cf_unit_i/u_scale_accum1/wr_data_q[31]_i_17/I5
                         LUT6 (Prop_LUT6_I5_O)        0.038     5.449 r  u_cve2_core/cf_unit_i/u_scale_accum1/wr_data_q[31]_i_17/O
                         net (fo=9, unplaced)         0.217     5.666    u_cve2_core/cf_unit_i/u_scale_accum1/wr_data_q[31]_i_17_n_0
                                                                      r  u_cve2_core/cf_unit_i/u_scale_accum1/wr_data_q[31]_i_23/I5
                         LUT6 (Prop_LUT6_I5_O)        0.038     5.704 r  u_cve2_core/cf_unit_i/u_scale_accum1/wr_data_q[31]_i_23/O
                         net (fo=10, unplaced)        0.219     5.923    u_cve2_core/cf_unit_i/u_scale_accum1/wr_data_q[31]_i_23_n_0
                                                                      r  u_cve2_core/cf_unit_i/u_scale_accum1/bram_high_reg_bram_0_i_82/I5
                         LUT6 (Prop_LUT6_I5_O)        0.038     5.961 f  u_cve2_core/cf_unit_i/u_scale_accum1/bram_high_reg_bram_0_i_82/O
                         net (fo=1, unplaced)         0.186     6.147    u_cve2_core/cf_unit_i/u_scale_accum1/bram_high_reg_bram_0_i_82_n_0
                                                                      f  u_cve2_core/cf_unit_i/u_scale_accum1/bram_high_reg_bram_0_i_70/I0
                         LUT3 (Prop_LUT3_I0_O)        0.038     6.185 f  u_cve2_core/cf_unit_i/u_scale_accum1/bram_high_reg_bram_0_i_70/O
                         net (fo=2, unplaced)         0.186     6.371    u_cve2_core/cf_unit_i/u_scale_accum1/bram_high_reg_bram_0_i_70_n_0
                                                                      f  u_cve2_core/cf_unit_i/u_scale_accum1/bram_high_reg_bram_0_i_75/I5
                         LUT6 (Prop_LUT6_I5_O)        0.038     6.409 r  u_cve2_core/cf_unit_i/u_scale_accum1/bram_high_reg_bram_0_i_75/O
                         net (fo=1, unplaced)         0.186     6.595    u_cve2_core/cf_unit_i/u_scale_accum1/bram_high_reg_bram_0_i_75_n_0
                                                                      r  u_cve2_core/cf_unit_i/u_scale_accum1/bram_high_reg_bram_0_i_55/I2
                         LUT3 (Prop_LUT3_I2_O)        0.038     6.633 r  u_cve2_core/cf_unit_i/u_scale_accum1/bram_high_reg_bram_0_i_55/O
                         net (fo=2, unplaced)         0.186     6.819    u_cve2_core/cf_unit_i/u_scale_accum1/u_add/u_fp_adder/bram_high_reg_bram_0_i_32[0]
                                                                      r  u_cve2_core/cf_unit_i/u_scale_accum1/u_add/u_fp_adder/bram_high_reg_bram_0_i_61/I0
                         LUT5 (Prop_LUT5_I0_O)        0.037     6.856 r  u_cve2_core/cf_unit_i/u_scale_accum1/u_add/u_fp_adder/bram_high_reg_bram_0_i_61/O
                         net (fo=1, unplaced)         0.032     6.888    u_cve2_core/cf_unit_i/u_scale_accum1/u_add_n_8
                                                                      r  u_cve2_core/cf_unit_i/u_scale_accum1/bram_high_reg_bram_0_i_32/S[3]
                         CARRY8 (Prop_CARRY8_S[3]_O[5])
                                                      0.184     7.072 f  u_cve2_core/cf_unit_i/u_scale_accum1/bram_high_reg_bram_0_i_32/O[5]
                         net (fo=7, unplaced)         0.182     7.254    u_cve2_core/cf_unit_i/u_scale_accum1/bram_high_reg_bram_0_i_32_n_10
                                                                      f  u_cve2_core/cf_unit_i/u_scale_accum1/wr_data_q[31]_i_13/I0
                         LUT6 (Prop_LUT6_I0_O)        0.150     7.404 r  u_cve2_core/cf_unit_i/u_scale_accum1/wr_data_q[31]_i_13/O
                         net (fo=3, unplaced)         0.192     7.596    u_cve2_core/cf_unit_i/u_scale_accum1/wr_data_q[31]_i_13_n_0
                                                                      r  u_cve2_core/cf_unit_i/u_scale_accum1/final_exp1_carry_i_22__0/I3
                         LUT6 (Prop_LUT6_I3_O)        0.038     7.634 r  u_cve2_core/cf_unit_i/u_scale_accum1/final_exp1_carry_i_22__0/O
                         net (fo=2, unplaced)         0.186     7.820    u_cve2_core/cf_unit_i/u_scale_accum1/final_exp1_carry_i_22__0_n_0
                                                                      r  u_cve2_core/cf_unit_i/u_scale_accum1/final_exp1_carry_i_14__0/I0
                         LUT6 (Prop_LUT6_I0_O)        0.038     7.858 r  u_cve2_core/cf_unit_i/u_scale_accum1/final_exp1_carry_i_14__0/O
                         net (fo=14, unplaced)        0.227     8.085    u_cve2_core/cf_unit_i/u_scale_accum1/final_exp1_carry_i_14__0_n_0
                                                                      r  u_cve2_core/cf_unit_i/u_scale_accum1/final_exp1_carry_i_4__0/I2
                         LUT6 (Prop_LUT6_I2_O)        0.038     8.123 f  u_cve2_core/cf_unit_i/u_scale_accum1/final_exp1_carry_i_4__0/O
                         net (fo=1, unplaced)         0.233     8.356    u_cve2_core/cf_unit_i/u_scale_accum1/u_add/u_fp_adder/DI[0]
                                                                      f  u_cve2_core/cf_unit_i/u_scale_accum1/u_add/u_fp_adder/final_exp1_carry/DI[0]
                         CARRY8 (Prop_CARRY8_DI[0]_CO[3])
                                                      0.182     8.538 f  u_cve2_core/cf_unit_i/u_scale_accum1/u_add/u_fp_adder/final_exp1_carry/CO[3]
                         net (fo=15, unplaced)        0.133     8.671    u_cve2_core/cf_unit_i/u_scale_accum1/u_add_n_0
                                                                      f  u_cve2_core/cf_unit_i/u_scale_accum1/wr_data_q[17]_i_8/I1
                         LUT3 (Prop_LUT3_I1_O)        0.038     8.709 f  u_cve2_core/cf_unit_i/u_scale_accum1/wr_data_q[17]_i_8/O
                         net (fo=6, unplaced)         0.208     8.917    u_cve2_core/cf_unit_i/u_scale_accum1/wr_data_q[17]_i_8_n_0
                                                                      f  u_cve2_core/cf_unit_i/u_scale_accum1/wr_data_q[17]_i_6/I0
                         LUT6 (Prop_LUT6_I0_O)        0.038     8.955 f  u_cve2_core/cf_unit_i/u_scale_accum1/wr_data_q[17]_i_6/O
                         net (fo=1, unplaced)         0.186     9.141    u_cve2_core/cf_unit_i/u_scale_accum1/wr_data_q[17]_i_6_n_0
                                                                      f  u_cve2_core/cf_unit_i/u_scale_accum1/wr_data_q[17]_i_3/I4
                         LUT5 (Prop_LUT5_I4_O)        0.038     9.179 r  u_cve2_core/cf_unit_i/u_scale_accum1/wr_data_q[17]_i_3/O
                         net (fo=3, unplaced)         0.192     9.371    u_cve2_core/cf_unit_i/u_scale_accum1/wr_data_q[17]_i_3_n_0
                                                                      r  u_cve2_core/cf_unit_i/u_scale_accum1/bram_high_reg_bram_0_i_23/I3
                         LUT5 (Prop_LUT5_I3_O)        0.038     9.409 f  u_cve2_core/cf_unit_i/u_scale_accum1/bram_high_reg_bram_0_i_23/O
                         net (fo=4, unplaced)         0.198     9.607    u_cve2_core/cf_unit_i/u_scale_accum1/bram_high_reg_bram_0_i_23_n_0
                                                                      f  u_cve2_core/cf_unit_i/u_scale_accum1/bram_high_reg_bram_0_i_21/I3
                         LUT5 (Prop_LUT5_I3_O)        0.038     9.645 f  u_cve2_core/cf_unit_i/u_scale_accum1/bram_high_reg_bram_0_i_21/O
                         net (fo=7, unplaced)         0.211     9.856    u_cve2_core/cf_unit_i/u_scale_accum1/bram_high_reg_bram_0_i_21_n_0
                                                                      f  u_cve2_core/cf_unit_i/u_scale_accum1/wr_data_q[25]_i_2/I3
                         LUT6 (Prop_LUT6_I3_O)        0.038     9.894 r  u_cve2_core/cf_unit_i/u_scale_accum1/wr_data_q[25]_i_2/O
                         net (fo=1, unplaced)         0.186    10.080    u_cve2_core/cf_unit_i/u_scale_accum1/wr_data_q[25]_i_2_n_0
                                                                      r  u_cve2_core/cf_unit_i/u_scale_accum1/wr_data_q[25]_i_1/I3
                         LUT6 (Prop_LUT6_I3_O)        0.038    10.118 r  u_cve2_core/cf_unit_i/u_scale_accum1/wr_data_q[25]_i_1/O
                         net (fo=2, unplaced)         0.186    10.304    u_cve2_core/cf_unit_i/u_scale_fsm/bram_high_reg_bram_0[18]
                                                                      r  u_cve2_core/cf_unit_i/u_scale_fsm/bram_high_reg_bram_0_i_8/I0
                         LUT4 (Prop_LUT4_I0_O)        0.038    10.342 r  u_cve2_core/cf_unit_i/u_scale_fsm/bram_high_reg_bram_0_i_8/O
                         net (fo=1, unplaced)         0.106    10.448    u_cve2_core/cf_unit_i/u_accum_bram/DINADIN[9]
                         RAMB18E2                                     r  u_cve2_core/cf_unit_i/u_accum_bram/bram_high_reg_bram_0/DINADIN[9]
  -------------------------------------------------------------------    -------------------

                         (clock clk_i rise edge)      8.000     8.000 r  
                                                      0.000     8.000 r  clk_i (IN)
                         net (fo=0)                   0.000     8.000    clk_i_IBUF_inst/I
                                                                      r  clk_i_IBUF_inst/INBUF_INST/PAD
                         INBUF (Prop_INBUF_PAD_O)     0.331     8.331 r  clk_i_IBUF_inst/INBUF_INST/O
                         net (fo=1, unplaced)         0.000     8.331    clk_i_IBUF_inst/OUT
                                                                      r  clk_i_IBUF_inst/IBUFCTRL_INST/I
                         IBUFCTRL (Prop_IBUFCTRL_I_O)
                                                      0.000     8.331 r  clk_i_IBUF_inst/IBUFCTRL_INST/O
                         net (fo=2, unplaced)         0.292     8.623    core_clock_gate_i/clk_i_IBUF
                                                                      r  core_clock_gate_i/clk_BUFG_inst_i_1/I0
                         LUT2 (Prop_LUT2_I0_O)        0.036     8.659 r  core_clock_gate_i/clk_BUFG_inst_i_1/O
                         net (fo=1, unplaced)         0.282     8.941    clk
                                                                      r  clk_BUFG_inst/I
                         BUFGCE (Prop_BUFGCE_I_O)     0.024     8.965 r  clk_BUFG_inst/O
                         net (fo=5360, unplaced)      2.439    11.404    u_cve2_core/cf_unit_i/u_accum_bram/clk_BUFG
                         RAMB18E2                                     r  u_cve2_core/cf_unit_i/u_accum_bram/bram_high_reg_bram_0/CLKARDCLK
                         clock pessimism              0.485    11.889    
                         clock uncertainty           -0.035    11.854    
                         RAMB18E2 (Setup_RAMB18E2_CLKARDCLK_DINADIN[9])
                                                     -0.236    11.618    u_cve2_core/cf_unit_i/u_accum_bram/bram_high_reg_bram_0
  -------------------------------------------------------------------
                         required time                         11.618    
                         arrival time                         -10.448    
  -------------------------------------------------------------------
                         slack                                  1.170    

Slack (MET) :             1.258ns  (required time - arrival time)
  Source:                 u_cve2_core/cf_unit_i/u_scale_accum0/accumulator_s3_reg[8]/C
                            (rising edge-triggered cell FDCE clocked by clk_i  {rise@0.000ns fall@4.000ns period=8.000ns})
  Destination:            u_cve2_core/cf_unit_i/u_accum_bram/bram_low_reg_bram_0/DINADIN[11]
                            (rising edge-triggered cell RAMB18E2 clocked by clk_i  {rise@0.000ns fall@4.000ns period=8.000ns})
  Path Group:             clk_i
  Path Type:              Setup (Max at Slow Process Corner)
  Requirement:            8.000ns  (clk_i rise@8.000ns - clk_i rise@0.000ns)
  Data Path Delay:        6.316ns  (logic 1.630ns (25.807%)  route 4.686ns (74.193%))
  Logic Levels:           24  (CARRY8=2 LUT3=4 LUT4=1 LUT5=4 LUT6=13)
  Clock Path Skew:        -0.145ns (DCD - SCD + CPR)
    Destination Clock Delay (DCD):    3.404ns = ( 11.404 - 8.000 ) 
    Source Clock Delay      (SCD):    4.034ns
    Clock Pessimism Removal (CPR):    0.485ns
  Clock Uncertainty:      0.035ns  ((TSJ^2 + TIJ^2)^1/2 + DJ) / 2 + PE
    Total System Jitter     (TSJ):    0.071ns
    Total Input Jitter      (TIJ):    0.000ns
    Discrete Jitter          (DJ):    0.000ns
    Phase Error              (PE):    0.000ns

    Location             Delay type                Incr(ns)  Path(ns)    Netlist Resource(s)
  -------------------------------------------------------------------    -------------------
                         (clock clk_i rise edge)      0.000     0.000 r  
                                                      0.000     0.000 r  clk_i (IN)
                         net (fo=0)                   0.000     0.000    clk_i_IBUF_inst/I
                                                                      r  clk_i_IBUF_inst/INBUF_INST/PAD
                         INBUF (Prop_INBUF_PAD_O)     0.582     0.582 r  clk_i_IBUF_inst/INBUF_INST/O
                         net (fo=1, unplaced)         0.000     0.582    clk_i_IBUF_inst/OUT
                                                                      r  clk_i_IBUF_inst/IBUFCTRL_INST/I
                         IBUFCTRL (Prop_IBUFCTRL_I_O)
                                                      0.000     0.582 r  clk_i_IBUF_inst/IBUFCTRL_INST/O
                         net (fo=2, unplaced)         0.403     0.985    core_clock_gate_i/clk_i_IBUF
                                                                      r  core_clock_gate_i/clk_BUFG_inst_i_1/I0
                         LUT2 (Prop_LUT2_I0_O)        0.053     1.038 r  core_clock_gate_i/clk_BUFG_inst_i_1/O
                         net (fo=1, unplaced)         0.384     1.422    clk
                                                                      r  clk_BUFG_inst/I
                         BUFGCE (Prop_BUFGCE_I_O)     0.028     1.450 r  clk_BUFG_inst/O
                         net (fo=5360, unplaced)      2.584     4.034    u_cve2_core/cf_unit_i/u_scale_accum0/clk_BUFG
                         FDCE                                         r  u_cve2_core/cf_unit_i/u_scale_accum0/accumulator_s3_reg[8]/C
  -------------------------------------------------------------------    -------------------
                         FDCE (Prop_FDCE_C_Q)         0.077     4.111 r  u_cve2_core/cf_unit_i/u_scale_accum0/accumulator_s3_reg[8]/Q
                         net (fo=16, unplaced)        0.198     4.309    u_cve2_core/cf_unit_i/u_scale_accum0/accumulator_s3[8]
                                                                      r  u_cve2_core/cf_unit_i/u_scale_accum0/final_exp1_carry_i_33/I0
                         LUT6 (Prop_LUT6_I0_O)        0.150     4.459 r  u_cve2_core/cf_unit_i/u_scale_accum0/final_exp1_carry_i_33/O
                         net (fo=4, unplaced)         0.198     4.657    u_cve2_core/cf_unit_i/u_scale_accum0/final_exp1_carry_i_33_n_0
                                                                      r  u_cve2_core/cf_unit_i/u_scale_accum0/final_exp1_carry_i_29/I2
                         LUT5 (Prop_LUT5_I2_O)        0.070     4.727 r  u_cve2_core/cf_unit_i/u_scale_accum0/final_exp1_carry_i_29/O
                         net (fo=3, unplaced)         0.192     4.919    u_cve2_core/cf_unit_i/u_scale_accum0/final_exp1_carry_i_29_n_0
                                                                      r  u_cve2_core/cf_unit_i/u_scale_accum0/final_exp1_carry_i_17/I1
                         LUT3 (Prop_LUT3_I1_O)        0.070     4.989 r  u_cve2_core/cf_unit_i/u_scale_accum0/final_exp1_carry_i_17/O
                         net (fo=2, unplaced)         0.186     5.175    u_cve2_core/cf_unit_i/u_scale_accum0/final_exp1_carry_i_17_n_0
                                                                      r  u_cve2_core/cf_unit_i/u_scale_accum0/final_exp1_carry_i_9/I2
                         LUT5 (Prop_LUT5_I2_O)        0.038     5.213 r  u_cve2_core/cf_unit_i/u_scale_accum0/final_exp1_carry_i_9/O
                         net (fo=67, unplaced)        0.262     5.475    u_cve2_core/cf_unit_i/u_scale_accum0/final_exp1_carry_i_9_n_0
                                                                      r  u_cve2_core/cf_unit_i/u_scale_accum0/bram_low_reg_bram_0_i_173/I5
                         LUT6 (Prop_LUT6_I5_O)        0.038     5.513 r  u_cve2_core/cf_unit_i/u_scale_accum0/bram_low_reg_bram_0_i_173/O
                         net (fo=9, unplaced)         0.217     5.730    u_cve2_core/cf_unit_i/u_scale_accum0/bram_low_reg_bram_0_i_173_n_0
                                                                      r  u_cve2_core/cf_unit_i/u_scale_accum0/bram_low_reg_bram_0_i_179/I5
                         LUT6 (Prop_LUT6_I5_O)        0.038     5.768 r  u_cve2_core/cf_unit_i/u_scale_accum0/bram_low_reg_bram_0_i_179/O
                         net (fo=10, unplaced)        0.219     5.987    u_cve2_core/cf_unit_i/u_scale_accum0/bram_low_reg_bram_0_i_179_n_0
                                                                      r  u_cve2_core/cf_unit_i/u_scale_accum0/bram_low_reg_bram_0_i_205/I5
                         LUT6 (Prop_LUT6_I5_O)        0.038     6.025 f  u_cve2_core/cf_unit_i/u_scale_accum0/bram_low_reg_bram_0_i_205/O
                         net (fo=1, unplaced)         0.186     6.211    u_cve2_core/cf_unit_i/u_scale_accum0/bram_low_reg_bram_0_i_205_n_0
                                                                      f  u_cve2_core/cf_unit_i/u_scale_accum0/bram_low_reg_bram_0_i_181/I0
                         LUT3 (Prop_LUT3_I0_O)        0.038     6.249 f  u_cve2_core/cf_unit_i/u_scale_accum0/bram_low_reg_bram_0_i_181/O
                         net (fo=2, unplaced)         0.186     6.435    u_cve2_core/cf_unit_i/u_scale_accum0/bram_low_reg_bram_0_i_181_n_0
                                                                      f  u_cve2_core/cf_unit_i/u_scale_accum0/bram_low_reg_bram_0_i_186/I5
                         LUT6 (Prop_LUT6_I5_O)        0.038     6.473 r  u_cve2_core/cf_unit_i/u_scale_accum0/bram_low_reg_bram_0_i_186/O
                         net (fo=1, unplaced)         0.186     6.659    u_cve2_core/cf_unit_i/u_scale_accum0/bram_low_reg_bram_0_i_186_n_0
                                                                      r  u_cve2_core/cf_unit_i/u_scale_accum0/bram_low_reg_bram_0_i_131/I2
                         LUT3 (Prop_LUT3_I2_O)        0.038     6.697 r  u_cve2_core/cf_unit_i/u_scale_accum0/bram_low_reg_bram_0_i_131/O
                         net (fo=2, unplaced)         0.186     6.883    u_cve2_core/cf_unit_i/u_scale_accum0/u_add/u_fp_adder/bram_low_reg_bram_0_i_86[0]
                                                                      r  u_cve2_core/cf_unit_i/u_scale_accum0/u_add/u_fp_adder/bram_low_reg_bram_0_i_137/I0
                         LUT5 (Prop_LUT5_I0_O)        0.037     6.920 r  u_cve2_core/cf_unit_i/u_scale_accum0/u_add/u_fp_adder/bram_low_reg_bram_0_i_137/O
                         net (fo=1, unplaced)         0.032     6.952    u_cve2_core/cf_unit_i/u_scale_accum0/u_add_n_8
                                                                      r  u_cve2_core/cf_unit_i/u_scale_accum0/bram_low_reg_bram_0_i_86/S[3]
                         CARRY8 (Prop_CARRY8_S[3]_O[5])
                                                      0.184     7.136 f  u_cve2_core/cf_unit_i/u_scale_accum0/bram_low_reg_bram_0_i_86/O[5]
                         net (fo=7, unplaced)         0.182     7.318    u_cve2_core/cf_unit_i/u_scale_accum0/bram_low_reg_bram_0_i_86_n_10
                                                                      f  u_cve2_core/cf_unit_i/u_scale_accum0/bram_low_reg_bram_0_i_87/I0
                         LUT6 (Prop_LUT6_I0_O)        0.150     7.468 r  u_cve2_core/cf_unit_i/u_scale_accum0/bram_low_reg_bram_0_i_87/O
                         net (fo=3, unplaced)         0.192     7.660    u_cve2_core/cf_unit_i/u_scale_accum0/bram_low_reg_bram_0_i_87_n_0
                                                                      r  u_cve2_core/cf_unit_i/u_scale_accum0/final_exp1_carry_i_24/I3
                         LUT6 (Prop_LUT6_I3_O)        0.038     7.698 r  u_cve2_core/cf_unit_i/u_scale_accum0/final_exp1_carry_i_24/O
                         net (fo=2, unplaced)         0.186     7.884    u_cve2_core/cf_unit_i/u_scale_accum0/final_exp1_carry_i_24_n_0
                                                                      r  u_cve2_core/cf_unit_i/u_scale_accum0/final_exp1_carry_i_15/I0
                         LUT6 (Prop_LUT6_I0_O)        0.038     7.922 r  u_cve2_core/cf_unit_i/u_scale_accum0/final_exp1_carry_i_15/O
                         net (fo=14, unplaced)        0.227     8.149    u_cve2_core/cf_unit_i/u_scale_accum0/final_exp1_carry_i_15_n_0
                                                                      r  u_cve2_core/cf_unit_i/u_scale_accum0/final_exp1_carry_i_4/I2
                         LUT6 (Prop_LUT6_I2_O)        0.038     8.187 f  u_cve2_core/cf_unit_i/u_scale_accum0/final_exp1_carry_i_4/O
                         net (fo=1, unplaced)         0.233     8.420    u_cve2_core/cf_unit_i/u_scale_accum0/u_add/u_fp_adder/DI[0]
                                                                      f  u_cve2_core/cf_unit_i/u_scale_accum0/u_add/u_fp_adder/final_exp1_carry/DI[0]
                         CARRY8 (Prop_CARRY8_DI[0]_CO[3])
                                                      0.182     8.602 f  u_cve2_core/cf_unit_i/u_scale_accum0/u_add/u_fp_adder/final_exp1_carry/CO[3]
                         net (fo=15, unplaced)        0.133     8.735    u_cve2_core/cf_unit_i/u_scale_accum0/u_add_n_0
                                                                      f  u_cve2_core/cf_unit_i/u_scale_accum0/bram_low_reg_bram_0_i_115/I1
                         LUT3 (Prop_LUT3_I1_O)        0.070     8.805 f  u_cve2_core/cf_unit_i/u_scale_accum0/bram_low_reg_bram_0_i_115/O
                         net (fo=6, unplaced)         0.208     9.013    u_cve2_core/cf_unit_i/u_scale_accum0/bram_low_reg_bram_0_i_115_n_0
                                                                      f  u_cve2_core/cf_unit_i/u_scale_accum0/bram_low_reg_bram_0_i_119/I0
                         LUT6 (Prop_LUT6_I0_O)        0.038     9.051 f  u_cve2_core/cf_unit_i/u_scale_accum0/bram_low_reg_bram_0_i_119/O
                         net (fo=1, unplaced)         0.186     9.237    u_cve2_core/cf_unit_i/u_scale_accum0/bram_low_reg_bram_0_i_119_n_0
                                                                      f  u_cve2_core/cf_unit_i/u_scale_accum0/bram_low_reg_bram_0_i_83/I4
                         LUT5 (Prop_LUT5_I4_O)        0.038     9.275 r  u_cve2_core/cf_unit_i/u_scale_accum0/bram_low_reg_bram_0_i_83/O
                         net (fo=6, unplaced)         0.208     9.483    u_cve2_core/cf_unit_i/u_scale_accum0/bram_low_reg_bram_0_i_83_n_0
                                                                      r  u_cve2_core/cf_unit_i/u_scale_accum0/bram_low_reg_bram_0_i_76/I3
                         LUT6 (Prop_LUT6_I3_O)        0.038     9.521 f  u_cve2_core/cf_unit_i/u_scale_accum0/bram_low_reg_bram_0_i_76/O
                         net (fo=2, unplaced)         0.186     9.707    u_cve2_core/cf_unit_i/u_scale_accum0/bram_low_reg_bram_0_i_76_n_0
                                                                      f  u_cve2_core/cf_unit_i/u_scale_accum0/bram_low_reg_bram_0_i_64/I0
                         LUT6 (Prop_LUT6_I0_O)        0.038     9.745 r  u_cve2_core/cf_unit_i/u_scale_accum0/bram_low_reg_bram_0_i_64/O
                         net (fo=5, unplaced)         0.204     9.949    u_cve2_core/cf_unit_i/u_scale_accum0/bram_low_reg_bram_0_i_64_n_0
                                                                      r  u_cve2_core/cf_unit_i/u_scale_accum0/bram_low_reg_bram_0_i_55/I2
                         LUT4 (Prop_LUT4_I2_O)        0.070    10.019 r  u_cve2_core/cf_unit_i/u_scale_accum0/bram_low_reg_bram_0_i_55/O
                         net (fo=1, unplaced)         0.186    10.205    u_cve2_core/cf_unit_i/u_scale_accum0/bram_low_reg_bram_0_i_55_n_0
                                                                      r  u_cve2_core/cf_unit_i/u_scale_accum0/bram_low_reg_bram_0_i_27/I2
                         LUT6 (Prop_LUT6_I2_O)        0.038    10.243 r  u_cve2_core/cf_unit_i/u_scale_accum0/bram_low_reg_bram_0_i_27/O
                         net (fo=3, unplaced)         0.107    10.350    u_cve2_core/cf_unit_i/u_accum_bram/wr_data_q_reg[31]_0[11]
                         RAMB18E2                                     r  u_cve2_core/cf_unit_i/u_accum_bram/bram_low_reg_bram_0/DINADIN[11]
  -------------------------------------------------------------------    -------------------

                         (clock clk_i rise edge)      8.000     8.000 r  
                                                      0.000     8.000 r  clk_i (IN)
                         net (fo=0)                   0.000     8.000    clk_i_IBUF_inst/I
                                                                      r  clk_i_IBUF_inst/INBUF_INST/PAD
                         INBUF (Prop_INBUF_PAD_O)     0.331     8.331 r  clk_i_IBUF_inst/INBUF_INST/O
                         net (fo=1, unplaced)         0.000     8.331    clk_i_IBUF_inst/OUT
                                                                      r  clk_i_IBUF_inst/IBUFCTRL_INST/I
                         IBUFCTRL (Prop_IBUFCTRL_I_O)
                                                      0.000     8.331 r  clk_i_IBUF_inst/IBUFCTRL_INST/O
                         net (fo=2, unplaced)         0.292     8.623    core_clock_gate_i/clk_i_IBUF
                                                                      r  core_clock_gate_i/clk_BUFG_inst_i_1/I0
                         LUT2 (Prop_LUT2_I0_O)        0.036     8.659 r  core_clock_gate_i/clk_BUFG_inst_i_1/O
                         net (fo=1, unplaced)         0.282     8.941    clk
                                                                      r  clk_BUFG_inst/I
                         BUFGCE (Prop_BUFGCE_I_O)     0.024     8.965 r  clk_BUFG_inst/O
                         net (fo=5360, unplaced)      2.439    11.404    u_cve2_core/cf_unit_i/u_accum_bram/clk_BUFG
                         RAMB18E2                                     r  u_cve2_core/cf_unit_i/u_accum_bram/bram_low_reg_bram_0/CLKARDCLK
                         clock pessimism              0.485    11.889    
                         clock uncertainty           -0.035    11.854    
                         RAMB18E2 (Setup_RAMB18E2_CLKARDCLK_DINADIN[11])
                                                     -0.246    11.608    u_cve2_core/cf_unit_i/u_accum_bram/bram_low_reg_bram_0
  -------------------------------------------------------------------
                         required time                         11.608    
                         arrival time                         -10.350    
  -------------------------------------------------------------------
                         slack                                  1.258    





Min Delay Paths
--------------------------------------------------------------------------------------
Slack (VIOLATED) :        -0.256ns  (arrival time - required time)
  Source:                 fetch_enable_q_reg/C
                            (rising edge-triggered cell FDCE clocked by clk_i  {rise@0.000ns fall@4.000ns period=8.000ns})
  Destination:            u_cve2_core/id_stage_i/controller_i/ctrl_fsm_cs_reg[0]/CE
                            (rising edge-triggered cell FDCE clocked by clk_i  {rise@0.000ns fall@4.000ns period=8.000ns})
  Path Group:             clk_i
  Path Type:              Hold (Min at Fast Process Corner)
  Requirement:            0.000ns  (clk_i rise@0.000ns - clk_i rise@0.000ns)
  Data Path Delay:        0.424ns  (logic 0.144ns (33.962%)  route 0.280ns (66.038%))
  Logic Levels:           3  (LUT4=1 LUT6=2)
  Clock Path Skew:        0.688ns (DCD - SCD - CPR)
    Destination Clock Delay (DCD):    2.287ns
    Source Clock Delay      (SCD):    1.413ns
    Clock Pessimism Removal (CPR):    0.186ns

    Location             Delay type                Incr(ns)  Path(ns)    Netlist Resource(s)
  -------------------------------------------------------------------    -------------------
                         (clock clk_i rise edge)      0.000     0.000 r  
                                                      0.000     0.000 r  clk_i (IN)
                         net (fo=0)                   0.000     0.000    clk_i_IBUF_inst/I
                                                                      r  clk_i_IBUF_inst/INBUF_INST/PAD
                         INBUF (Prop_INBUF_PAD_O)     0.216     0.216 r  clk_i_IBUF_inst/INBUF_INST/O
                         net (fo=1, unplaced)         0.000     0.216    clk_i_IBUF_inst/OUT
                                                                      r  clk_i_IBUF_inst/IBUFCTRL_INST/I
                         IBUFCTRL (Prop_IBUFCTRL_I_O)
                                                      0.000     0.216 r  clk_i_IBUF_inst/IBUFCTRL_INST/O
                         net (fo=2, unplaced)         0.066     0.282    clk_i_IBUF
                                                                      r  clk_i_IBUF_BUFG_inst/I
                         BUFGCE (Prop_BUFGCE_I_O)     0.017     0.299 r  clk_i_IBUF_BUFG_inst/O
                         net (fo=3, unplaced)         1.114     1.413    clk_i_IBUF_BUFG
                         FDCE                                         r  fetch_enable_q_reg/C
  -------------------------------------------------------------------    -------------------
                         FDCE (Prop_FDCE_C_Q)         0.038     1.451 r  fetch_enable_q_reg/Q
                         net (fo=4, unplaced)         0.058     1.509    u_cve2_core/id_stage_i/controller_i/fetch_enable_q
                                                                      r  u_cve2_core/id_stage_i/controller_i/ctrl_fsm_cs[3]_i_14/I2
                         LUT6 (Prop_LUT6_I2_O)        0.051     1.560 r  u_cve2_core/id_stage_i/controller_i/ctrl_fsm_cs[3]_i_14/O
                         net (fo=1, unplaced)         0.068     1.628    u_cve2_core/id_stage_i/controller_i/ctrl_fsm_cs[3]_i_14_n_0
                                                                      r  u_cve2_core/id_stage_i/controller_i/ctrl_fsm_cs[3]_i_4/I3
                         LUT6 (Prop_LUT6_I3_O)        0.041     1.669 r  u_cve2_core/id_stage_i/controller_i/ctrl_fsm_cs[3]_i_4/O
                         net (fo=1, unplaced)         0.093     1.762    u_cve2_core/id_stage_i/controller_i/ctrl_fsm_cs[3]_i_4_n_0
                                                                      r  u_cve2_core/id_stage_i/controller_i/ctrl_fsm_cs[3]_i_1/I3
                         LUT4 (Prop_LUT4_I3_O)        0.014     1.776 r  u_cve2_core/id_stage_i/controller_i/ctrl_fsm_cs[3]_i_1/O
                         net (fo=4, unplaced)         0.061     1.837    u_cve2_core/id_stage_i/controller_i/ctrl_fsm_ns
                         FDCE                                         r  u_cve2_core/id_stage_i/controller_i/ctrl_fsm_cs_reg[0]/CE
  -------------------------------------------------------------------    -------------------

                         (clock clk_i rise edge)      0.000     0.000 r  
                                                      0.000     0.000 r  clk_i (IN)
                         net (fo=0)                   0.000     0.000    clk_i_IBUF_inst/I
                                                                      r  clk_i_IBUF_inst/INBUF_INST/PAD
                         INBUF (Prop_INBUF_PAD_O)     0.402     0.402 r  clk_i_IBUF_inst/INBUF_INST/O
                         net (fo=1, unplaced)         0.000     0.402    clk_i_IBUF_inst/OUT
                                                                      r  clk_i_IBUF_inst/IBUFCTRL_INST/I
                         IBUFCTRL (Prop_IBUFCTRL_I_O)
                                                      0.000     0.402 r  clk_i_IBUF_inst/IBUFCTRL_INST/O
                         net (fo=2, unplaced)         0.304     0.706    core_clock_gate_i/clk_i_IBUF
                                                                      r  core_clock_gate_i/clk_BUFG_inst_i_1/I0
                         LUT2 (Prop_LUT2_I0_O)        0.034     0.740 r  core_clock_gate_i/clk_BUFG_inst_i_1/O
                         net (fo=1, unplaced)         0.269     1.009    clk
                                                                      r  clk_BUFG_inst/I
                         BUFGCE (Prop_BUFGCE_I_O)     0.019     1.028 r  clk_BUFG_inst/O
                         net (fo=5360, unplaced)      1.259     2.287    u_cve2_core/id_stage_i/controller_i/clk_BUFG
                         FDCE                                         r  u_cve2_core/id_stage_i/controller_i/ctrl_fsm_cs_reg[0]/C
                         clock pessimism             -0.186     2.101    
                         FDCE (Hold_FDCE_C_CE)       -0.008     2.093    u_cve2_core/id_stage_i/controller_i/ctrl_fsm_cs_reg[0]
  -------------------------------------------------------------------
                         required time                         -2.093    
                         arrival time                           1.837    
  -------------------------------------------------------------------
                         slack                                 -0.256    

Slack (VIOLATED) :        -0.256ns  (arrival time - required time)
  Source:                 fetch_enable_q_reg/C
                            (rising edge-triggered cell FDCE clocked by clk_i  {rise@0.000ns fall@4.000ns period=8.000ns})
  Destination:            u_cve2_core/id_stage_i/controller_i/ctrl_fsm_cs_reg[1]/CE
                            (rising edge-triggered cell FDCE clocked by clk_i  {rise@0.000ns fall@4.000ns period=8.000ns})
  Path Group:             clk_i
  Path Type:              Hold (Min at Fast Process Corner)
  Requirement:            0.000ns  (clk_i rise@0.000ns - clk_i rise@0.000ns)
  Data Path Delay:        0.424ns  (logic 0.144ns (33.962%)  route 0.280ns (66.038%))
  Logic Levels:           3  (LUT4=1 LUT6=2)
  Clock Path Skew:        0.688ns (DCD - SCD - CPR)
    Destination Clock Delay (DCD):    2.287ns
    Source Clock Delay      (SCD):    1.413ns
    Clock Pessimism Removal (CPR):    0.186ns

    Location             Delay type                Incr(ns)  Path(ns)    Netlist Resource(s)
  -------------------------------------------------------------------    -------------------
                         (clock clk_i rise edge)      0.000     0.000 r  
                                                      0.000     0.000 r  clk_i (IN)
                         net (fo=0)                   0.000     0.000    clk_i_IBUF_inst/I
                                                                      r  clk_i_IBUF_inst/INBUF_INST/PAD
                         INBUF (Prop_INBUF_PAD_O)     0.216     0.216 r  clk_i_IBUF_inst/INBUF_INST/O
                         net (fo=1, unplaced)         0.000     0.216    clk_i_IBUF_inst/OUT
                                                                      r  clk_i_IBUF_inst/IBUFCTRL_INST/I
                         IBUFCTRL (Prop_IBUFCTRL_I_O)
                                                      0.000     0.216 r  clk_i_IBUF_inst/IBUFCTRL_INST/O
                         net (fo=2, unplaced)         0.066     0.282    clk_i_IBUF
                                                                      r  clk_i_IBUF_BUFG_inst/I
                         BUFGCE (Prop_BUFGCE_I_O)     0.017     0.299 r  clk_i_IBUF_BUFG_inst/O
                         net (fo=3, unplaced)         1.114     1.413    clk_i_IBUF_BUFG
                         FDCE                                         r  fetch_enable_q_reg/C
  -------------------------------------------------------------------    -------------------
                         FDCE (Prop_FDCE_C_Q)         0.038     1.451 r  fetch_enable_q_reg/Q
                         net (fo=4, unplaced)         0.058     1.509    u_cve2_core/id_stage_i/controller_i/fetch_enable_q
                                                                      r  u_cve2_core/id_stage_i/controller_i/ctrl_fsm_cs[3]_i_14/I2
                         LUT6 (Prop_LUT6_I2_O)        0.051     1.560 r  u_cve2_core/id_stage_i/controller_i/ctrl_fsm_cs[3]_i_14/O
                         net (fo=1, unplaced)         0.068     1.628    u_cve2_core/id_stage_i/controller_i/ctrl_fsm_cs[3]_i_14_n_0
                                                                      r  u_cve2_core/id_stage_i/controller_i/ctrl_fsm_cs[3]_i_4/I3
                         LUT6 (Prop_LUT6_I3_O)        0.041     1.669 r  u_cve2_core/id_stage_i/controller_i/ctrl_fsm_cs[3]_i_4/O
                         net (fo=1, unplaced)         0.093     1.762    u_cve2_core/id_stage_i/controller_i/ctrl_fsm_cs[3]_i_4_n_0
                                                                      r  u_cve2_core/id_stage_i/controller_i/ctrl_fsm_cs[3]_i_1/I3
                         LUT4 (Prop_LUT4_I3_O)        0.014     1.776 r  u_cve2_core/id_stage_i/controller_i/ctrl_fsm_cs[3]_i_1/O
                         net (fo=4, unplaced)         0.061     1.837    u_cve2_core/id_stage_i/controller_i/ctrl_fsm_ns
                         FDCE                                         r  u_cve2_core/id_stage_i/controller_i/ctrl_fsm_cs_reg[1]/CE
  -------------------------------------------------------------------    -------------------

                         (clock clk_i rise edge)      0.000     0.000 r  
                                                      0.000     0.000 r  clk_i (IN)
                         net (fo=0)                   0.000     0.000    clk_i_IBUF_inst/I
                                                                      r  clk_i_IBUF_inst/INBUF_INST/PAD
                         INBUF (Prop_INBUF_PAD_O)     0.402     0.402 r  clk_i_IBUF_inst/INBUF_INST/O
                         net (fo=1, unplaced)         0.000     0.402    clk_i_IBUF_inst/OUT
                                                                      r  clk_i_IBUF_inst/IBUFCTRL_INST/I
                         IBUFCTRL (Prop_IBUFCTRL_I_O)
                                                      0.000     0.402 r  clk_i_IBUF_inst/IBUFCTRL_INST/O
                         net (fo=2, unplaced)         0.304     0.706    core_clock_gate_i/clk_i_IBUF
                                                                      r  core_clock_gate_i/clk_BUFG_inst_i_1/I0
                         LUT2 (Prop_LUT2_I0_O)        0.034     0.740 r  core_clock_gate_i/clk_BUFG_inst_i_1/O
                         net (fo=1, unplaced)         0.269     1.009    clk
                                                                      r  clk_BUFG_inst/I
                         BUFGCE (Prop_BUFGCE_I_O)     0.019     1.028 r  clk_BUFG_inst/O
                         net (fo=5360, unplaced)      1.259     2.287    u_cve2_core/id_stage_i/controller_i/clk_BUFG
                         FDCE                                         r  u_cve2_core/id_stage_i/controller_i/ctrl_fsm_cs_reg[1]/C
                         clock pessimism             -0.186     2.101    
                         FDCE (Hold_FDCE_C_CE)       -0.008     2.093    u_cve2_core/id_stage_i/controller_i/ctrl_fsm_cs_reg[1]
  -------------------------------------------------------------------
                         required time                         -2.093    
                         arrival time                           1.837    
  -------------------------------------------------------------------
                         slack                                 -0.256    

Slack (VIOLATED) :        -0.256ns  (arrival time - required time)
  Source:                 fetch_enable_q_reg/C
                            (rising edge-triggered cell FDCE clocked by clk_i  {rise@0.000ns fall@4.000ns period=8.000ns})
  Destination:            u_cve2_core/id_stage_i/controller_i/ctrl_fsm_cs_reg[2]/CE
                            (rising edge-triggered cell FDCE clocked by clk_i  {rise@0.000ns fall@4.000ns period=8.000ns})
  Path Group:             clk_i
  Path Type:              Hold (Min at Fast Process Corner)
  Requirement:            0.000ns  (clk_i rise@0.000ns - clk_i rise@0.000ns)
  Data Path Delay:        0.424ns  (logic 0.144ns (33.962%)  route 0.280ns (66.038%))
  Logic Levels:           3  (LUT4=1 LUT6=2)
  Clock Path Skew:        0.688ns (DCD - SCD - CPR)
    Destination Clock Delay (DCD):    2.287ns
    Source Clock Delay      (SCD):    1.413ns
    Clock Pessimism Removal (CPR):    0.186ns

    Location             Delay type                Incr(ns)  Path(ns)    Netlist Resource(s)
  -------------------------------------------------------------------    -------------------
                         (clock clk_i rise edge)      0.000     0.000 r  
                                                      0.000     0.000 r  clk_i (IN)
                         net (fo=0)                   0.000     0.000    clk_i_IBUF_inst/I
                                                                      r  clk_i_IBUF_inst/INBUF_INST/PAD
                         INBUF (Prop_INBUF_PAD_O)     0.216     0.216 r  clk_i_IBUF_inst/INBUF_INST/O
                         net (fo=1, unplaced)         0.000     0.216    clk_i_IBUF_inst/OUT
                                                                      r  clk_i_IBUF_inst/IBUFCTRL_INST/I
                         IBUFCTRL (Prop_IBUFCTRL_I_O)
                                                      0.000     0.216 r  clk_i_IBUF_inst/IBUFCTRL_INST/O
                         net (fo=2, unplaced)         0.066     0.282    clk_i_IBUF
                                                                      r  clk_i_IBUF_BUFG_inst/I
                         BUFGCE (Prop_BUFGCE_I_O)     0.017     0.299 r  clk_i_IBUF_BUFG_inst/O
                         net (fo=3, unplaced)         1.114     1.413    clk_i_IBUF_BUFG
                         FDCE                                         r  fetch_enable_q_reg/C
  -------------------------------------------------------------------    -------------------
                         FDCE (Prop_FDCE_C_Q)         0.038     1.451 r  fetch_enable_q_reg/Q
                         net (fo=4, unplaced)         0.058     1.509    u_cve2_core/id_stage_i/controller_i/fetch_enable_q
                                                                      r  u_cve2_core/id_stage_i/controller_i/ctrl_fsm_cs[3]_i_14/I2
                         LUT6 (Prop_LUT6_I2_O)        0.051     1.560 r  u_cve2_core/id_stage_i/controller_i/ctrl_fsm_cs[3]_i_14/O
                         net (fo=1, unplaced)         0.068     1.628    u_cve2_core/id_stage_i/controller_i/ctrl_fsm_cs[3]_i_14_n_0
                                                                      r  u_cve2_core/id_stage_i/controller_i/ctrl_fsm_cs[3]_i_4/I3
                         LUT6 (Prop_LUT6_I3_O)        0.041     1.669 r  u_cve2_core/id_stage_i/controller_i/ctrl_fsm_cs[3]_i_4/O
                         net (fo=1, unplaced)         0.093     1.762    u_cve2_core/id_stage_i/controller_i/ctrl_fsm_cs[3]_i_4_n_0
                                                                      r  u_cve2_core/id_stage_i/controller_i/ctrl_fsm_cs[3]_i_1/I3
                         LUT4 (Prop_LUT4_I3_O)        0.014     1.776 r  u_cve2_core/id_stage_i/controller_i/ctrl_fsm_cs[3]_i_1/O
                         net (fo=4, unplaced)         0.061     1.837    u_cve2_core/id_stage_i/controller_i/ctrl_fsm_ns
                         FDCE                                         r  u_cve2_core/id_stage_i/controller_i/ctrl_fsm_cs_reg[2]/CE
  -------------------------------------------------------------------    -------------------

                         (clock clk_i rise edge)      0.000     0.000 r  
                                                      0.000     0.000 r  clk_i (IN)
                         net (fo=0)                   0.000     0.000    clk_i_IBUF_inst/I
                                                                      r  clk_i_IBUF_inst/INBUF_INST/PAD
                         INBUF (Prop_INBUF_PAD_O)     0.402     0.402 r  clk_i_IBUF_inst/INBUF_INST/O
                         net (fo=1, unplaced)         0.000     0.402    clk_i_IBUF_inst/OUT
                                                                      r  clk_i_IBUF_inst/IBUFCTRL_INST/I
                         IBUFCTRL (Prop_IBUFCTRL_I_O)
                                                      0.000     0.402 r  clk_i_IBUF_inst/IBUFCTRL_INST/O
                         net (fo=2, unplaced)         0.304     0.706    core_clock_gate_i/clk_i_IBUF
                                                                      r  core_clock_gate_i/clk_BUFG_inst_i_1/I0
                         LUT2 (Prop_LUT2_I0_O)        0.034     0.740 r  core_clock_gate_i/clk_BUFG_inst_i_1/O
                         net (fo=1, unplaced)         0.269     1.009    clk
                                                                      r  clk_BUFG_inst/I
                         BUFGCE (Prop_BUFGCE_I_O)     0.019     1.028 r  clk_BUFG_inst/O
                         net (fo=5360, unplaced)      1.259     2.287    u_cve2_core/id_stage_i/controller_i/clk_BUFG
                         FDCE                                         r  u_cve2_core/id_stage_i/controller_i/ctrl_fsm_cs_reg[2]/C
                         clock pessimism             -0.186     2.101    
                         FDCE (Hold_FDCE_C_CE)       -0.008     2.093    u_cve2_core/id_stage_i/controller_i/ctrl_fsm_cs_reg[2]
  -------------------------------------------------------------------
                         required time                         -2.093    
                         arrival time                           1.837    
  -------------------------------------------------------------------
                         slack                                 -0.256    

Slack (VIOLATED) :        -0.256ns  (arrival time - required time)
  Source:                 fetch_enable_q_reg/C
                            (rising edge-triggered cell FDCE clocked by clk_i  {rise@0.000ns fall@4.000ns period=8.000ns})
  Destination:            u_cve2_core/id_stage_i/controller_i/ctrl_fsm_cs_reg[3]/CE
                            (rising edge-triggered cell FDCE clocked by clk_i  {rise@0.000ns fall@4.000ns period=8.000ns})
  Path Group:             clk_i
  Path Type:              Hold (Min at Fast Process Corner)
  Requirement:            0.000ns  (clk_i rise@0.000ns - clk_i rise@0.000ns)
  Data Path Delay:        0.424ns  (logic 0.144ns (33.962%)  route 0.280ns (66.038%))
  Logic Levels:           3  (LUT4=1 LUT6=2)
  Clock Path Skew:        0.688ns (DCD - SCD - CPR)
    Destination Clock Delay (DCD):    2.287ns
    Source Clock Delay      (SCD):    1.413ns
    Clock Pessimism Removal (CPR):    0.186ns

    Location             Delay type                Incr(ns)  Path(ns)    Netlist Resource(s)
  -------------------------------------------------------------------    -------------------
                         (clock clk_i rise edge)      0.000     0.000 r  
                                                      0.000     0.000 r  clk_i (IN)
                         net (fo=0)                   0.000     0.000    clk_i_IBUF_inst/I
                                                                      r  clk_i_IBUF_inst/INBUF_INST/PAD
                         INBUF (Prop_INBUF_PAD_O)     0.216     0.216 r  clk_i_IBUF_inst/INBUF_INST/O
                         net (fo=1, unplaced)         0.000     0.216    clk_i_IBUF_inst/OUT
                                                                      r  clk_i_IBUF_inst/IBUFCTRL_INST/I
                         IBUFCTRL (Prop_IBUFCTRL_I_O)
                                                      0.000     0.216 r  clk_i_IBUF_inst/IBUFCTRL_INST/O
                         net (fo=2, unplaced)         0.066     0.282    clk_i_IBUF
                                                                      r  clk_i_IBUF_BUFG_inst/I
                         BUFGCE (Prop_BUFGCE_I_O)     0.017     0.299 r  clk_i_IBUF_BUFG_inst/O
                         net (fo=3, unplaced)         1.114     1.413    clk_i_IBUF_BUFG
                         FDCE                                         r  fetch_enable_q_reg/C
  -------------------------------------------------------------------    -------------------
                         FDCE (Prop_FDCE_C_Q)         0.038     1.451 r  fetch_enable_q_reg/Q
                         net (fo=4, unplaced)         0.058     1.509    u_cve2_core/id_stage_i/controller_i/fetch_enable_q
                                                                      r  u_cve2_core/id_stage_i/controller_i/ctrl_fsm_cs[3]_i_14/I2
                         LUT6 (Prop_LUT6_I2_O)        0.051     1.560 r  u_cve2_core/id_stage_i/controller_i/ctrl_fsm_cs[3]_i_14/O
                         net (fo=1, unplaced)         0.068     1.628    u_cve2_core/id_stage_i/controller_i/ctrl_fsm_cs[3]_i_14_n_0
                                                                      r  u_cve2_core/id_stage_i/controller_i/ctrl_fsm_cs[3]_i_4/I3
                         LUT6 (Prop_LUT6_I3_O)        0.041     1.669 r  u_cve2_core/id_stage_i/controller_i/ctrl_fsm_cs[3]_i_4/O
                         net (fo=1, unplaced)         0.093     1.762    u_cve2_core/id_stage_i/controller_i/ctrl_fsm_cs[3]_i_4_n_0
                                                                      r  u_cve2_core/id_stage_i/controller_i/ctrl_fsm_cs[3]_i_1/I3
                         LUT4 (Prop_LUT4_I3_O)        0.014     1.776 r  u_cve2_core/id_stage_i/controller_i/ctrl_fsm_cs[3]_i_1/O
                         net (fo=4, unplaced)         0.061     1.837    u_cve2_core/id_stage_i/controller_i/ctrl_fsm_ns
                         FDCE                                         r  u_cve2_core/id_stage_i/controller_i/ctrl_fsm_cs_reg[3]/CE
  -------------------------------------------------------------------    -------------------

                         (clock clk_i rise edge)      0.000     0.000 r  
                                                      0.000     0.000 r  clk_i (IN)
                         net (fo=0)                   0.000     0.000    clk_i_IBUF_inst/I
                                                                      r  clk_i_IBUF_inst/INBUF_INST/PAD
                         INBUF (Prop_INBUF_PAD_O)     0.402     0.402 r  clk_i_IBUF_inst/INBUF_INST/O
                         net (fo=1, unplaced)         0.000     0.402    clk_i_IBUF_inst/OUT
                                                                      r  clk_i_IBUF_inst/IBUFCTRL_INST/I
                         IBUFCTRL (Prop_IBUFCTRL_I_O)
                                                      0.000     0.402 r  clk_i_IBUF_inst/IBUFCTRL_INST/O
                         net (fo=2, unplaced)         0.304     0.706    core_clock_gate_i/clk_i_IBUF
                                                                      r  core_clock_gate_i/clk_BUFG_inst_i_1/I0
                         LUT2 (Prop_LUT2_I0_O)        0.034     0.740 r  core_clock_gate_i/clk_BUFG_inst_i_1/O
                         net (fo=1, unplaced)         0.269     1.009    clk
                                                                      r  clk_BUFG_inst/I
                         BUFGCE (Prop_BUFGCE_I_O)     0.019     1.028 r  clk_BUFG_inst/O
                         net (fo=5360, unplaced)      1.259     2.287    u_cve2_core/id_stage_i/controller_i/clk_BUFG
                         FDCE                                         r  u_cve2_core/id_stage_i/controller_i/ctrl_fsm_cs_reg[3]/C
                         clock pessimism             -0.186     2.101    
                         FDCE (Hold_FDCE_C_CE)       -0.008     2.093    u_cve2_core/id_stage_i/controller_i/ctrl_fsm_cs_reg[3]
  -------------------------------------------------------------------
                         required time                         -2.093    
                         arrival time                           1.837    
  -------------------------------------------------------------------
                         slack                                 -0.256    

Slack (VIOLATED) :        -0.066ns  (arrival time - required time)
  Source:                 u_cve2_core/if_stage_i/prefetch_buffer_i/fifo_i/g_fifo_regs[0].rdata_q_reg[0][26]/C
                            (rising edge-triggered cell FDCE clocked by clk_i  {rise@0.000ns fall@4.000ns period=8.000ns})
  Destination:            u_cve2_core/if_stage_i/instr_rdata_c_id_o_reg[10]/D
                            (rising edge-triggered cell FDCE clocked by clk_i  {rise@0.000ns fall@4.000ns period=8.000ns})
  Path Group:             clk_i
  Path Type:              Hold (Min at Fast Process Corner)
  Requirement:            0.000ns  (clk_i rise@0.000ns - clk_i rise@0.000ns)
  Data Path Delay:        0.125ns  (logic 0.061ns (48.800%)  route 0.064ns (51.200%))
  Logic Levels:           1  (LUT6=1)
  Clock Path Skew:        0.145ns (DCD - SCD - CPR)
    Destination Clock Delay (DCD):    2.287ns
    Source Clock Delay      (SCD):    1.771ns
    Clock Pessimism Removal (CPR):    0.371ns

    Location             Delay type                Incr(ns)  Path(ns)    Netlist Resource(s)
  -------------------------------------------------------------------    -------------------
                         (clock clk_i rise edge)      0.000     0.000 r  
                                                      0.000     0.000 r  clk_i (IN)
                         net (fo=0)                   0.000     0.000    clk_i_IBUF_inst/I
                                                                      r  clk_i_IBUF_inst/INBUF_INST/PAD
                         INBUF (Prop_INBUF_PAD_O)     0.216     0.216 r  clk_i_IBUF_inst/INBUF_INST/O
                         net (fo=1, unplaced)         0.000     0.216    clk_i_IBUF_inst/OUT
                                                                      r  clk_i_IBUF_inst/IBUFCTRL_INST/I
                         IBUFCTRL (Prop_IBUFCTRL_I_O)
                                                      0.000     0.216 r  clk_i_IBUF_inst/IBUFCTRL_INST/O
                         net (fo=2, unplaced)         0.197     0.413    core_clock_gate_i/clk_i_IBUF
                                                                      r  core_clock_gate_i/clk_BUFG_inst_i_1/I0
                         LUT2 (Prop_LUT2_I0_O)        0.023     0.436 r  core_clock_gate_i/clk_BUFG_inst_i_1/O
                         net (fo=1, unplaced)         0.204     0.640    clk
                                                                      r  clk_BUFG_inst/I
                         BUFGCE (Prop_BUFGCE_I_O)     0.017     0.657 r  clk_BUFG_inst/O
                         net (fo=5360, unplaced)      1.114     1.771    u_cve2_core/if_stage_i/prefetch_buffer_i/fifo_i/clk_BUFG
                         FDCE                                         r  u_cve2_core/if_stage_i/prefetch_buffer_i/fifo_i/g_fifo_regs[0].rdata_q_reg[0][26]/C
  -------------------------------------------------------------------    -------------------
                         FDCE (Prop_FDCE_C_Q)         0.038     1.809 r  u_cve2_core/if_stage_i/prefetch_buffer_i/fifo_i/g_fifo_regs[0].rdata_q_reg[0][26]/Q
                         net (fo=2, unplaced)         0.048     1.857    u_cve2_core/if_stage_i/prefetch_buffer_i/fifo_i/g_fifo_regs[0].rdata_q_reg[0]_36[26]
                                                                      r  u_cve2_core/if_stage_i/prefetch_buffer_i/fifo_i/instr_rdata_c_id_o[10]_i_1/I4
                         LUT6 (Prop_LUT6_I4_O)        0.023     1.880 r  u_cve2_core/if_stage_i/prefetch_buffer_i/fifo_i/instr_rdata_c_id_o[10]_i_1/O
                         net (fo=31, unplaced)        0.016     1.896    u_cve2_core/if_stage_i/fetch_rdata[10]
                         FDCE                                         r  u_cve2_core/if_stage_i/instr_rdata_c_id_o_reg[10]/D
  -------------------------------------------------------------------    -------------------

                         (clock clk_i rise edge)      0.000     0.000 r  
                                                      0.000     0.000 r  clk_i (IN)
                         net (fo=0)                   0.000     0.000    clk_i_IBUF_inst/I
                                                                      r  clk_i_IBUF_inst/INBUF_INST/PAD
                         INBUF (Prop_INBUF_PAD_O)     0.402     0.402 r  clk_i_IBUF_inst/INBUF_INST/O
                         net (fo=1, unplaced)         0.000     0.402    clk_i_IBUF_inst/OUT
                                                                      r  clk_i_IBUF_inst/IBUFCTRL_INST/I
                         IBUFCTRL (Prop_IBUFCTRL_I_O)
                                                      0.000     0.402 r  clk_i_IBUF_inst/IBUFCTRL_INST/O
                         net (fo=2, unplaced)         0.304     0.706    core_clock_gate_i/clk_i_IBUF
                                                                      r  core_clock_gate_i/clk_BUFG_inst_i_1/I0
                         LUT2 (Prop_LUT2_I0_O)        0.034     0.740 r  core_clock_gate_i/clk_BUFG_inst_i_1/O
                         net (fo=1, unplaced)         0.269     1.009    clk
                                                                      r  clk_BUFG_inst/I
                         BUFGCE (Prop_BUFGCE_I_O)     0.019     1.028 r  clk_BUFG_inst/O
                         net (fo=5360, unplaced)      1.259     2.287    u_cve2_core/if_stage_i/clk_BUFG
                         FDCE                                         r  u_cve2_core/if_stage_i/instr_rdata_c_id_o_reg[10]/C
                         clock pessimism             -0.371     1.916    
                         FDCE (Hold_FDCE_C_D)         0.046     1.962    u_cve2_core/if_stage_i/instr_rdata_c_id_o_reg[10]
  -------------------------------------------------------------------
                         required time                         -1.962    
                         arrival time                           1.896    
  -------------------------------------------------------------------
                         slack                                 -0.066    

Slack (VIOLATED) :        -0.066ns  (arrival time - required time)
  Source:                 u_cve2_core/if_stage_i/prefetch_buffer_i/fifo_i/g_fifo_regs[0].rdata_q_reg[0][27]/C
                            (rising edge-triggered cell FDCE clocked by clk_i  {rise@0.000ns fall@4.000ns period=8.000ns})
  Destination:            u_cve2_core/if_stage_i/instr_rdata_c_id_o_reg[11]/D
                            (rising edge-triggered cell FDCE clocked by clk_i  {rise@0.000ns fall@4.000ns period=8.000ns})
  Path Group:             clk_i
  Path Type:              Hold (Min at Fast Process Corner)
  Requirement:            0.000ns  (clk_i rise@0.000ns - clk_i rise@0.000ns)
  Data Path Delay:        0.125ns  (logic 0.061ns (48.800%)  route 0.064ns (51.200%))
  Logic Levels:           1  (LUT6=1)
  Clock Path Skew:        0.145ns (DCD - SCD - CPR)
    Destination Clock Delay (DCD):    2.287ns
    Source Clock Delay      (SCD):    1.771ns
    Clock Pessimism Removal (CPR):    0.371ns

    Location             Delay type                Incr(ns)  Path(ns)    Netlist Resource(s)
  -------------------------------------------------------------------    -------------------
                         (clock clk_i rise edge)      0.000     0.000 r  
                                                      0.000     0.000 r  clk_i (IN)
                         net (fo=0)                   0.000     0.000    clk_i_IBUF_inst/I
                                                                      r  clk_i_IBUF_inst/INBUF_INST/PAD
                         INBUF (Prop_INBUF_PAD_O)     0.216     0.216 r  clk_i_IBUF_inst/INBUF_INST/O
                         net (fo=1, unplaced)         0.000     0.216    clk_i_IBUF_inst/OUT
                                                                      r  clk_i_IBUF_inst/IBUFCTRL_INST/I
                         IBUFCTRL (Prop_IBUFCTRL_I_O)
                                                      0.000     0.216 r  clk_i_IBUF_inst/IBUFCTRL_INST/O
                         net (fo=2, unplaced)         0.197     0.413    core_clock_gate_i/clk_i_IBUF
                                                                      r  core_clock_gate_i/clk_BUFG_inst_i_1/I0
                         LUT2 (Prop_LUT2_I0_O)        0.023     0.436 r  core_clock_gate_i/clk_BUFG_inst_i_1/O
                         net (fo=1, unplaced)         0.204     0.640    clk
                                                                      r  clk_BUFG_inst/I
                         BUFGCE (Prop_BUFGCE_I_O)     0.017     0.657 r  clk_BUFG_inst/O
                         net (fo=5360, unplaced)      1.114     1.771    u_cve2_core/if_stage_i/prefetch_buffer_i/fifo_i/clk_BUFG
                         FDCE                                         r  u_cve2_core/if_stage_i/prefetch_buffer_i/fifo_i/g_fifo_regs[0].rdata_q_reg[0][27]/C
  -------------------------------------------------------------------    -------------------
                         FDCE (Prop_FDCE_C_Q)         0.038     1.809 r  u_cve2_core/if_stage_i/prefetch_buffer_i/fifo_i/g_fifo_regs[0].rdata_q_reg[0][27]/Q
                         net (fo=2, unplaced)         0.048     1.857    u_cve2_core/if_stage_i/prefetch_buffer_i/fifo_i/g_fifo_regs[0].rdata_q_reg[0]_36[27]
                                                                      r  u_cve2_core/if_stage_i/prefetch_buffer_i/fifo_i/instr_rdata_c_id_o[11]_i_1/I4
                         LUT6 (Prop_LUT6_I4_O)        0.023     1.880 r  u_cve2_core/if_stage_i/prefetch_buffer_i/fifo_i/instr_rdata_c_id_o[11]_i_1/O
                         net (fo=33, unplaced)        0.016     1.896    u_cve2_core/if_stage_i/fetch_rdata[11]
                         FDCE                                         r  u_cve2_core/if_stage_i/instr_rdata_c_id_o_reg[11]/D
  -------------------------------------------------------------------    -------------------

                         (clock clk_i rise edge)      0.000     0.000 r  
                                                      0.000     0.000 r  clk_i (IN)
                         net (fo=0)                   0.000     0.000    clk_i_IBUF_inst/I
                                                                      r  clk_i_IBUF_inst/INBUF_INST/PAD
                         INBUF (Prop_INBUF_PAD_O)     0.402     0.402 r  clk_i_IBUF_inst/INBUF_INST/O
                         net (fo=1, unplaced)         0.000     0.402    clk_i_IBUF_inst/OUT
                                                                      r  clk_i_IBUF_inst/IBUFCTRL_INST/I
                         IBUFCTRL (Prop_IBUFCTRL_I_O)
                                                      0.000     0.402 r  clk_i_IBUF_inst/IBUFCTRL_INST/O
                         net (fo=2, unplaced)         0.304     0.706    core_clock_gate_i/clk_i_IBUF
                                                                      r  core_clock_gate_i/clk_BUFG_inst_i_1/I0
                         LUT2 (Prop_LUT2_I0_O)        0.034     0.740 r  core_clock_gate_i/clk_BUFG_inst_i_1/O
                         net (fo=1, unplaced)         0.269     1.009    clk
                                                                      r  clk_BUFG_inst/I
                         BUFGCE (Prop_BUFGCE_I_O)     0.019     1.028 r  clk_BUFG_inst/O
                         net (fo=5360, unplaced)      1.259     2.287    u_cve2_core/if_stage_i/clk_BUFG
                         FDCE                                         r  u_cve2_core/if_stage_i/instr_rdata_c_id_o_reg[11]/C
                         clock pessimism             -0.371     1.916    
                         FDCE (Hold_FDCE_C_D)         0.046     1.962    u_cve2_core/if_stage_i/instr_rdata_c_id_o_reg[11]
  -------------------------------------------------------------------
                         required time                         -1.962    
                         arrival time                           1.896    
  -------------------------------------------------------------------
                         slack                                 -0.066    

Slack (VIOLATED) :        -0.066ns  (arrival time - required time)
  Source:                 u_cve2_core/if_stage_i/prefetch_buffer_i/fifo_i/g_fifo_regs[0].rdata_q_reg[0][28]/C
                            (rising edge-triggered cell FDCE clocked by clk_i  {rise@0.000ns fall@4.000ns period=8.000ns})
  Destination:            u_cve2_core/if_stage_i/instr_rdata_c_id_o_reg[12]/D
                            (rising edge-triggered cell FDCE clocked by clk_i  {rise@0.000ns fall@4.000ns period=8.000ns})
  Path Group:             clk_i
  Path Type:              Hold (Min at Fast Process Corner)
  Requirement:            0.000ns  (clk_i rise@0.000ns - clk_i rise@0.000ns)
  Data Path Delay:        0.125ns  (logic 0.061ns (48.800%)  route 0.064ns (51.200%))
  Logic Levels:           1  (LUT6=1)
  Clock Path Skew:        0.145ns (DCD - SCD - CPR)
    Destination Clock Delay (DCD):    2.287ns
    Source Clock Delay      (SCD):    1.771ns
    Clock Pessimism Removal (CPR):    0.371ns

    Location             Delay type                Incr(ns)  Path(ns)    Netlist Resource(s)
  -------------------------------------------------------------------    -------------------
                         (clock clk_i rise edge)      0.000     0.000 r  
                                                      0.000     0.000 r  clk_i (IN)
                         net (fo=0)                   0.000     0.000    clk_i_IBUF_inst/I
                                                                      r  clk_i_IBUF_inst/INBUF_INST/PAD
                         INBUF (Prop_INBUF_PAD_O)     0.216     0.216 r  clk_i_IBUF_inst/INBUF_INST/O
                         net (fo=1, unplaced)         0.000     0.216    clk_i_IBUF_inst/OUT
                                                                      r  clk_i_IBUF_inst/IBUFCTRL_INST/I
                         IBUFCTRL (Prop_IBUFCTRL_I_O)
                                                      0.000     0.216 r  clk_i_IBUF_inst/IBUFCTRL_INST/O
                         net (fo=2, unplaced)         0.197     0.413    core_clock_gate_i/clk_i_IBUF
                                                                      r  core_clock_gate_i/clk_BUFG_inst_i_1/I0
                         LUT2 (Prop_LUT2_I0_O)        0.023     0.436 r  core_clock_gate_i/clk_BUFG_inst_i_1/O
                         net (fo=1, unplaced)         0.204     0.640    clk
                                                                      r  clk_BUFG_inst/I
                         BUFGCE (Prop_BUFGCE_I_O)     0.017     0.657 r  clk_BUFG_inst/O
                         net (fo=5360, unplaced)      1.114     1.771    u_cve2_core/if_stage_i/prefetch_buffer_i/fifo_i/clk_BUFG
                         FDCE                                         r  u_cve2_core/if_stage_i/prefetch_buffer_i/fifo_i/g_fifo_regs[0].rdata_q_reg[0][28]/C
  -------------------------------------------------------------------    -------------------
                         FDCE (Prop_FDCE_C_Q)         0.038     1.809 r  u_cve2_core/if_stage_i/prefetch_buffer_i/fifo_i/g_fifo_regs[0].rdata_q_reg[0][28]/Q
                         net (fo=2, unplaced)         0.048     1.857    u_cve2_core/if_stage_i/prefetch_buffer_i/fifo_i/g_fifo_regs[0].rdata_q_reg[0]_36[28]
                                                                      r  u_cve2_core/if_stage_i/prefetch_buffer_i/fifo_i/instr_rdata_c_id_o[12]_i_1/I4
                         LUT6 (Prop_LUT6_I4_O)        0.023     1.880 r  u_cve2_core/if_stage_i/prefetch_buffer_i/fifo_i/instr_rdata_c_id_o[12]_i_1/O
                         net (fo=50, unplaced)        0.016     1.896    u_cve2_core/if_stage_i/fetch_rdata[12]
                         FDCE                                         r  u_cve2_core/if_stage_i/instr_rdata_c_id_o_reg[12]/D
  -------------------------------------------------------------------    -------------------

                         (clock clk_i rise edge)      0.000     0.000 r  
                                                      0.000     0.000 r  clk_i (IN)
                         net (fo=0)                   0.000     0.000    clk_i_IBUF_inst/I
                                                                      r  clk_i_IBUF_inst/INBUF_INST/PAD
                         INBUF (Prop_INBUF_PAD_O)     0.402     0.402 r  clk_i_IBUF_inst/INBUF_INST/O
                         net (fo=1, unplaced)         0.000     0.402    clk_i_IBUF_inst/OUT
                                                                      r  clk_i_IBUF_inst/IBUFCTRL_INST/I
                         IBUFCTRL (Prop_IBUFCTRL_I_O)
                                                      0.000     0.402 r  clk_i_IBUF_inst/IBUFCTRL_INST/O
                         net (fo=2, unplaced)         0.304     0.706    core_clock_gate_i/clk_i_IBUF
                                                                      r  core_clock_gate_i/clk_BUFG_inst_i_1/I0
                         LUT2 (Prop_LUT2_I0_O)        0.034     0.740 r  core_clock_gate_i/clk_BUFG_inst_i_1/O
                         net (fo=1, unplaced)         0.269     1.009    clk
                                                                      r  clk_BUFG_inst/I
                         BUFGCE (Prop_BUFGCE_I_O)     0.019     1.028 r  clk_BUFG_inst/O
                         net (fo=5360, unplaced)      1.259     2.287    u_cve2_core/if_stage_i/clk_BUFG
                         FDCE                                         r  u_cve2_core/if_stage_i/instr_rdata_c_id_o_reg[12]/C
                         clock pessimism             -0.371     1.916    
                         FDCE (Hold_FDCE_C_D)         0.046     1.962    u_cve2_core/if_stage_i/instr_rdata_c_id_o_reg[12]
  -------------------------------------------------------------------
                         required time                         -1.962    
                         arrival time                           1.896    
  -------------------------------------------------------------------
                         slack                                 -0.066    

Slack (VIOLATED) :        -0.066ns  (arrival time - required time)
  Source:                 u_cve2_core/if_stage_i/prefetch_buffer_i/fifo_i/g_fifo_regs[0].rdata_q_reg[0][29]/C
                            (rising edge-triggered cell FDCE clocked by clk_i  {rise@0.000ns fall@4.000ns period=8.000ns})
  Destination:            u_cve2_core/if_stage_i/instr_rdata_c_id_o_reg[13]/D
                            (rising edge-triggered cell FDCE clocked by clk_i  {rise@0.000ns fall@4.000ns period=8.000ns})
  Path Group:             clk_i
  Path Type:              Hold (Min at Fast Process Corner)
  Requirement:            0.000ns  (clk_i rise@0.000ns - clk_i rise@0.000ns)
  Data Path Delay:        0.125ns  (logic 0.061ns (48.800%)  route 0.064ns (51.200%))
  Logic Levels:           1  (LUT6=1)
  Clock Path Skew:        0.145ns (DCD - SCD - CPR)
    Destination Clock Delay (DCD):    2.287ns
    Source Clock Delay      (SCD):    1.771ns
    Clock Pessimism Removal (CPR):    0.371ns

    Location             Delay type                Incr(ns)  Path(ns)    Netlist Resource(s)
  -------------------------------------------------------------------    -------------------
                         (clock clk_i rise edge)      0.000     0.000 r  
                                                      0.000     0.000 r  clk_i (IN)
                         net (fo=0)                   0.000     0.000    clk_i_IBUF_inst/I
                                                                      r  clk_i_IBUF_inst/INBUF_INST/PAD
                         INBUF (Prop_INBUF_PAD_O)     0.216     0.216 r  clk_i_IBUF_inst/INBUF_INST/O
                         net (fo=1, unplaced)         0.000     0.216    clk_i_IBUF_inst/OUT
                                                                      r  clk_i_IBUF_inst/IBUFCTRL_INST/I
                         IBUFCTRL (Prop_IBUFCTRL_I_O)
                                                      0.000     0.216 r  clk_i_IBUF_inst/IBUFCTRL_INST/O
                         net (fo=2, unplaced)         0.197     0.413    core_clock_gate_i/clk_i_IBUF
                                                                      r  core_clock_gate_i/clk_BUFG_inst_i_1/I0
                         LUT2 (Prop_LUT2_I0_O)        0.023     0.436 r  core_clock_gate_i/clk_BUFG_inst_i_1/O
                         net (fo=1, unplaced)         0.204     0.640    clk
                                                                      r  clk_BUFG_inst/I
                         BUFGCE (Prop_BUFGCE_I_O)     0.017     0.657 r  clk_BUFG_inst/O
                         net (fo=5360, unplaced)      1.114     1.771    u_cve2_core/if_stage_i/prefetch_buffer_i/fifo_i/clk_BUFG
                         FDCE                                         r  u_cve2_core/if_stage_i/prefetch_buffer_i/fifo_i/g_fifo_regs[0].rdata_q_reg[0][29]/C
  -------------------------------------------------------------------    -------------------
                         FDCE (Prop_FDCE_C_Q)         0.038     1.809 r  u_cve2_core/if_stage_i/prefetch_buffer_i/fifo_i/g_fifo_regs[0].rdata_q_reg[0][29]/Q
                         net (fo=2, unplaced)         0.048     1.857    u_cve2_core/if_stage_i/prefetch_buffer_i/fifo_i/g_fifo_regs[0].rdata_q_reg[0]_36[29]
                                                                      r  u_cve2_core/if_stage_i/prefetch_buffer_i/fifo_i/instr_rdata_c_id_o[13]_i_1/I4
                         LUT6 (Prop_LUT6_I4_O)        0.023     1.880 r  u_cve2_core/if_stage_i/prefetch_buffer_i/fifo_i/instr_rdata_c_id_o[13]_i_1/O
                         net (fo=66, unplaced)        0.016     1.896    u_cve2_core/if_stage_i/fetch_rdata[13]
                         FDCE                                         r  u_cve2_core/if_stage_i/instr_rdata_c_id_o_reg[13]/D
  -------------------------------------------------------------------    -------------------

                         (clock clk_i rise edge)      0.000     0.000 r  
                                                      0.000     0.000 r  clk_i (IN)
                         net (fo=0)                   0.000     0.000    clk_i_IBUF_inst/I
                                                                      r  clk_i_IBUF_inst/INBUF_INST/PAD
                         INBUF (Prop_INBUF_PAD_O)     0.402     0.402 r  clk_i_IBUF_inst/INBUF_INST/O
                         net (fo=1, unplaced)         0.000     0.402    clk_i_IBUF_inst/OUT
                                                                      r  clk_i_IBUF_inst/IBUFCTRL_INST/I
                         IBUFCTRL (Prop_IBUFCTRL_I_O)
                                                      0.000     0.402 r  clk_i_IBUF_inst/IBUFCTRL_INST/O
                         net (fo=2, unplaced)         0.304     0.706    core_clock_gate_i/clk_i_IBUF
                                                                      r  core_clock_gate_i/clk_BUFG_inst_i_1/I0
                         LUT2 (Prop_LUT2_I0_O)        0.034     0.740 r  core_clock_gate_i/clk_BUFG_inst_i_1/O
                         net (fo=1, unplaced)         0.269     1.009    clk
                                                                      r  clk_BUFG_inst/I
                         BUFGCE (Prop_BUFGCE_I_O)     0.019     1.028 r  clk_BUFG_inst/O
                         net (fo=5360, unplaced)      1.259     2.287    u_cve2_core/if_stage_i/clk_BUFG
                         FDCE                                         r  u_cve2_core/if_stage_i/instr_rdata_c_id_o_reg[13]/C
                         clock pessimism             -0.371     1.916    
                         FDCE (Hold_FDCE_C_D)         0.046     1.962    u_cve2_core/if_stage_i/instr_rdata_c_id_o_reg[13]
  -------------------------------------------------------------------
                         required time                         -1.962    
                         arrival time                           1.896    
  -------------------------------------------------------------------
                         slack                                 -0.066    

Slack (VIOLATED) :        -0.066ns  (arrival time - required time)
  Source:                 u_cve2_core/if_stage_i/prefetch_buffer_i/fifo_i/g_fifo_regs[0].rdata_q_reg[0][30]/C
                            (rising edge-triggered cell FDCE clocked by clk_i  {rise@0.000ns fall@4.000ns period=8.000ns})
  Destination:            u_cve2_core/if_stage_i/instr_rdata_c_id_o_reg[14]/D
                            (rising edge-triggered cell FDCE clocked by clk_i  {rise@0.000ns fall@4.000ns period=8.000ns})
  Path Group:             clk_i
  Path Type:              Hold (Min at Fast Process Corner)
  Requirement:            0.000ns  (clk_i rise@0.000ns - clk_i rise@0.000ns)
  Data Path Delay:        0.125ns  (logic 0.061ns (48.800%)  route 0.064ns (51.200%))
  Logic Levels:           1  (LUT6=1)
  Clock Path Skew:        0.145ns (DCD - SCD - CPR)
    Destination Clock Delay (DCD):    2.287ns
    Source Clock Delay      (SCD):    1.771ns
    Clock Pessimism Removal (CPR):    0.371ns

    Location             Delay type                Incr(ns)  Path(ns)    Netlist Resource(s)
  -------------------------------------------------------------------    -------------------
                         (clock clk_i rise edge)      0.000     0.000 r  
                                                      0.000     0.000 r  clk_i (IN)
                         net (fo=0)                   0.000     0.000    clk_i_IBUF_inst/I
                                                                      r  clk_i_IBUF_inst/INBUF_INST/PAD
                         INBUF (Prop_INBUF_PAD_O)     0.216     0.216 r  clk_i_IBUF_inst/INBUF_INST/O
                         net (fo=1, unplaced)         0.000     0.216    clk_i_IBUF_inst/OUT
                                                                      r  clk_i_IBUF_inst/IBUFCTRL_INST/I
                         IBUFCTRL (Prop_IBUFCTRL_I_O)
                                                      0.000     0.216 r  clk_i_IBUF_inst/IBUFCTRL_INST/O
                         net (fo=2, unplaced)         0.197     0.413    core_clock_gate_i/clk_i_IBUF
                                                                      r  core_clock_gate_i/clk_BUFG_inst_i_1/I0
                         LUT2 (Prop_LUT2_I0_O)        0.023     0.436 r  core_clock_gate_i/clk_BUFG_inst_i_1/O
                         net (fo=1, unplaced)         0.204     0.640    clk
                                                                      r  clk_BUFG_inst/I
                         BUFGCE (Prop_BUFGCE_I_O)     0.017     0.657 r  clk_BUFG_inst/O
                         net (fo=5360, unplaced)      1.114     1.771    u_cve2_core/if_stage_i/prefetch_buffer_i/fifo_i/clk_BUFG
                         FDCE                                         r  u_cve2_core/if_stage_i/prefetch_buffer_i/fifo_i/g_fifo_regs[0].rdata_q_reg[0][30]/C
  -------------------------------------------------------------------    -------------------
                         FDCE (Prop_FDCE_C_Q)         0.038     1.809 r  u_cve2_core/if_stage_i/prefetch_buffer_i/fifo_i/g_fifo_regs[0].rdata_q_reg[0][30]/Q
                         net (fo=2, unplaced)         0.048     1.857    u_cve2_core/if_stage_i/prefetch_buffer_i/fifo_i/g_fifo_regs[0].rdata_q_reg[0]_36[30]
                                                                      r  u_cve2_core/if_stage_i/prefetch_buffer_i/fifo_i/instr_rdata_c_id_o[14]_i_1/I4
                         LUT6 (Prop_LUT6_I4_O)        0.023     1.880 r  u_cve2_core/if_stage_i/prefetch_buffer_i/fifo_i/instr_rdata_c_id_o[14]_i_1/O
                         net (fo=66, unplaced)        0.016     1.896    u_cve2_core/if_stage_i/fetch_rdata[14]
                         FDCE                                         r  u_cve2_core/if_stage_i/instr_rdata_c_id_o_reg[14]/D
  -------------------------------------------------------------------    -------------------

                         (clock clk_i rise edge)      0.000     0.000 r  
                                                      0.000     0.000 r  clk_i (IN)
                         net (fo=0)                   0.000     0.000    clk_i_IBUF_inst/I
                                                                      r  clk_i_IBUF_inst/INBUF_INST/PAD
                         INBUF (Prop_INBUF_PAD_O)     0.402     0.402 r  clk_i_IBUF_inst/INBUF_INST/O
                         net (fo=1, unplaced)         0.000     0.402    clk_i_IBUF_inst/OUT
                                                                      r  clk_i_IBUF_inst/IBUFCTRL_INST/I
                         IBUFCTRL (Prop_IBUFCTRL_I_O)
                                                      0.000     0.402 r  clk_i_IBUF_inst/IBUFCTRL_INST/O
                         net (fo=2, unplaced)         0.304     0.706    core_clock_gate_i/clk_i_IBUF
                                                                      r  core_clock_gate_i/clk_BUFG_inst_i_1/I0
                         LUT2 (Prop_LUT2_I0_O)        0.034     0.740 r  core_clock_gate_i/clk_BUFG_inst_i_1/O
                         net (fo=1, unplaced)         0.269     1.009    clk
                                                                      r  clk_BUFG_inst/I
                         BUFGCE (Prop_BUFGCE_I_O)     0.019     1.028 r  clk_BUFG_inst/O
                         net (fo=5360, unplaced)      1.259     2.287    u_cve2_core/if_stage_i/clk_BUFG
                         FDCE                                         r  u_cve2_core/if_stage_i/instr_rdata_c_id_o_reg[14]/C
                         clock pessimism             -0.371     1.916    
                         FDCE (Hold_FDCE_C_D)         0.046     1.962    u_cve2_core/if_stage_i/instr_rdata_c_id_o_reg[14]
  -------------------------------------------------------------------
                         required time                         -1.962    
                         arrival time                           1.896    
  -------------------------------------------------------------------
                         slack                                 -0.066    

Slack (VIOLATED) :        -0.066ns  (arrival time - required time)
  Source:                 u_cve2_core/if_stage_i/prefetch_buffer_i/fifo_i/g_fifo_regs[0].rdata_q_reg[0][31]/C
                            (rising edge-triggered cell FDCE clocked by clk_i  {rise@0.000ns fall@4.000ns period=8.000ns})
  Destination:            u_cve2_core/if_stage_i/instr_rdata_c_id_o_reg[15]/D
                            (rising edge-triggered cell FDCE clocked by clk_i  {rise@0.000ns fall@4.000ns period=8.000ns})
  Path Group:             clk_i
  Path Type:              Hold (Min at Fast Process Corner)
  Requirement:            0.000ns  (clk_i rise@0.000ns - clk_i rise@0.000ns)
  Data Path Delay:        0.125ns  (logic 0.061ns (48.800%)  route 0.064ns (51.200%))
  Logic Levels:           1  (LUT6=1)
  Clock Path Skew:        0.145ns (DCD - SCD - CPR)
    Destination Clock Delay (DCD):    2.287ns
    Source Clock Delay      (SCD):    1.771ns
    Clock Pessimism Removal (CPR):    0.371ns

    Location             Delay type                Incr(ns)  Path(ns)    Netlist Resource(s)
  -------------------------------------------------------------------    -------------------
                         (clock clk_i rise edge)      0.000     0.000 r  
                                                      0.000     0.000 r  clk_i (IN)
                         net (fo=0)                   0.000     0.000    clk_i_IBUF_inst/I
                                                                      r  clk_i_IBUF_inst/INBUF_INST/PAD
                         INBUF (Prop_INBUF_PAD_O)     0.216     0.216 r  clk_i_IBUF_inst/INBUF_INST/O
                         net (fo=1, unplaced)         0.000     0.216    clk_i_IBUF_inst/OUT
                                                                      r  clk_i_IBUF_inst/IBUFCTRL_INST/I
                         IBUFCTRL (Prop_IBUFCTRL_I_O)
                                                      0.000     0.216 r  clk_i_IBUF_inst/IBUFCTRL_INST/O
                         net (fo=2, unplaced)         0.197     0.413    core_clock_gate_i/clk_i_IBUF
                                                                      r  core_clock_gate_i/clk_BUFG_inst_i_1/I0
                         LUT2 (Prop_LUT2_I0_O)        0.023     0.436 r  core_clock_gate_i/clk_BUFG_inst_i_1/O
                         net (fo=1, unplaced)         0.204     0.640    clk
                                                                      r  clk_BUFG_inst/I
                         BUFGCE (Prop_BUFGCE_I_O)     0.017     0.657 r  clk_BUFG_inst/O
                         net (fo=5360, unplaced)      1.114     1.771    u_cve2_core/if_stage_i/prefetch_buffer_i/fifo_i/clk_BUFG
                         FDCE                                         r  u_cve2_core/if_stage_i/prefetch_buffer_i/fifo_i/g_fifo_regs[0].rdata_q_reg[0][31]/C
  -------------------------------------------------------------------    -------------------
                         FDCE (Prop_FDCE_C_Q)         0.038     1.809 r  u_cve2_core/if_stage_i/prefetch_buffer_i/fifo_i/g_fifo_regs[0].rdata_q_reg[0][31]/Q
                         net (fo=2, unplaced)         0.048     1.857    u_cve2_core/if_stage_i/prefetch_buffer_i/fifo_i/g_fifo_regs[0].rdata_q_reg[0]_36[31]
                                                                      r  u_cve2_core/if_stage_i/prefetch_buffer_i/fifo_i/instr_rdata_c_id_o[15]_i_1/I4
                         LUT6 (Prop_LUT6_I4_O)        0.023     1.880 r  u_cve2_core/if_stage_i/prefetch_buffer_i/fifo_i/instr_rdata_c_id_o[15]_i_1/O
                         net (fo=51, unplaced)        0.016     1.896    u_cve2_core/if_stage_i/fetch_rdata[15]
                         FDCE                                         r  u_cve2_core/if_stage_i/instr_rdata_c_id_o_reg[15]/D
  -------------------------------------------------------------------    -------------------

                         (clock clk_i rise edge)      0.000     0.000 r  
                                                      0.000     0.000 r  clk_i (IN)
                         net (fo=0)                   0.000     0.000    clk_i_IBUF_inst/I
                                                                      r  clk_i_IBUF_inst/INBUF_INST/PAD
                         INBUF (Prop_INBUF_PAD_O)     0.402     0.402 r  clk_i_IBUF_inst/INBUF_INST/O
                         net (fo=1, unplaced)         0.000     0.402    clk_i_IBUF_inst/OUT
                                                                      r  clk_i_IBUF_inst/IBUFCTRL_INST/I
                         IBUFCTRL (Prop_IBUFCTRL_I_O)
                                                      0.000     0.402 r  clk_i_IBUF_inst/IBUFCTRL_INST/O
                         net (fo=2, unplaced)         0.304     0.706    core_clock_gate_i/clk_i_IBUF
                                                                      r  core_clock_gate_i/clk_BUFG_inst_i_1/I0
                         LUT2 (Prop_LUT2_I0_O)        0.034     0.740 r  core_clock_gate_i/clk_BUFG_inst_i_1/O
                         net (fo=1, unplaced)         0.269     1.009    clk
                                                                      r  clk_BUFG_inst/I
                         BUFGCE (Prop_BUFGCE_I_O)     0.019     1.028 r  clk_BUFG_inst/O
                         net (fo=5360, unplaced)      1.259     2.287    u_cve2_core/if_stage_i/clk_BUFG
                         FDCE                                         r  u_cve2_core/if_stage_i/instr_rdata_c_id_o_reg[15]/C
                         clock pessimism             -0.371     1.916    
                         FDCE (Hold_FDCE_C_D)         0.046     1.962    u_cve2_core/if_stage_i/instr_rdata_c_id_o_reg[15]
  -------------------------------------------------------------------
                         required time                         -1.962    
                         arrival time                           1.896    
  -------------------------------------------------------------------
                         slack                                 -0.066    





Pulse Width Checks
--------------------------------------------------------------------------------------
Clock Name:         clk_i
Waveform(ns):       { 0.000 4.000 }
Period(ns):         8.000
Sources:            { clk_i }

Check Type        Corner  Lib Pin             Reference Pin  Required(ns)  Actual(ns)  Slack(ns)  Location  Pin
Min Period        n/a     RAMB18E2/CLKARDCLK  n/a            1.569         8.000       6.431                u_cve2_core/cf_unit_i/u_accum_bram/bram_high_reg_bram_0/CLKARDCLK
Min Period        n/a     RAMB18E2/CLKARDCLK  n/a            1.569         8.000       6.431                u_cve2_core/cf_unit_i/u_accum_bram/bram_low_reg_bram_0/CLKARDCLK
Min Period        n/a     RAMB36E2/CLKARDCLK  n/a            1.569         8.000       6.431                u_cve2_core/vec_unit_i/i_vrf/vrf_mem_reg_1_bram_0/CLKARDCLK
Min Period        n/a     RAMB36E2/CLKARDCLK  n/a            1.569         8.000       6.431                u_cve2_core/vec_unit_i/i_vrf/vrf_mem_reg_2_bram_0/CLKARDCLK
Min Period        n/a     RAMB18E2/CLKBWRCLK  n/a            1.355         8.000       6.645                u_cve2_core/cf_unit_i/u_accum_bram/bram_high_reg_bram_0/CLKBWRCLK
Min Period        n/a     RAMB18E2/CLKBWRCLK  n/a            1.355         8.000       6.645                u_cve2_core/cf_unit_i/u_accum_bram/bram_low_reg_bram_0/CLKBWRCLK
Min Period        n/a     RAMB36E2/CLKBWRCLK  n/a            1.355         8.000       6.645                u_cve2_core/vec_unit_i/i_vrf/vrf_mem_reg_1_bram_0/CLKBWRCLK
Min Period        n/a     RAMB36E2/CLKBWRCLK  n/a            1.355         8.000       6.645                u_cve2_core/vec_unit_i/i_vrf/vrf_mem_reg_2_bram_0/CLKBWRCLK
Min Period        n/a     BUFGCE/I            n/a            1.290         8.000       6.710                clk_BUFG_inst/I
Min Period        n/a     BUFGCE/I            n/a            1.290         8.000       6.710                clk_i_IBUF_BUFG_inst/I
Low Pulse Width   Slow    RAMB18E2/CLKARDCLK  n/a            0.542         4.000       3.458                u_cve2_core/cf_unit_i/u_accum_bram/bram_high_reg_bram_0/CLKARDCLK
Low Pulse Width   Fast    RAMB18E2/CLKARDCLK  n/a            0.542         4.000       3.458                u_cve2_core/cf_unit_i/u_accum_bram/bram_high_reg_bram_0/CLKARDCLK
Low Pulse Width   Slow    RAMB18E2/CLKBWRCLK  n/a            0.542         4.000       3.458                u_cve2_core/cf_unit_i/u_accum_bram/bram_high_reg_bram_0/CLKBWRCLK
Low Pulse Width   Fast    RAMB18E2/CLKBWRCLK  n/a            0.542         4.000       3.458                u_cve2_core/cf_unit_i/u_accum_bram/bram_high_reg_bram_0/CLKBWRCLK
Low Pulse Width   Slow    RAMB18E2/CLKARDCLK  n/a            0.542         4.000       3.458                u_cve2_core/cf_unit_i/u_accum_bram/bram_low_reg_bram_0/CLKARDCLK
Low Pulse Width   Fast    RAMB18E2/CLKARDCLK  n/a            0.542         4.000       3.458                u_cve2_core/cf_unit_i/u_accum_bram/bram_low_reg_bram_0/CLKARDCLK
Low Pulse Width   Slow    RAMB18E2/CLKBWRCLK  n/a            0.542         4.000       3.458                u_cve2_core/cf_unit_i/u_accum_bram/bram_low_reg_bram_0/CLKBWRCLK
Low Pulse Width   Fast    RAMB18E2/CLKBWRCLK  n/a            0.542         4.000       3.458                u_cve2_core/cf_unit_i/u_accum_bram/bram_low_reg_bram_0/CLKBWRCLK
Low Pulse Width   Slow    RAMB36E2/CLKARDCLK  n/a            0.542         4.000       3.458                u_cve2_core/vec_unit_i/i_vrf/vrf_mem_reg_1_bram_0/CLKARDCLK
Low Pulse Width   Fast    RAMB36E2/CLKARDCLK  n/a            0.542         4.000       3.458                u_cve2_core/vec_unit_i/i_vrf/vrf_mem_reg_1_bram_0/CLKARDCLK
High Pulse Width  Slow    RAMB18E2/CLKARDCLK  n/a            0.542         4.000       3.458                u_cve2_core/cf_unit_i/u_accum_bram/bram_high_reg_bram_0/CLKARDCLK
High Pulse Width  Fast    RAMB18E2/CLKARDCLK  n/a            0.542         4.000       3.458                u_cve2_core/cf_unit_i/u_accum_bram/bram_high_reg_bram_0/CLKARDCLK
High Pulse Width  Slow    RAMB18E2/CLKBWRCLK  n/a            0.542         4.000       3.458                u_cve2_core/cf_unit_i/u_accum_bram/bram_high_reg_bram_0/CLKBWRCLK
High Pulse Width  Fast    RAMB18E2/CLKBWRCLK  n/a            0.542         4.000       3.458                u_cve2_core/cf_unit_i/u_accum_bram/bram_high_reg_bram_0/CLKBWRCLK
High Pulse Width  Slow    RAMB18E2/CLKARDCLK  n/a            0.542         4.000       3.458                u_cve2_core/cf_unit_i/u_accum_bram/bram_low_reg_bram_0/CLKARDCLK
High Pulse Width  Fast    RAMB18E2/CLKARDCLK  n/a            0.542         4.000       3.458                u_cve2_core/cf_unit_i/u_accum_bram/bram_low_reg_bram_0/CLKARDCLK
High Pulse Width  Slow    RAMB18E2/CLKBWRCLK  n/a            0.542         4.000       3.458                u_cve2_core/cf_unit_i/u_accum_bram/bram_low_reg_bram_0/CLKBWRCLK
High Pulse Width  Fast    RAMB18E2/CLKBWRCLK  n/a            0.542         4.000       3.458                u_cve2_core/cf_unit_i/u_accum_bram/bram_low_reg_bram_0/CLKBWRCLK
High Pulse Width  Slow    RAMB36E2/CLKARDCLK  n/a            0.542         4.000       3.458                u_cve2_core/vec_unit_i/i_vrf/vrf_mem_reg_1_bram_0/CLKARDCLK
High Pulse Width  Fast    RAMB36E2/CLKARDCLK  n/a            0.542         4.000       3.458                u_cve2_core/vec_unit_i/i_vrf/vrf_mem_reg_1_bram_0/CLKARDCLK



--------------------------------------------------------------------------------------
Path Group:  (none)
From Clock:  
  To Clock:  clk_i

Max Delay          4330 Endpoints
Min Delay          4330 Endpoints
--------------------------------------------------------------------------------------


Max Delay Paths
--------------------------------------------------------------------------------------
Slack:                    inf
  Source:                 rst_ni
                            (input port)
  Destination:            core_busy_q_reg/CLR
                            (recovery check against rising-edge clock clk_i  {rise@0.000ns fall@4.000ns period=8.000ns})
  Path Group:             (none)
  Path Type:              Recovery (Max at Slow Process Corner)
  Data Path Delay:        1.380ns  (logic 0.620ns (44.925%)  route 0.760ns (55.074%))
  Logic Levels:           3  (IBUFCTRL=1 INBUF=1 LUT1=1)
  Clock Path Skew:        2.927ns (DCD - SCD + CPR)
    Destination Clock Delay (DCD):    2.927ns
    Source Clock Delay      (SCD):    0.000ns
    Clock Pessimism Removal (CPR):    0.000ns
  Clock Uncertainty:      0.025ns  ((TSJ^2 + TIJ^2)^1/2 + DJ) / 2 + PE
    Total System Jitter     (TSJ):    0.050ns
    Total Input Jitter      (TIJ):    0.000ns
    Discrete Jitter          (DJ):    0.000ns
    Phase Error              (PE):    0.000ns
  Timing Exception:       False Path

    Location             Delay type                Incr(ns)  Path(ns)    Netlist Resource(s)
  -------------------------------------------------------------------    -------------------
                                                      0.000     0.000 r  rst_ni (IN)
                         net (fo=0)                   0.000     0.000    rst_ni_IBUF_inst/I
                                                                      r  rst_ni_IBUF_inst/INBUF_INST/PAD
                         INBUF (Prop_INBUF_PAD_O)     0.582     0.582 r  rst_ni_IBUF_inst/INBUF_INST/O
                         net (fo=1, unplaced)         0.000     0.582    rst_ni_IBUF_inst/OUT
                                                                      r  rst_ni_IBUF_inst/IBUFCTRL_INST/I
                         IBUFCTRL (Prop_IBUFCTRL_I_O)
                                                      0.000     0.582 r  rst_ni_IBUF_inst/IBUFCTRL_INST/O
                         net (fo=1, unplaced)         0.403     0.985    u_cve2_core/cf_unit_i/u_ctrl/rst_ni_IBUF
                                                                      r  u_cve2_core/cf_unit_i/u_ctrl/core_busy_q_i_2/I0
                         LUT1 (Prop_LUT1_I0_O)        0.038     1.023 f  u_cve2_core/cf_unit_i/u_ctrl/core_busy_q_i_2/O
                         net (fo=4330, unplaced)      0.357     1.380    u_cve2_core_n_0
                         FDCE                                         f  core_busy_q_reg/CLR
  -------------------------------------------------------------------    -------------------

                         (clock clk_i rise edge)      0.000     0.000 r  
                                                      0.000     0.000 r  clk_i (IN)
                         net (fo=0)                   0.000     0.000    clk_i_IBUF_inst/I
                                                                      r  clk_i_IBUF_inst/INBUF_INST/PAD
                         INBUF (Prop_INBUF_PAD_O)     0.331     0.331 r  clk_i_IBUF_inst/INBUF_INST/O
                         net (fo=1, unplaced)         0.000     0.331    clk_i_IBUF_inst/OUT
                                                                      r  clk_i_IBUF_inst/IBUFCTRL_INST/I
                         IBUFCTRL (Prop_IBUFCTRL_I_O)
                                                      0.000     0.331 r  clk_i_IBUF_inst/IBUFCTRL_INST/O
                         net (fo=2, unplaced)         0.133     0.464    clk_i_IBUF
                                                                      r  clk_i_IBUF_BUFG_inst/I
                         BUFGCE (Prop_BUFGCE_I_O)     0.024     0.488 r  clk_i_IBUF_BUFG_inst/O
                         net (fo=3, unplaced)         2.439     2.927    clk_i_IBUF_BUFG
                         FDCE                                         r  core_busy_q_reg/C

Slack:                    inf
  Source:                 rst_ni
                            (input port)
  Destination:            fetch_enable_q_reg/CLR
                            (recovery check against rising-edge clock clk_i  {rise@0.000ns fall@4.000ns period=8.000ns})
  Path Group:             (none)
  Path Type:              Recovery (Max at Slow Process Corner)
  Data Path Delay:        1.380ns  (logic 0.620ns (44.925%)  route 0.760ns (55.074%))
  Logic Levels:           3  (IBUFCTRL=1 INBUF=1 LUT1=1)
  Clock Path Skew:        2.927ns (DCD - SCD + CPR)
    Destination Clock Delay (DCD):    2.927ns
    Source Clock Delay      (SCD):    0.000ns
    Clock Pessimism Removal (CPR):    0.000ns
  Clock Uncertainty:      0.025ns  ((TSJ^2 + TIJ^2)^1/2 + DJ) / 2 + PE
    Total System Jitter     (TSJ):    0.050ns
    Total Input Jitter      (TIJ):    0.000ns
    Discrete Jitter          (DJ):    0.000ns
    Phase Error              (PE):    0.000ns
  Timing Exception:       False Path

    Location             Delay type                Incr(ns)  Path(ns)    Netlist Resource(s)
  -------------------------------------------------------------------    -------------------
                                                      0.000     0.000 r  rst_ni (IN)
                         net (fo=0)                   0.000     0.000    rst_ni_IBUF_inst/I
                                                                      r  rst_ni_IBUF_inst/INBUF_INST/PAD
                         INBUF (Prop_INBUF_PAD_O)     0.582     0.582 r  rst_ni_IBUF_inst/INBUF_INST/O
                         net (fo=1, unplaced)         0.000     0.582    rst_ni_IBUF_inst/OUT
                                                                      r  rst_ni_IBUF_inst/IBUFCTRL_INST/I
                         IBUFCTRL (Prop_IBUFCTRL_I_O)
                                                      0.000     0.582 r  rst_ni_IBUF_inst/IBUFCTRL_INST/O
                         net (fo=1, unplaced)         0.403     0.985    u_cve2_core/cf_unit_i/u_ctrl/rst_ni_IBUF
                                                                      r  u_cve2_core/cf_unit_i/u_ctrl/core_busy_q_i_2/I0
                         LUT1 (Prop_LUT1_I0_O)        0.038     1.023 f  u_cve2_core/cf_unit_i/u_ctrl/core_busy_q_i_2/O
                         net (fo=4330, unplaced)      0.357     1.380    u_cve2_core_n_0
                         FDCE                                         f  fetch_enable_q_reg/CLR
  -------------------------------------------------------------------    -------------------

                         (clock clk_i rise edge)      0.000     0.000 r  
                                                      0.000     0.000 r  clk_i (IN)
                         net (fo=0)                   0.000     0.000    clk_i_IBUF_inst/I
                                                                      r  clk_i_IBUF_inst/INBUF_INST/PAD
                         INBUF (Prop_INBUF_PAD_O)     0.331     0.331 r  clk_i_IBUF_inst/INBUF_INST/O
                         net (fo=1, unplaced)         0.000     0.331    clk_i_IBUF_inst/OUT
                                                                      r  clk_i_IBUF_inst/IBUFCTRL_INST/I
                         IBUFCTRL (Prop_IBUFCTRL_I_O)
                                                      0.000     0.331 r  clk_i_IBUF_inst/IBUFCTRL_INST/O
                         net (fo=2, unplaced)         0.133     0.464    clk_i_IBUF
                                                                      r  clk_i_IBUF_BUFG_inst/I
                         BUFGCE (Prop_BUFGCE_I_O)     0.024     0.488 r  clk_i_IBUF_BUFG_inst/O
                         net (fo=3, unplaced)         2.439     2.927    clk_i_IBUF_BUFG
                         FDCE                                         r  fetch_enable_q_reg/C

Slack:                    inf
  Source:                 rst_ni
                            (input port)
  Destination:            u_cve2_core/cf_unit_i/act_scale_valid_q_reg/CLR
                            (recovery check against rising-edge clock clk_i  {rise@0.000ns fall@4.000ns period=8.000ns})
  Path Group:             (none)
  Path Type:              Recovery (Max at Slow Process Corner)
  Data Path Delay:        1.380ns  (logic 0.620ns (44.925%)  route 0.760ns (55.074%))
  Logic Levels:           3  (IBUFCTRL=1 INBUF=1 LUT1=1)
  Clock Path Skew:        3.404ns (DCD - SCD + CPR)
    Destination Clock Delay (DCD):    3.404ns
    Source Clock Delay      (SCD):    0.000ns
    Clock Pessimism Removal (CPR):    0.000ns
  Clock Uncertainty:      0.025ns  ((TSJ^2 + TIJ^2)^1/2 + DJ) / 2 + PE
    Total System Jitter     (TSJ):    0.050ns
    Total Input Jitter      (TIJ):    0.000ns
    Discrete Jitter          (DJ):    0.000ns
    Phase Error              (PE):    0.000ns
  Timing Exception:       False Path

    Location             Delay type                Incr(ns)  Path(ns)    Netlist Resource(s)
  -------------------------------------------------------------------    -------------------
                                                      0.000     0.000 r  rst_ni (IN)
                         net (fo=0)                   0.000     0.000    rst_ni_IBUF_inst/I
                                                                      r  rst_ni_IBUF_inst/INBUF_INST/PAD
                         INBUF (Prop_INBUF_PAD_O)     0.582     0.582 r  rst_ni_IBUF_inst/INBUF_INST/O
                         net (fo=1, unplaced)         0.000     0.582    rst_ni_IBUF_inst/OUT
                                                                      r  rst_ni_IBUF_inst/IBUFCTRL_INST/I
                         IBUFCTRL (Prop_IBUFCTRL_I_O)
                                                      0.000     0.582 r  rst_ni_IBUF_inst/IBUFCTRL_INST/O
                         net (fo=1, unplaced)         0.403     0.985    u_cve2_core/cf_unit_i/u_ctrl/rst_ni_IBUF
                                                                      r  u_cve2_core/cf_unit_i/u_ctrl/core_busy_q_i_2/I0
                         LUT1 (Prop_LUT1_I0_O)        0.038     1.023 f  u_cve2_core/cf_unit_i/u_ctrl/core_busy_q_i_2/O
                         net (fo=4330, unplaced)      0.357     1.380    u_cve2_core/cf_unit_i/rst_ni
                         FDCE                                         f  u_cve2_core/cf_unit_i/act_scale_valid_q_reg/CLR
  -------------------------------------------------------------------    -------------------

                         (clock clk_i rise edge)      0.000     0.000 r  
                                                      0.000     0.000 r  clk_i (IN)
                         net (fo=0)                   0.000     0.000    clk_i_IBUF_inst/I
                                                                      r  clk_i_IBUF_inst/INBUF_INST/PAD
                         INBUF (Prop_INBUF_PAD_O)     0.331     0.331 r  clk_i_IBUF_inst/INBUF_INST/O
                         net (fo=1, unplaced)         0.000     0.331    clk_i_IBUF_inst/OUT
                                                                      r  clk_i_IBUF_inst/IBUFCTRL_INST/I
                         IBUFCTRL (Prop_IBUFCTRL_I_O)
                                                      0.000     0.331 r  clk_i_IBUF_inst/IBUFCTRL_INST/O
                         net (fo=2, unplaced)         0.292     0.623    core_clock_gate_i/clk_i_IBUF
                                                                      r  core_clock_gate_i/clk_BUFG_inst_i_1/I0
                         LUT2 (Prop_LUT2_I0_O)        0.036     0.659 r  core_clock_gate_i/clk_BUFG_inst_i_1/O
                         net (fo=1, unplaced)         0.282     0.941    clk
                                                                      r  clk_BUFG_inst/I
                         BUFGCE (Prop_BUFGCE_I_O)     0.024     0.965 r  clk_BUFG_inst/O
                         net (fo=5360, unplaced)      2.439     3.404    u_cve2_core/cf_unit_i/clk_BUFG
                         FDCE                                         r  u_cve2_core/cf_unit_i/act_scale_valid_q_reg/C

Slack:                    inf
  Source:                 rst_ni
                            (input port)
  Destination:            u_cve2_core/cf_unit_i/ctx_act_scale_hi_reg[0]/CLR
                            (recovery check against rising-edge clock clk_i  {rise@0.000ns fall@4.000ns period=8.000ns})
  Path Group:             (none)
  Path Type:              Recovery (Max at Slow Process Corner)
  Data Path Delay:        1.380ns  (logic 0.620ns (44.925%)  route 0.760ns (55.074%))
  Logic Levels:           3  (IBUFCTRL=1 INBUF=1 LUT1=1)
  Clock Path Skew:        3.404ns (DCD - SCD + CPR)
    Destination Clock Delay (DCD):    3.404ns
    Source Clock Delay      (SCD):    0.000ns
    Clock Pessimism Removal (CPR):    0.000ns
  Clock Uncertainty:      0.025ns  ((TSJ^2 + TIJ^2)^1/2 + DJ) / 2 + PE
    Total System Jitter     (TSJ):    0.050ns
    Total Input Jitter      (TIJ):    0.000ns
    Discrete Jitter          (DJ):    0.000ns
    Phase Error              (PE):    0.000ns
  Timing Exception:       False Path

    Location             Delay type                Incr(ns)  Path(ns)    Netlist Resource(s)
  -------------------------------------------------------------------    -------------------
                                                      0.000     0.000 r  rst_ni (IN)
                         net (fo=0)                   0.000     0.000    rst_ni_IBUF_inst/I
                                                                      r  rst_ni_IBUF_inst/INBUF_INST/PAD
                         INBUF (Prop_INBUF_PAD_O)     0.582     0.582 r  rst_ni_IBUF_inst/INBUF_INST/O
                         net (fo=1, unplaced)         0.000     0.582    rst_ni_IBUF_inst/OUT
                                                                      r  rst_ni_IBUF_inst/IBUFCTRL_INST/I
                         IBUFCTRL (Prop_IBUFCTRL_I_O)
                                                      0.000     0.582 r  rst_ni_IBUF_inst/IBUFCTRL_INST/O
                         net (fo=1, unplaced)         0.403     0.985    u_cve2_core/cf_unit_i/u_ctrl/rst_ni_IBUF
                                                                      r  u_cve2_core/cf_unit_i/u_ctrl/core_busy_q_i_2/I0
                         LUT1 (Prop_LUT1_I0_O)        0.038     1.023 f  u_cve2_core/cf_unit_i/u_ctrl/core_busy_q_i_2/O
                         net (fo=4330, unplaced)      0.357     1.380    u_cve2_core/cf_unit_i/rst_ni
                         FDCE                                         f  u_cve2_core/cf_unit_i/ctx_act_scale_hi_reg[0]/CLR
  -------------------------------------------------------------------    -------------------

                         (clock clk_i rise edge)      0.000     0.000 r  
                                                      0.000     0.000 r  clk_i (IN)
                         net (fo=0)                   0.000     0.000    clk_i_IBUF_inst/I
                                                                      r  clk_i_IBUF_inst/INBUF_INST/PAD
                         INBUF (Prop_INBUF_PAD_O)     0.331     0.331 r  clk_i_IBUF_inst/INBUF_INST/O
                         net (fo=1, unplaced)         0.000     0.331    clk_i_IBUF_inst/OUT
                                                                      r  clk_i_IBUF_inst/IBUFCTRL_INST/I
                         IBUFCTRL (Prop_IBUFCTRL_I_O)
                                                      0.000     0.331 r  clk_i_IBUF_inst/IBUFCTRL_INST/O
                         net (fo=2, unplaced)         0.292     0.623    core_clock_gate_i/clk_i_IBUF
                                                                      r  core_clock_gate_i/clk_BUFG_inst_i_1/I0
                         LUT2 (Prop_LUT2_I0_O)        0.036     0.659 r  core_clock_gate_i/clk_BUFG_inst_i_1/O
                         net (fo=1, unplaced)         0.282     0.941    clk
                                                                      r  clk_BUFG_inst/I
                         BUFGCE (Prop_BUFGCE_I_O)     0.024     0.965 r  clk_BUFG_inst/O
                         net (fo=5360, unplaced)      2.439     3.404    u_cve2_core/cf_unit_i/clk_BUFG
                         FDCE                                         r  u_cve2_core/cf_unit_i/ctx_act_scale_hi_reg[0]/C

Slack:                    inf
  Source:                 rst_ni
                            (input port)
  Destination:            u_cve2_core/cf_unit_i/ctx_act_scale_hi_reg[10]/CLR
                            (recovery check against rising-edge clock clk_i  {rise@0.000ns fall@4.000ns period=8.000ns})
  Path Group:             (none)
  Path Type:              Recovery (Max at Slow Process Corner)
  Data Path Delay:        1.380ns  (logic 0.620ns (44.925%)  route 0.760ns (55.074%))
  Logic Levels:           3  (IBUFCTRL=1 INBUF=1 LUT1=1)
  Clock Path Skew:        3.404ns (DCD - SCD + CPR)
    Destination Clock Delay (DCD):    3.404ns
    Source Clock Delay      (SCD):    0.000ns
    Clock Pessimism Removal (CPR):    0.000ns
  Clock Uncertainty:      0.025ns  ((TSJ^2 + TIJ^2)^1/2 + DJ) / 2 + PE
    Total System Jitter     (TSJ):    0.050ns
    Total Input Jitter      (TIJ):    0.000ns
    Discrete Jitter          (DJ):    0.000ns
    Phase Error              (PE):    0.000ns
  Timing Exception:       False Path

    Location             Delay type                Incr(ns)  Path(ns)    Netlist Resource(s)
  -------------------------------------------------------------------    -------------------
                                                      0.000     0.000 r  rst_ni (IN)
                         net (fo=0)                   0.000     0.000    rst_ni_IBUF_inst/I
                                                                      r  rst_ni_IBUF_inst/INBUF_INST/PAD
                         INBUF (Prop_INBUF_PAD_O)     0.582     0.582 r  rst_ni_IBUF_inst/INBUF_INST/O
                         net (fo=1, unplaced)         0.000     0.582    rst_ni_IBUF_inst/OUT
                                                                      r  rst_ni_IBUF_inst/IBUFCTRL_INST/I
                         IBUFCTRL (Prop_IBUFCTRL_I_O)
                                                      0.000     0.582 r  rst_ni_IBUF_inst/IBUFCTRL_INST/O
                         net (fo=1, unplaced)         0.403     0.985    u_cve2_core/cf_unit_i/u_ctrl/rst_ni_IBUF
                                                                      r  u_cve2_core/cf_unit_i/u_ctrl/core_busy_q_i_2/I0
                         LUT1 (Prop_LUT1_I0_O)        0.038     1.023 f  u_cve2_core/cf_unit_i/u_ctrl/core_busy_q_i_2/O
                         net (fo=4330, unplaced)      0.357     1.380    u_cve2_core/cf_unit_i/rst_ni
                         FDCE                                         f  u_cve2_core/cf_unit_i/ctx_act_scale_hi_reg[10]/CLR
  -------------------------------------------------------------------    -------------------

                         (clock clk_i rise edge)      0.000     0.000 r  
                                                      0.000     0.000 r  clk_i (IN)
                         net (fo=0)                   0.000     0.000    clk_i_IBUF_inst/I
                                                                      r  clk_i_IBUF_inst/INBUF_INST/PAD
                         INBUF (Prop_INBUF_PAD_O)     0.331     0.331 r  clk_i_IBUF_inst/INBUF_INST/O
                         net (fo=1, unplaced)         0.000     0.331    clk_i_IBUF_inst/OUT
                                                                      r  clk_i_IBUF_inst/IBUFCTRL_INST/I
                         IBUFCTRL (Prop_IBUFCTRL_I_O)
                                                      0.000     0.331 r  clk_i_IBUF_inst/IBUFCTRL_INST/O
                         net (fo=2, unplaced)         0.292     0.623    core_clock_gate_i/clk_i_IBUF
                                                                      r  core_clock_gate_i/clk_BUFG_inst_i_1/I0
                         LUT2 (Prop_LUT2_I0_O)        0.036     0.659 r  core_clock_gate_i/clk_BUFG_inst_i_1/O
                         net (fo=1, unplaced)         0.282     0.941    clk
                                                                      r  clk_BUFG_inst/I
                         BUFGCE (Prop_BUFGCE_I_O)     0.024     0.965 r  clk_BUFG_inst/O
                         net (fo=5360, unplaced)      2.439     3.404    u_cve2_core/cf_unit_i/clk_BUFG
                         FDCE                                         r  u_cve2_core/cf_unit_i/ctx_act_scale_hi_reg[10]/C

Slack:                    inf
  Source:                 rst_ni
                            (input port)
  Destination:            u_cve2_core/cf_unit_i/ctx_act_scale_hi_reg[11]/CLR
                            (recovery check against rising-edge clock clk_i  {rise@0.000ns fall@4.000ns period=8.000ns})
  Path Group:             (none)
  Path Type:              Recovery (Max at Slow Process Corner)
  Data Path Delay:        1.380ns  (logic 0.620ns (44.925%)  route 0.760ns (55.074%))
  Logic Levels:           3  (IBUFCTRL=1 INBUF=1 LUT1=1)
  Clock Path Skew:        3.404ns (DCD - SCD + CPR)
    Destination Clock Delay (DCD):    3.404ns
    Source Clock Delay      (SCD):    0.000ns
    Clock Pessimism Removal (CPR):    0.000ns
  Clock Uncertainty:      0.025ns  ((TSJ^2 + TIJ^2)^1/2 + DJ) / 2 + PE
    Total System Jitter     (TSJ):    0.050ns
    Total Input Jitter      (TIJ):    0.000ns
    Discrete Jitter          (DJ):    0.000ns
    Phase Error              (PE):    0.000ns
  Timing Exception:       False Path

    Location             Delay type                Incr(ns)  Path(ns)    Netlist Resource(s)
  -------------------------------------------------------------------    -------------------
                                                      0.000     0.000 r  rst_ni (IN)
                         net (fo=0)                   0.000     0.000    rst_ni_IBUF_inst/I
                                                                      r  rst_ni_IBUF_inst/INBUF_INST/PAD
                         INBUF (Prop_INBUF_PAD_O)     0.582     0.582 r  rst_ni_IBUF_inst/INBUF_INST/O
                         net (fo=1, unplaced)         0.000     0.582    rst_ni_IBUF_inst/OUT
                                                                      r  rst_ni_IBUF_inst/IBUFCTRL_INST/I
                         IBUFCTRL (Prop_IBUFCTRL_I_O)
                                                      0.000     0.582 r  rst_ni_IBUF_inst/IBUFCTRL_INST/O
                         net (fo=1, unplaced)         0.403     0.985    u_cve2_core/cf_unit_i/u_ctrl/rst_ni_IBUF
                                                                      r  u_cve2_core/cf_unit_i/u_ctrl/core_busy_q_i_2/I0
                         LUT1 (Prop_LUT1_I0_O)        0.038     1.023 f  u_cve2_core/cf_unit_i/u_ctrl/core_busy_q_i_2/O
                         net (fo=4330, unplaced)      0.357     1.380    u_cve2_core/cf_unit_i/rst_ni
                         FDCE                                         f  u_cve2_core/cf_unit_i/ctx_act_scale_hi_reg[11]/CLR
  -------------------------------------------------------------------    -------------------

                         (clock clk_i rise edge)      0.000     0.000 r  
                                                      0.000     0.000 r  clk_i (IN)
                         net (fo=0)                   0.000     0.000    clk_i_IBUF_inst/I
                                                                      r  clk_i_IBUF_inst/INBUF_INST/PAD
                         INBUF (Prop_INBUF_PAD_O)     0.331     0.331 r  clk_i_IBUF_inst/INBUF_INST/O
                         net (fo=1, unplaced)         0.000     0.331    clk_i_IBUF_inst/OUT
                                                                      r  clk_i_IBUF_inst/IBUFCTRL_INST/I
                         IBUFCTRL (Prop_IBUFCTRL_I_O)
                                                      0.000     0.331 r  clk_i_IBUF_inst/IBUFCTRL_INST/O
                         net (fo=2, unplaced)         0.292     0.623    core_clock_gate_i/clk_i_IBUF
                                                                      r  core_clock_gate_i/clk_BUFG_inst_i_1/I0
                         LUT2 (Prop_LUT2_I0_O)        0.036     0.659 r  core_clock_gate_i/clk_BUFG_inst_i_1/O
                         net (fo=1, unplaced)         0.282     0.941    clk
                                                                      r  clk_BUFG_inst/I
                         BUFGCE (Prop_BUFGCE_I_O)     0.024     0.965 r  clk_BUFG_inst/O
                         net (fo=5360, unplaced)      2.439     3.404    u_cve2_core/cf_unit_i/clk_BUFG
                         FDCE                                         r  u_cve2_core/cf_unit_i/ctx_act_scale_hi_reg[11]/C

Slack:                    inf
  Source:                 rst_ni
                            (input port)
  Destination:            u_cve2_core/cf_unit_i/ctx_act_scale_hi_reg[12]/CLR
                            (recovery check against rising-edge clock clk_i  {rise@0.000ns fall@4.000ns period=8.000ns})
  Path Group:             (none)
  Path Type:              Recovery (Max at Slow Process Corner)
  Data Path Delay:        1.380ns  (logic 0.620ns (44.925%)  route 0.760ns (55.074%))
  Logic Levels:           3  (IBUFCTRL=1 INBUF=1 LUT1=1)
  Clock Path Skew:        3.404ns (DCD - SCD + CPR)
    Destination Clock Delay (DCD):    3.404ns
    Source Clock Delay      (SCD):    0.000ns
    Clock Pessimism Removal (CPR):    0.000ns
  Clock Uncertainty:      0.025ns  ((TSJ^2 + TIJ^2)^1/2 + DJ) / 2 + PE
    Total System Jitter     (TSJ):    0.050ns
    Total Input Jitter      (TIJ):    0.000ns
    Discrete Jitter          (DJ):    0.000ns
    Phase Error              (PE):    0.000ns
  Timing Exception:       False Path

    Location             Delay type                Incr(ns)  Path(ns)    Netlist Resource(s)
  -------------------------------------------------------------------    -------------------
                                                      0.000     0.000 r  rst_ni (IN)
                         net (fo=0)                   0.000     0.000    rst_ni_IBUF_inst/I
                                                                      r  rst_ni_IBUF_inst/INBUF_INST/PAD
                         INBUF (Prop_INBUF_PAD_O)     0.582     0.582 r  rst_ni_IBUF_inst/INBUF_INST/O
                         net (fo=1, unplaced)         0.000     0.582    rst_ni_IBUF_inst/OUT
                                                                      r  rst_ni_IBUF_inst/IBUFCTRL_INST/I
                         IBUFCTRL (Prop_IBUFCTRL_I_O)
                                                      0.000     0.582 r  rst_ni_IBUF_inst/IBUFCTRL_INST/O
                         net (fo=1, unplaced)         0.403     0.985    u_cve2_core/cf_unit_i/u_ctrl/rst_ni_IBUF
                                                                      r  u_cve2_core/cf_unit_i/u_ctrl/core_busy_q_i_2/I0
                         LUT1 (Prop_LUT1_I0_O)        0.038     1.023 f  u_cve2_core/cf_unit_i/u_ctrl/core_busy_q_i_2/O
                         net (fo=4330, unplaced)      0.357     1.380    u_cve2_core/cf_unit_i/rst_ni
                         FDCE                                         f  u_cve2_core/cf_unit_i/ctx_act_scale_hi_reg[12]/CLR
  -------------------------------------------------------------------    -------------------

                         (clock clk_i rise edge)      0.000     0.000 r  
                                                      0.000     0.000 r  clk_i (IN)
                         net (fo=0)                   0.000     0.000    clk_i_IBUF_inst/I
                                                                      r  clk_i_IBUF_inst/INBUF_INST/PAD
                         INBUF (Prop_INBUF_PAD_O)     0.331     0.331 r  clk_i_IBUF_inst/INBUF_INST/O
                         net (fo=1, unplaced)         0.000     0.331    clk_i_IBUF_inst/OUT
                                                                      r  clk_i_IBUF_inst/IBUFCTRL_INST/I
                         IBUFCTRL (Prop_IBUFCTRL_I_O)
                                                      0.000     0.331 r  clk_i_IBUF_inst/IBUFCTRL_INST/O
                         net (fo=2, unplaced)         0.292     0.623    core_clock_gate_i/clk_i_IBUF
                                                                      r  core_clock_gate_i/clk_BUFG_inst_i_1/I0
                         LUT2 (Prop_LUT2_I0_O)        0.036     0.659 r  core_clock_gate_i/clk_BUFG_inst_i_1/O
                         net (fo=1, unplaced)         0.282     0.941    clk
                                                                      r  clk_BUFG_inst/I
                         BUFGCE (Prop_BUFGCE_I_O)     0.024     0.965 r  clk_BUFG_inst/O
                         net (fo=5360, unplaced)      2.439     3.404    u_cve2_core/cf_unit_i/clk_BUFG
                         FDCE                                         r  u_cve2_core/cf_unit_i/ctx_act_scale_hi_reg[12]/C

Slack:                    inf
  Source:                 rst_ni
                            (input port)
  Destination:            u_cve2_core/cf_unit_i/ctx_act_scale_hi_reg[13]/CLR
                            (recovery check against rising-edge clock clk_i  {rise@0.000ns fall@4.000ns period=8.000ns})
  Path Group:             (none)
  Path Type:              Recovery (Max at Slow Process Corner)
  Data Path Delay:        1.380ns  (logic 0.620ns (44.925%)  route 0.760ns (55.074%))
  Logic Levels:           3  (IBUFCTRL=1 INBUF=1 LUT1=1)
  Clock Path Skew:        3.404ns (DCD - SCD + CPR)
    Destination Clock Delay (DCD):    3.404ns
    Source Clock Delay      (SCD):    0.000ns
    Clock Pessimism Removal (CPR):    0.000ns
  Clock Uncertainty:      0.025ns  ((TSJ^2 + TIJ^2)^1/2 + DJ) / 2 + PE
    Total System Jitter     (TSJ):    0.050ns
    Total Input Jitter      (TIJ):    0.000ns
    Discrete Jitter          (DJ):    0.000ns
    Phase Error              (PE):    0.000ns
  Timing Exception:       False Path

    Location             Delay type                Incr(ns)  Path(ns)    Netlist Resource(s)
  -------------------------------------------------------------------    -------------------
                                                      0.000     0.000 r  rst_ni (IN)
                         net (fo=0)                   0.000     0.000    rst_ni_IBUF_inst/I
                                                                      r  rst_ni_IBUF_inst/INBUF_INST/PAD
                         INBUF (Prop_INBUF_PAD_O)     0.582     0.582 r  rst_ni_IBUF_inst/INBUF_INST/O
                         net (fo=1, unplaced)         0.000     0.582    rst_ni_IBUF_inst/OUT
                                                                      r  rst_ni_IBUF_inst/IBUFCTRL_INST/I
                         IBUFCTRL (Prop_IBUFCTRL_I_O)
                                                      0.000     0.582 r  rst_ni_IBUF_inst/IBUFCTRL_INST/O
                         net (fo=1, unplaced)         0.403     0.985    u_cve2_core/cf_unit_i/u_ctrl/rst_ni_IBUF
                                                                      r  u_cve2_core/cf_unit_i/u_ctrl/core_busy_q_i_2/I0
                         LUT1 (Prop_LUT1_I0_O)        0.038     1.023 f  u_cve2_core/cf_unit_i/u_ctrl/core_busy_q_i_2/O
                         net (fo=4330, unplaced)      0.357     1.380    u_cve2_core/cf_unit_i/rst_ni
                         FDCE                                         f  u_cve2_core/cf_unit_i/ctx_act_scale_hi_reg[13]/CLR
  -------------------------------------------------------------------    -------------------

                         (clock clk_i rise edge)      0.000     0.000 r  
                                                      0.000     0.000 r  clk_i (IN)
                         net (fo=0)                   0.000     0.000    clk_i_IBUF_inst/I
                                                                      r  clk_i_IBUF_inst/INBUF_INST/PAD
                         INBUF (Prop_INBUF_PAD_O)     0.331     0.331 r  clk_i_IBUF_inst/INBUF_INST/O
                         net (fo=1, unplaced)         0.000     0.331    clk_i_IBUF_inst/OUT
                                                                      r  clk_i_IBUF_inst/IBUFCTRL_INST/I
                         IBUFCTRL (Prop_IBUFCTRL_I_O)
                                                      0.000     0.331 r  clk_i_IBUF_inst/IBUFCTRL_INST/O
                         net (fo=2, unplaced)         0.292     0.623    core_clock_gate_i/clk_i_IBUF
                                                                      r  core_clock_gate_i/clk_BUFG_inst_i_1/I0
                         LUT2 (Prop_LUT2_I0_O)        0.036     0.659 r  core_clock_gate_i/clk_BUFG_inst_i_1/O
                         net (fo=1, unplaced)         0.282     0.941    clk
                                                                      r  clk_BUFG_inst/I
                         BUFGCE (Prop_BUFGCE_I_O)     0.024     0.965 r  clk_BUFG_inst/O
                         net (fo=5360, unplaced)      2.439     3.404    u_cve2_core/cf_unit_i/clk_BUFG
                         FDCE                                         r  u_cve2_core/cf_unit_i/ctx_act_scale_hi_reg[13]/C

Slack:                    inf
  Source:                 rst_ni
                            (input port)
  Destination:            u_cve2_core/cf_unit_i/ctx_act_scale_hi_reg[14]/CLR
                            (recovery check against rising-edge clock clk_i  {rise@0.000ns fall@4.000ns period=8.000ns})
  Path Group:             (none)
  Path Type:              Recovery (Max at Slow Process Corner)
  Data Path Delay:        1.380ns  (logic 0.620ns (44.925%)  route 0.760ns (55.074%))
  Logic Levels:           3  (IBUFCTRL=1 INBUF=1 LUT1=1)
  Clock Path Skew:        3.404ns (DCD - SCD + CPR)
    Destination Clock Delay (DCD):    3.404ns
    Source Clock Delay      (SCD):    0.000ns
    Clock Pessimism Removal (CPR):    0.000ns
  Clock Uncertainty:      0.025ns  ((TSJ^2 + TIJ^2)^1/2 + DJ) / 2 + PE
    Total System Jitter     (TSJ):    0.050ns
    Total Input Jitter      (TIJ):    0.000ns
    Discrete Jitter          (DJ):    0.000ns
    Phase Error              (PE):    0.000ns
  Timing Exception:       False Path

    Location             Delay type                Incr(ns)  Path(ns)    Netlist Resource(s)
  -------------------------------------------------------------------    -------------------
                                                      0.000     0.000 r  rst_ni (IN)
                         net (fo=0)                   0.000     0.000    rst_ni_IBUF_inst/I
                                                                      r  rst_ni_IBUF_inst/INBUF_INST/PAD
                         INBUF (Prop_INBUF_PAD_O)     0.582     0.582 r  rst_ni_IBUF_inst/INBUF_INST/O
                         net (fo=1, unplaced)         0.000     0.582    rst_ni_IBUF_inst/OUT
                                                                      r  rst_ni_IBUF_inst/IBUFCTRL_INST/I
                         IBUFCTRL (Prop_IBUFCTRL_I_O)
                                                      0.000     0.582 r  rst_ni_IBUF_inst/IBUFCTRL_INST/O
                         net (fo=1, unplaced)         0.403     0.985    u_cve2_core/cf_unit_i/u_ctrl/rst_ni_IBUF
                                                                      r  u_cve2_core/cf_unit_i/u_ctrl/core_busy_q_i_2/I0
                         LUT1 (Prop_LUT1_I0_O)        0.038     1.023 f  u_cve2_core/cf_unit_i/u_ctrl/core_busy_q_i_2/O
                         net (fo=4330, unplaced)      0.357     1.380    u_cve2_core/cf_unit_i/rst_ni
                         FDCE                                         f  u_cve2_core/cf_unit_i/ctx_act_scale_hi_reg[14]/CLR
  -------------------------------------------------------------------    -------------------

                         (clock clk_i rise edge)      0.000     0.000 r  
                                                      0.000     0.000 r  clk_i (IN)
                         net (fo=0)                   0.000     0.000    clk_i_IBUF_inst/I
                                                                      r  clk_i_IBUF_inst/INBUF_INST/PAD
                         INBUF (Prop_INBUF_PAD_O)     0.331     0.331 r  clk_i_IBUF_inst/INBUF_INST/O
                         net (fo=1, unplaced)         0.000     0.331    clk_i_IBUF_inst/OUT
                                                                      r  clk_i_IBUF_inst/IBUFCTRL_INST/I
                         IBUFCTRL (Prop_IBUFCTRL_I_O)
                                                      0.000     0.331 r  clk_i_IBUF_inst/IBUFCTRL_INST/O
                         net (fo=2, unplaced)         0.292     0.623    core_clock_gate_i/clk_i_IBUF
                                                                      r  core_clock_gate_i/clk_BUFG_inst_i_1/I0
                         LUT2 (Prop_LUT2_I0_O)        0.036     0.659 r  core_clock_gate_i/clk_BUFG_inst_i_1/O
                         net (fo=1, unplaced)         0.282     0.941    clk
                                                                      r  clk_BUFG_inst/I
                         BUFGCE (Prop_BUFGCE_I_O)     0.024     0.965 r  clk_BUFG_inst/O
                         net (fo=5360, unplaced)      2.439     3.404    u_cve2_core/cf_unit_i/clk_BUFG
                         FDCE                                         r  u_cve2_core/cf_unit_i/ctx_act_scale_hi_reg[14]/C

Slack:                    inf
  Source:                 rst_ni
                            (input port)
  Destination:            u_cve2_core/cf_unit_i/ctx_act_scale_hi_reg[15]/CLR
                            (recovery check against rising-edge clock clk_i  {rise@0.000ns fall@4.000ns period=8.000ns})
  Path Group:             (none)
  Path Type:              Recovery (Max at Slow Process Corner)
  Data Path Delay:        1.380ns  (logic 0.620ns (44.925%)  route 0.760ns (55.074%))
  Logic Levels:           3  (IBUFCTRL=1 INBUF=1 LUT1=1)
  Clock Path Skew:        3.404ns (DCD - SCD + CPR)
    Destination Clock Delay (DCD):    3.404ns
    Source Clock Delay      (SCD):    0.000ns
    Clock Pessimism Removal (CPR):    0.000ns
  Clock Uncertainty:      0.025ns  ((TSJ^2 + TIJ^2)^1/2 + DJ) / 2 + PE
    Total System Jitter     (TSJ):    0.050ns
    Total Input Jitter      (TIJ):    0.000ns
    Discrete Jitter          (DJ):    0.000ns
    Phase Error              (PE):    0.000ns
  Timing Exception:       False Path

    Location             Delay type                Incr(ns)  Path(ns)    Netlist Resource(s)
  -------------------------------------------------------------------    -------------------
                                                      0.000     0.000 r  rst_ni (IN)
                         net (fo=0)                   0.000     0.000    rst_ni_IBUF_inst/I
                                                                      r  rst_ni_IBUF_inst/INBUF_INST/PAD
                         INBUF (Prop_INBUF_PAD_O)     0.582     0.582 r  rst_ni_IBUF_inst/INBUF_INST/O
                         net (fo=1, unplaced)         0.000     0.582    rst_ni_IBUF_inst/OUT
                                                                      r  rst_ni_IBUF_inst/IBUFCTRL_INST/I
                         IBUFCTRL (Prop_IBUFCTRL_I_O)
                                                      0.000     0.582 r  rst_ni_IBUF_inst/IBUFCTRL_INST/O
                         net (fo=1, unplaced)         0.403     0.985    u_cve2_core/cf_unit_i/u_ctrl/rst_ni_IBUF
                                                                      r  u_cve2_core/cf_unit_i/u_ctrl/core_busy_q_i_2/I0
                         LUT1 (Prop_LUT1_I0_O)        0.038     1.023 f  u_cve2_core/cf_unit_i/u_ctrl/core_busy_q_i_2/O
                         net (fo=4330, unplaced)      0.357     1.380    u_cve2_core/cf_unit_i/rst_ni
                         FDCE                                         f  u_cve2_core/cf_unit_i/ctx_act_scale_hi_reg[15]/CLR
  -------------------------------------------------------------------    -------------------

                         (clock clk_i rise edge)      0.000     0.000 r  
                                                      0.000     0.000 r  clk_i (IN)
                         net (fo=0)                   0.000     0.000    clk_i_IBUF_inst/I
                                                                      r  clk_i_IBUF_inst/INBUF_INST/PAD
                         INBUF (Prop_INBUF_PAD_O)     0.331     0.331 r  clk_i_IBUF_inst/INBUF_INST/O
                         net (fo=1, unplaced)         0.000     0.331    clk_i_IBUF_inst/OUT
                                                                      r  clk_i_IBUF_inst/IBUFCTRL_INST/I
                         IBUFCTRL (Prop_IBUFCTRL_I_O)
                                                      0.000     0.331 r  clk_i_IBUF_inst/IBUFCTRL_INST/O
                         net (fo=2, unplaced)         0.292     0.623    core_clock_gate_i/clk_i_IBUF
                                                                      r  core_clock_gate_i/clk_BUFG_inst_i_1/I0
                         LUT2 (Prop_LUT2_I0_O)        0.036     0.659 r  core_clock_gate_i/clk_BUFG_inst_i_1/O
                         net (fo=1, unplaced)         0.282     0.941    clk
                                                                      r  clk_BUFG_inst/I
                         BUFGCE (Prop_BUFGCE_I_O)     0.024     0.965 r  clk_BUFG_inst/O
                         net (fo=5360, unplaced)      2.439     3.404    u_cve2_core/cf_unit_i/clk_BUFG
                         FDCE                                         r  u_cve2_core/cf_unit_i/ctx_act_scale_hi_reg[15]/C





Min Delay Paths
--------------------------------------------------------------------------------------
Slack:                    inf
  Source:                 rst_ni
                            (input port)
  Destination:            core_busy_q_reg/CLR
                            (removal check against rising-edge clock clk_i  {rise@0.000ns fall@4.000ns period=8.000ns})
  Path Group:             (none)
  Path Type:              Removal (Min at Fast Process Corner)
  Data Path Delay:        0.590ns  (logic 0.230ns (39.016%)  route 0.360ns (60.984%))
  Logic Levels:           3  (IBUFCTRL=1 INBUF=1 LUT1=1)
  Clock Path Skew:        1.763ns (DCD - SCD - CPR)
    Destination Clock Delay (DCD):    1.763ns
    Source Clock Delay      (SCD):    0.000ns
    Clock Pessimism Removal (CPR):    -0.000ns
  Timing Exception:       False Path

    Location             Delay type                Incr(ns)  Path(ns)    Netlist Resource(s)
  -------------------------------------------------------------------    -------------------
                                                      0.000     0.000 r  rst_ni (IN)
                         net (fo=0)                   0.000     0.000    rst_ni_IBUF_inst/I
                                                                      r  rst_ni_IBUF_inst/INBUF_INST/PAD
                         INBUF (Prop_INBUF_PAD_O)     0.216     0.216 r  rst_ni_IBUF_inst/INBUF_INST/O
                         net (fo=1, unplaced)         0.000     0.216    rst_ni_IBUF_inst/OUT
                                                                      r  rst_ni_IBUF_inst/IBUFCTRL_INST/I
                         IBUFCTRL (Prop_IBUFCTRL_I_O)
                                                      0.000     0.216 r  rst_ni_IBUF_inst/IBUFCTRL_INST/O
                         net (fo=1, unplaced)         0.197     0.413    u_cve2_core/cf_unit_i/u_ctrl/rst_ni_IBUF
                                                                      r  u_cve2_core/cf_unit_i/u_ctrl/core_busy_q_i_2/I0
                         LUT1 (Prop_LUT1_I0_O)        0.014     0.427 f  u_cve2_core/cf_unit_i/u_ctrl/core_busy_q_i_2/O
                         net (fo=4330, unplaced)      0.163     0.590    u_cve2_core_n_0
                         FDCE                                         f  core_busy_q_reg/CLR
  -------------------------------------------------------------------    -------------------

                         (clock clk_i rise edge)      0.000     0.000 r  
                                                      0.000     0.000 r  clk_i (IN)
                         net (fo=0)                   0.000     0.000    clk_i_IBUF_inst/I
                                                                      r  clk_i_IBUF_inst/INBUF_INST/PAD
                         INBUF (Prop_INBUF_PAD_O)     0.402     0.402 r  clk_i_IBUF_inst/INBUF_INST/O
                         net (fo=1, unplaced)         0.000     0.402    clk_i_IBUF_inst/OUT
                                                                      r  clk_i_IBUF_inst/IBUFCTRL_INST/I
                         IBUFCTRL (Prop_IBUFCTRL_I_O)
                                                      0.000     0.402 r  clk_i_IBUF_inst/IBUFCTRL_INST/O
                         net (fo=2, unplaced)         0.083     0.485    clk_i_IBUF
                                                                      r  clk_i_IBUF_BUFG_inst/I
                         BUFGCE (Prop_BUFGCE_I_O)     0.019     0.504 r  clk_i_IBUF_BUFG_inst/O
                         net (fo=3, unplaced)         1.259     1.763    clk_i_IBUF_BUFG
                         FDCE                                         r  core_busy_q_reg/C

Slack:                    inf
  Source:                 rst_ni
                            (input port)
  Destination:            fetch_enable_q_reg/CLR
                            (removal check against rising-edge clock clk_i  {rise@0.000ns fall@4.000ns period=8.000ns})
  Path Group:             (none)
  Path Type:              Removal (Min at Fast Process Corner)
  Data Path Delay:        0.590ns  (logic 0.230ns (39.016%)  route 0.360ns (60.984%))
  Logic Levels:           3  (IBUFCTRL=1 INBUF=1 LUT1=1)
  Clock Path Skew:        1.763ns (DCD - SCD - CPR)
    Destination Clock Delay (DCD):    1.763ns
    Source Clock Delay      (SCD):    0.000ns
    Clock Pessimism Removal (CPR):    -0.000ns
  Timing Exception:       False Path

    Location             Delay type                Incr(ns)  Path(ns)    Netlist Resource(s)
  -------------------------------------------------------------------    -------------------
                                                      0.000     0.000 r  rst_ni (IN)
                         net (fo=0)                   0.000     0.000    rst_ni_IBUF_inst/I
                                                                      r  rst_ni_IBUF_inst/INBUF_INST/PAD
                         INBUF (Prop_INBUF_PAD_O)     0.216     0.216 r  rst_ni_IBUF_inst/INBUF_INST/O
                         net (fo=1, unplaced)         0.000     0.216    rst_ni_IBUF_inst/OUT
                                                                      r  rst_ni_IBUF_inst/IBUFCTRL_INST/I
                         IBUFCTRL (Prop_IBUFCTRL_I_O)
                                                      0.000     0.216 r  rst_ni_IBUF_inst/IBUFCTRL_INST/O
                         net (fo=1, unplaced)         0.197     0.413    u_cve2_core/cf_unit_i/u_ctrl/rst_ni_IBUF
                                                                      r  u_cve2_core/cf_unit_i/u_ctrl/core_busy_q_i_2/I0
                         LUT1 (Prop_LUT1_I0_O)        0.014     0.427 f  u_cve2_core/cf_unit_i/u_ctrl/core_busy_q_i_2/O
                         net (fo=4330, unplaced)      0.163     0.590    u_cve2_core_n_0
                         FDCE                                         f  fetch_enable_q_reg/CLR
  -------------------------------------------------------------------    -------------------

                         (clock clk_i rise edge)      0.000     0.000 r  
                                                      0.000     0.000 r  clk_i (IN)
                         net (fo=0)                   0.000     0.000    clk_i_IBUF_inst/I
                                                                      r  clk_i_IBUF_inst/INBUF_INST/PAD
                         INBUF (Prop_INBUF_PAD_O)     0.402     0.402 r  clk_i_IBUF_inst/INBUF_INST/O
                         net (fo=1, unplaced)         0.000     0.402    clk_i_IBUF_inst/OUT
                                                                      r  clk_i_IBUF_inst/IBUFCTRL_INST/I
                         IBUFCTRL (Prop_IBUFCTRL_I_O)
                                                      0.000     0.402 r  clk_i_IBUF_inst/IBUFCTRL_INST/O
                         net (fo=2, unplaced)         0.083     0.485    clk_i_IBUF
                                                                      r  clk_i_IBUF_BUFG_inst/I
                         BUFGCE (Prop_BUFGCE_I_O)     0.019     0.504 r  clk_i_IBUF_BUFG_inst/O
                         net (fo=3, unplaced)         1.259     1.763    clk_i_IBUF_BUFG
                         FDCE                                         r  fetch_enable_q_reg/C

Slack:                    inf
  Source:                 rst_ni
                            (input port)
  Destination:            u_cve2_core/cf_unit_i/act_scale_valid_q_reg/CLR
                            (removal check against rising-edge clock clk_i  {rise@0.000ns fall@4.000ns period=8.000ns})
  Path Group:             (none)
  Path Type:              Removal (Min at Fast Process Corner)
  Data Path Delay:        0.590ns  (logic 0.230ns (39.016%)  route 0.360ns (60.984%))
  Logic Levels:           3  (IBUFCTRL=1 INBUF=1 LUT1=1)
  Clock Path Skew:        2.287ns (DCD - SCD - CPR)
    Destination Clock Delay (DCD):    2.287ns
    Source Clock Delay      (SCD):    0.000ns
    Clock Pessimism Removal (CPR):    -0.000ns
  Timing Exception:       False Path

    Location             Delay type                Incr(ns)  Path(ns)    Netlist Resource(s)
  -------------------------------------------------------------------    -------------------
                                                      0.000     0.000 r  rst_ni (IN)
                         net (fo=0)                   0.000     0.000    rst_ni_IBUF_inst/I
                                                                      r  rst_ni_IBUF_inst/INBUF_INST/PAD
                         INBUF (Prop_INBUF_PAD_O)     0.216     0.216 r  rst_ni_IBUF_inst/INBUF_INST/O
                         net (fo=1, unplaced)         0.000     0.216    rst_ni_IBUF_inst/OUT
                                                                      r  rst_ni_IBUF_inst/IBUFCTRL_INST/I
                         IBUFCTRL (Prop_IBUFCTRL_I_O)
                                                      0.000     0.216 r  rst_ni_IBUF_inst/IBUFCTRL_INST/O
                         net (fo=1, unplaced)         0.197     0.413    u_cve2_core/cf_unit_i/u_ctrl/rst_ni_IBUF
                                                                      r  u_cve2_core/cf_unit_i/u_ctrl/core_busy_q_i_2/I0
                         LUT1 (Prop_LUT1_I0_O)        0.014     0.427 f  u_cve2_core/cf_unit_i/u_ctrl/core_busy_q_i_2/O
                         net (fo=4330, unplaced)      0.163     0.590    u_cve2_core/cf_unit_i/rst_ni
                         FDCE                                         f  u_cve2_core/cf_unit_i/act_scale_valid_q_reg/CLR
  -------------------------------------------------------------------    -------------------

                         (clock clk_i rise edge)      0.000     0.000 r  
                                                      0.000     0.000 r  clk_i (IN)
                         net (fo=0)                   0.000     0.000    clk_i_IBUF_inst/I
                                                                      r  clk_i_IBUF_inst/INBUF_INST/PAD
                         INBUF (Prop_INBUF_PAD_O)     0.402     0.402 r  clk_i_IBUF_inst/INBUF_INST/O
                         net (fo=1, unplaced)         0.000     0.402    clk_i_IBUF_inst/OUT
                                                                      r  clk_i_IBUF_inst/IBUFCTRL_INST/I
                         IBUFCTRL (Prop_IBUFCTRL_I_O)
                                                      0.000     0.402 r  clk_i_IBUF_inst/IBUFCTRL_INST/O
                         net (fo=2, unplaced)         0.304     0.706    core_clock_gate_i/clk_i_IBUF
                                                                      r  core_clock_gate_i/clk_BUFG_inst_i_1/I0
                         LUT2 (Prop_LUT2_I0_O)        0.034     0.740 r  core_clock_gate_i/clk_BUFG_inst_i_1/O
                         net (fo=1, unplaced)         0.269     1.009    clk
                                                                      r  clk_BUFG_inst/I
                         BUFGCE (Prop_BUFGCE_I_O)     0.019     1.028 r  clk_BUFG_inst/O
                         net (fo=5360, unplaced)      1.259     2.287    u_cve2_core/cf_unit_i/clk_BUFG
                         FDCE                                         r  u_cve2_core/cf_unit_i/act_scale_valid_q_reg/C

Slack:                    inf
  Source:                 rst_ni
                            (input port)
  Destination:            u_cve2_core/cf_unit_i/ctx_act_scale_hi_reg[0]/CLR
                            (removal check against rising-edge clock clk_i  {rise@0.000ns fall@4.000ns period=8.000ns})
  Path Group:             (none)
  Path Type:              Removal (Min at Fast Process Corner)
  Data Path Delay:        0.590ns  (logic 0.230ns (39.016%)  route 0.360ns (60.984%))
  Logic Levels:           3  (IBUFCTRL=1 INBUF=1 LUT1=1)
  Clock Path Skew:        2.287ns (DCD - SCD - CPR)
    Destination Clock Delay (DCD):    2.287ns
    Source Clock Delay      (SCD):    0.000ns
    Clock Pessimism Removal (CPR):    -0.000ns
  Timing Exception:       False Path

    Location             Delay type                Incr(ns)  Path(ns)    Netlist Resource(s)
  -------------------------------------------------------------------    -------------------
                                                      0.000     0.000 r  rst_ni (IN)
                         net (fo=0)                   0.000     0.000    rst_ni_IBUF_inst/I
                                                                      r  rst_ni_IBUF_inst/INBUF_INST/PAD
                         INBUF (Prop_INBUF_PAD_O)     0.216     0.216 r  rst_ni_IBUF_inst/INBUF_INST/O
                         net (fo=1, unplaced)         0.000     0.216    rst_ni_IBUF_inst/OUT
                                                                      r  rst_ni_IBUF_inst/IBUFCTRL_INST/I
                         IBUFCTRL (Prop_IBUFCTRL_I_O)
                                                      0.000     0.216 r  rst_ni_IBUF_inst/IBUFCTRL_INST/O
                         net (fo=1, unplaced)         0.197     0.413    u_cve2_core/cf_unit_i/u_ctrl/rst_ni_IBUF
                                                                      r  u_cve2_core/cf_unit_i/u_ctrl/core_busy_q_i_2/I0
                         LUT1 (Prop_LUT1_I0_O)        0.014     0.427 f  u_cve2_core/cf_unit_i/u_ctrl/core_busy_q_i_2/O
                         net (fo=4330, unplaced)      0.163     0.590    u_cve2_core/cf_unit_i/rst_ni
                         FDCE                                         f  u_cve2_core/cf_unit_i/ctx_act_scale_hi_reg[0]/CLR
  -------------------------------------------------------------------    -------------------

                         (clock clk_i rise edge)      0.000     0.000 r  
                                                      0.000     0.000 r  clk_i (IN)
                         net (fo=0)                   0.000     0.000    clk_i_IBUF_inst/I
                                                                      r  clk_i_IBUF_inst/INBUF_INST/PAD
                         INBUF (Prop_INBUF_PAD_O)     0.402     0.402 r  clk_i_IBUF_inst/INBUF_INST/O
                         net (fo=1, unplaced)         0.000     0.402    clk_i_IBUF_inst/OUT
                                                                      r  clk_i_IBUF_inst/IBUFCTRL_INST/I
                         IBUFCTRL (Prop_IBUFCTRL_I_O)
                                                      0.000     0.402 r  clk_i_IBUF_inst/IBUFCTRL_INST/O
                         net (fo=2, unplaced)         0.304     0.706    core_clock_gate_i/clk_i_IBUF
                                                                      r  core_clock_gate_i/clk_BUFG_inst_i_1/I0
                         LUT2 (Prop_LUT2_I0_O)        0.034     0.740 r  core_clock_gate_i/clk_BUFG_inst_i_1/O
                         net (fo=1, unplaced)         0.269     1.009    clk
                                                                      r  clk_BUFG_inst/I
                         BUFGCE (Prop_BUFGCE_I_O)     0.019     1.028 r  clk_BUFG_inst/O
                         net (fo=5360, unplaced)      1.259     2.287    u_cve2_core/cf_unit_i/clk_BUFG
                         FDCE                                         r  u_cve2_core/cf_unit_i/ctx_act_scale_hi_reg[0]/C

Slack:                    inf
  Source:                 rst_ni
                            (input port)
  Destination:            u_cve2_core/cf_unit_i/ctx_act_scale_hi_reg[10]/CLR
                            (removal check against rising-edge clock clk_i  {rise@0.000ns fall@4.000ns period=8.000ns})
  Path Group:             (none)
  Path Type:              Removal (Min at Fast Process Corner)
  Data Path Delay:        0.590ns  (logic 0.230ns (39.016%)  route 0.360ns (60.984%))
  Logic Levels:           3  (IBUFCTRL=1 INBUF=1 LUT1=1)
  Clock Path Skew:        2.287ns (DCD - SCD - CPR)
    Destination Clock Delay (DCD):    2.287ns
    Source Clock Delay      (SCD):    0.000ns
    Clock Pessimism Removal (CPR):    -0.000ns
  Timing Exception:       False Path

    Location             Delay type                Incr(ns)  Path(ns)    Netlist Resource(s)
  -------------------------------------------------------------------    -------------------
                                                      0.000     0.000 r  rst_ni (IN)
                         net (fo=0)                   0.000     0.000    rst_ni_IBUF_inst/I
                                                                      r  rst_ni_IBUF_inst/INBUF_INST/PAD
                         INBUF (Prop_INBUF_PAD_O)     0.216     0.216 r  rst_ni_IBUF_inst/INBUF_INST/O
                         net (fo=1, unplaced)         0.000     0.216    rst_ni_IBUF_inst/OUT
                                                                      r  rst_ni_IBUF_inst/IBUFCTRL_INST/I
                         IBUFCTRL (Prop_IBUFCTRL_I_O)
                                                      0.000     0.216 r  rst_ni_IBUF_inst/IBUFCTRL_INST/O
                         net (fo=1, unplaced)         0.197     0.413    u_cve2_core/cf_unit_i/u_ctrl/rst_ni_IBUF
                                                                      r  u_cve2_core/cf_unit_i/u_ctrl/core_busy_q_i_2/I0
                         LUT1 (Prop_LUT1_I0_O)        0.014     0.427 f  u_cve2_core/cf_unit_i/u_ctrl/core_busy_q_i_2/O
                         net (fo=4330, unplaced)      0.163     0.590    u_cve2_core/cf_unit_i/rst_ni
                         FDCE                                         f  u_cve2_core/cf_unit_i/ctx_act_scale_hi_reg[10]/CLR
  -------------------------------------------------------------------    -------------------

                         (clock clk_i rise edge)      0.000     0.000 r  
                                                      0.000     0.000 r  clk_i (IN)
                         net (fo=0)                   0.000     0.000    clk_i_IBUF_inst/I
                                                                      r  clk_i_IBUF_inst/INBUF_INST/PAD
                         INBUF (Prop_INBUF_PAD_O)     0.402     0.402 r  clk_i_IBUF_inst/INBUF_INST/O
                         net (fo=1, unplaced)         0.000     0.402    clk_i_IBUF_inst/OUT
                                                                      r  clk_i_IBUF_inst/IBUFCTRL_INST/I
                         IBUFCTRL (Prop_IBUFCTRL_I_O)
                                                      0.000     0.402 r  clk_i_IBUF_inst/IBUFCTRL_INST/O
                         net (fo=2, unplaced)         0.304     0.706    core_clock_gate_i/clk_i_IBUF
                                                                      r  core_clock_gate_i/clk_BUFG_inst_i_1/I0
                         LUT2 (Prop_LUT2_I0_O)        0.034     0.740 r  core_clock_gate_i/clk_BUFG_inst_i_1/O
                         net (fo=1, unplaced)         0.269     1.009    clk
                                                                      r  clk_BUFG_inst/I
                         BUFGCE (Prop_BUFGCE_I_O)     0.019     1.028 r  clk_BUFG_inst/O
                         net (fo=5360, unplaced)      1.259     2.287    u_cve2_core/cf_unit_i/clk_BUFG
                         FDCE                                         r  u_cve2_core/cf_unit_i/ctx_act_scale_hi_reg[10]/C

Slack:                    inf
  Source:                 rst_ni
                            (input port)
  Destination:            u_cve2_core/cf_unit_i/ctx_act_scale_hi_reg[11]/CLR
                            (removal check against rising-edge clock clk_i  {rise@0.000ns fall@4.000ns period=8.000ns})
  Path Group:             (none)
  Path Type:              Removal (Min at Fast Process Corner)
  Data Path Delay:        0.590ns  (logic 0.230ns (39.016%)  route 0.360ns (60.984%))
  Logic Levels:           3  (IBUFCTRL=1 INBUF=1 LUT1=1)
  Clock Path Skew:        2.287ns (DCD - SCD - CPR)
    Destination Clock Delay (DCD):    2.287ns
    Source Clock Delay      (SCD):    0.000ns
    Clock Pessimism Removal (CPR):    -0.000ns
  Timing Exception:       False Path

    Location             Delay type                Incr(ns)  Path(ns)    Netlist Resource(s)
  -------------------------------------------------------------------    -------------------
                                                      0.000     0.000 r  rst_ni (IN)
                         net (fo=0)                   0.000     0.000    rst_ni_IBUF_inst/I
                                                                      r  rst_ni_IBUF_inst/INBUF_INST/PAD
                         INBUF (Prop_INBUF_PAD_O)     0.216     0.216 r  rst_ni_IBUF_inst/INBUF_INST/O
                         net (fo=1, unplaced)         0.000     0.216    rst_ni_IBUF_inst/OUT
                                                                      r  rst_ni_IBUF_inst/IBUFCTRL_INST/I
                         IBUFCTRL (Prop_IBUFCTRL_I_O)
                                                      0.000     0.216 r  rst_ni_IBUF_inst/IBUFCTRL_INST/O
                         net (fo=1, unplaced)         0.197     0.413    u_cve2_core/cf_unit_i/u_ctrl/rst_ni_IBUF
                                                                      r  u_cve2_core/cf_unit_i/u_ctrl/core_busy_q_i_2/I0
                         LUT1 (Prop_LUT1_I0_O)        0.014     0.427 f  u_cve2_core/cf_unit_i/u_ctrl/core_busy_q_i_2/O
                         net (fo=4330, unplaced)      0.163     0.590    u_cve2_core/cf_unit_i/rst_ni
                         FDCE                                         f  u_cve2_core/cf_unit_i/ctx_act_scale_hi_reg[11]/CLR
  -------------------------------------------------------------------    -------------------

                         (clock clk_i rise edge)      0.000     0.000 r  
                                                      0.000     0.000 r  clk_i (IN)
                         net (fo=0)                   0.000     0.000    clk_i_IBUF_inst/I
                                                                      r  clk_i_IBUF_inst/INBUF_INST/PAD
                         INBUF (Prop_INBUF_PAD_O)     0.402     0.402 r  clk_i_IBUF_inst/INBUF_INST/O
                         net (fo=1, unplaced)         0.000     0.402    clk_i_IBUF_inst/OUT
                                                                      r  clk_i_IBUF_inst/IBUFCTRL_INST/I
                         IBUFCTRL (Prop_IBUFCTRL_I_O)
                                                      0.000     0.402 r  clk_i_IBUF_inst/IBUFCTRL_INST/O
                         net (fo=2, unplaced)         0.304     0.706    core_clock_gate_i/clk_i_IBUF
                                                                      r  core_clock_gate_i/clk_BUFG_inst_i_1/I0
                         LUT2 (Prop_LUT2_I0_O)        0.034     0.740 r  core_clock_gate_i/clk_BUFG_inst_i_1/O
                         net (fo=1, unplaced)         0.269     1.009    clk
                                                                      r  clk_BUFG_inst/I
                         BUFGCE (Prop_BUFGCE_I_O)     0.019     1.028 r  clk_BUFG_inst/O
                         net (fo=5360, unplaced)      1.259     2.287    u_cve2_core/cf_unit_i/clk_BUFG
                         FDCE                                         r  u_cve2_core/cf_unit_i/ctx_act_scale_hi_reg[11]/C

Slack:                    inf
  Source:                 rst_ni
                            (input port)
  Destination:            u_cve2_core/cf_unit_i/ctx_act_scale_hi_reg[12]/CLR
                            (removal check against rising-edge clock clk_i  {rise@0.000ns fall@4.000ns period=8.000ns})
  Path Group:             (none)
  Path Type:              Removal (Min at Fast Process Corner)
  Data Path Delay:        0.590ns  (logic 0.230ns (39.016%)  route 0.360ns (60.984%))
  Logic Levels:           3  (IBUFCTRL=1 INBUF=1 LUT1=1)
  Clock Path Skew:        2.287ns (DCD - SCD - CPR)
    Destination Clock Delay (DCD):    2.287ns
    Source Clock Delay      (SCD):    0.000ns
    Clock Pessimism Removal (CPR):    -0.000ns
  Timing Exception:       False Path

    Location             Delay type                Incr(ns)  Path(ns)    Netlist Resource(s)
  -------------------------------------------------------------------    -------------------
                                                      0.000     0.000 r  rst_ni (IN)
                         net (fo=0)                   0.000     0.000    rst_ni_IBUF_inst/I
                                                                      r  rst_ni_IBUF_inst/INBUF_INST/PAD
                         INBUF (Prop_INBUF_PAD_O)     0.216     0.216 r  rst_ni_IBUF_inst/INBUF_INST/O
                         net (fo=1, unplaced)         0.000     0.216    rst_ni_IBUF_inst/OUT
                                                                      r  rst_ni_IBUF_inst/IBUFCTRL_INST/I
                         IBUFCTRL (Prop_IBUFCTRL_I_O)
                                                      0.000     0.216 r  rst_ni_IBUF_inst/IBUFCTRL_INST/O
                         net (fo=1, unplaced)         0.197     0.413    u_cve2_core/cf_unit_i/u_ctrl/rst_ni_IBUF
                                                                      r  u_cve2_core/cf_unit_i/u_ctrl/core_busy_q_i_2/I0
                         LUT1 (Prop_LUT1_I0_O)        0.014     0.427 f  u_cve2_core/cf_unit_i/u_ctrl/core_busy_q_i_2/O
                         net (fo=4330, unplaced)      0.163     0.590    u_cve2_core/cf_unit_i/rst_ni
                         FDCE                                         f  u_cve2_core/cf_unit_i/ctx_act_scale_hi_reg[12]/CLR
  -------------------------------------------------------------------    -------------------

                         (clock clk_i rise edge)      0.000     0.000 r  
                                                      0.000     0.000 r  clk_i (IN)
                         net (fo=0)                   0.000     0.000    clk_i_IBUF_inst/I
                                                                      r  clk_i_IBUF_inst/INBUF_INST/PAD
                         INBUF (Prop_INBUF_PAD_O)     0.402     0.402 r  clk_i_IBUF_inst/INBUF_INST/O
                         net (fo=1, unplaced)         0.000     0.402    clk_i_IBUF_inst/OUT
                                                                      r  clk_i_IBUF_inst/IBUFCTRL_INST/I
                         IBUFCTRL (Prop_IBUFCTRL_I_O)
                                                      0.000     0.402 r  clk_i_IBUF_inst/IBUFCTRL_INST/O
                         net (fo=2, unplaced)         0.304     0.706    core_clock_gate_i/clk_i_IBUF
                                                                      r  core_clock_gate_i/clk_BUFG_inst_i_1/I0
                         LUT2 (Prop_LUT2_I0_O)        0.034     0.740 r  core_clock_gate_i/clk_BUFG_inst_i_1/O
                         net (fo=1, unplaced)         0.269     1.009    clk
                                                                      r  clk_BUFG_inst/I
                         BUFGCE (Prop_BUFGCE_I_O)     0.019     1.028 r  clk_BUFG_inst/O
                         net (fo=5360, unplaced)      1.259     2.287    u_cve2_core/cf_unit_i/clk_BUFG
                         FDCE                                         r  u_cve2_core/cf_unit_i/ctx_act_scale_hi_reg[12]/C

Slack:                    inf
  Source:                 rst_ni
                            (input port)
  Destination:            u_cve2_core/cf_unit_i/ctx_act_scale_hi_reg[13]/CLR
                            (removal check against rising-edge clock clk_i  {rise@0.000ns fall@4.000ns period=8.000ns})
  Path Group:             (none)
  Path Type:              Removal (Min at Fast Process Corner)
  Data Path Delay:        0.590ns  (logic 0.230ns (39.016%)  route 0.360ns (60.984%))
  Logic Levels:           3  (IBUFCTRL=1 INBUF=1 LUT1=1)
  Clock Path Skew:        2.287ns (DCD - SCD - CPR)
    Destination Clock Delay (DCD):    2.287ns
    Source Clock Delay      (SCD):    0.000ns
    Clock Pessimism Removal (CPR):    -0.000ns
  Timing Exception:       False Path

    Location             Delay type                Incr(ns)  Path(ns)    Netlist Resource(s)
  -------------------------------------------------------------------    -------------------
                                                      0.000     0.000 r  rst_ni (IN)
                         net (fo=0)                   0.000     0.000    rst_ni_IBUF_inst/I
                                                                      r  rst_ni_IBUF_inst/INBUF_INST/PAD
                         INBUF (Prop_INBUF_PAD_O)     0.216     0.216 r  rst_ni_IBUF_inst/INBUF_INST/O
                         net (fo=1, unplaced)         0.000     0.216    rst_ni_IBUF_inst/OUT
                                                                      r  rst_ni_IBUF_inst/IBUFCTRL_INST/I
                         IBUFCTRL (Prop_IBUFCTRL_I_O)
                                                      0.000     0.216 r  rst_ni_IBUF_inst/IBUFCTRL_INST/O
                         net (fo=1, unplaced)         0.197     0.413    u_cve2_core/cf_unit_i/u_ctrl/rst_ni_IBUF
                                                                      r  u_cve2_core/cf_unit_i/u_ctrl/core_busy_q_i_2/I0
                         LUT1 (Prop_LUT1_I0_O)        0.014     0.427 f  u_cve2_core/cf_unit_i/u_ctrl/core_busy_q_i_2/O
                         net (fo=4330, unplaced)      0.163     0.590    u_cve2_core/cf_unit_i/rst_ni
                         FDCE                                         f  u_cve2_core/cf_unit_i/ctx_act_scale_hi_reg[13]/CLR
  -------------------------------------------------------------------    -------------------

                         (clock clk_i rise edge)      0.000     0.000 r  
                                                      0.000     0.000 r  clk_i (IN)
                         net (fo=0)                   0.000     0.000    clk_i_IBUF_inst/I
                                                                      r  clk_i_IBUF_inst/INBUF_INST/PAD
                         INBUF (Prop_INBUF_PAD_O)     0.402     0.402 r  clk_i_IBUF_inst/INBUF_INST/O
                         net (fo=1, unplaced)         0.000     0.402    clk_i_IBUF_inst/OUT
                                                                      r  clk_i_IBUF_inst/IBUFCTRL_INST/I
                         IBUFCTRL (Prop_IBUFCTRL_I_O)
                                                      0.000     0.402 r  clk_i_IBUF_inst/IBUFCTRL_INST/O
                         net (fo=2, unplaced)         0.304     0.706    core_clock_gate_i/clk_i_IBUF
                                                                      r  core_clock_gate_i/clk_BUFG_inst_i_1/I0
                         LUT2 (Prop_LUT2_I0_O)        0.034     0.740 r  core_clock_gate_i/clk_BUFG_inst_i_1/O
                         net (fo=1, unplaced)         0.269     1.009    clk
                                                                      r  clk_BUFG_inst/I
                         BUFGCE (Prop_BUFGCE_I_O)     0.019     1.028 r  clk_BUFG_inst/O
                         net (fo=5360, unplaced)      1.259     2.287    u_cve2_core/cf_unit_i/clk_BUFG
                         FDCE                                         r  u_cve2_core/cf_unit_i/ctx_act_scale_hi_reg[13]/C

Slack:                    inf
  Source:                 rst_ni
                            (input port)
  Destination:            u_cve2_core/cf_unit_i/ctx_act_scale_hi_reg[14]/CLR
                            (removal check against rising-edge clock clk_i  {rise@0.000ns fall@4.000ns period=8.000ns})
  Path Group:             (none)
  Path Type:              Removal (Min at Fast Process Corner)
  Data Path Delay:        0.590ns  (logic 0.230ns (39.016%)  route 0.360ns (60.984%))
  Logic Levels:           3  (IBUFCTRL=1 INBUF=1 LUT1=1)
  Clock Path Skew:        2.287ns (DCD - SCD - CPR)
    Destination Clock Delay (DCD):    2.287ns
    Source Clock Delay      (SCD):    0.000ns
    Clock Pessimism Removal (CPR):    -0.000ns
  Timing Exception:       False Path

    Location             Delay type                Incr(ns)  Path(ns)    Netlist Resource(s)
  -------------------------------------------------------------------    -------------------
                                                      0.000     0.000 r  rst_ni (IN)
                         net (fo=0)                   0.000     0.000    rst_ni_IBUF_inst/I
                                                                      r  rst_ni_IBUF_inst/INBUF_INST/PAD
                         INBUF (Prop_INBUF_PAD_O)     0.216     0.216 r  rst_ni_IBUF_inst/INBUF_INST/O
                         net (fo=1, unplaced)         0.000     0.216    rst_ni_IBUF_inst/OUT
                                                                      r  rst_ni_IBUF_inst/IBUFCTRL_INST/I
                         IBUFCTRL (Prop_IBUFCTRL_I_O)
                                                      0.000     0.216 r  rst_ni_IBUF_inst/IBUFCTRL_INST/O
                         net (fo=1, unplaced)         0.197     0.413    u_cve2_core/cf_unit_i/u_ctrl/rst_ni_IBUF
                                                                      r  u_cve2_core/cf_unit_i/u_ctrl/core_busy_q_i_2/I0
                         LUT1 (Prop_LUT1_I0_O)        0.014     0.427 f  u_cve2_core/cf_unit_i/u_ctrl/core_busy_q_i_2/O
                         net (fo=4330, unplaced)      0.163     0.590    u_cve2_core/cf_unit_i/rst_ni
                         FDCE                                         f  u_cve2_core/cf_unit_i/ctx_act_scale_hi_reg[14]/CLR
  -------------------------------------------------------------------    -------------------

                         (clock clk_i rise edge)      0.000     0.000 r  
                                                      0.000     0.000 r  clk_i (IN)
                         net (fo=0)                   0.000     0.000    clk_i_IBUF_inst/I
                                                                      r  clk_i_IBUF_inst/INBUF_INST/PAD
                         INBUF (Prop_INBUF_PAD_O)     0.402     0.402 r  clk_i_IBUF_inst/INBUF_INST/O
                         net (fo=1, unplaced)         0.000     0.402    clk_i_IBUF_inst/OUT
                                                                      r  clk_i_IBUF_inst/IBUFCTRL_INST/I
                         IBUFCTRL (Prop_IBUFCTRL_I_O)
                                                      0.000     0.402 r  clk_i_IBUF_inst/IBUFCTRL_INST/O
                         net (fo=2, unplaced)         0.304     0.706    core_clock_gate_i/clk_i_IBUF
                                                                      r  core_clock_gate_i/clk_BUFG_inst_i_1/I0
                         LUT2 (Prop_LUT2_I0_O)        0.034     0.740 r  core_clock_gate_i/clk_BUFG_inst_i_1/O
                         net (fo=1, unplaced)         0.269     1.009    clk
                                                                      r  clk_BUFG_inst/I
                         BUFGCE (Prop_BUFGCE_I_O)     0.019     1.028 r  clk_BUFG_inst/O
                         net (fo=5360, unplaced)      1.259     2.287    u_cve2_core/cf_unit_i/clk_BUFG
                         FDCE                                         r  u_cve2_core/cf_unit_i/ctx_act_scale_hi_reg[14]/C

Slack:                    inf
  Source:                 rst_ni
                            (input port)
  Destination:            u_cve2_core/cf_unit_i/ctx_act_scale_hi_reg[15]/CLR
                            (removal check against rising-edge clock clk_i  {rise@0.000ns fall@4.000ns period=8.000ns})
  Path Group:             (none)
  Path Type:              Removal (Min at Fast Process Corner)
  Data Path Delay:        0.590ns  (logic 0.230ns (39.016%)  route 0.360ns (60.984%))
  Logic Levels:           3  (IBUFCTRL=1 INBUF=1 LUT1=1)
  Clock Path Skew:        2.287ns (DCD - SCD - CPR)
    Destination Clock Delay (DCD):    2.287ns
    Source Clock Delay      (SCD):    0.000ns
    Clock Pessimism Removal (CPR):    -0.000ns
  Timing Exception:       False Path

    Location             Delay type                Incr(ns)  Path(ns)    Netlist Resource(s)
  -------------------------------------------------------------------    -------------------
                                                      0.000     0.000 r  rst_ni (IN)
                         net (fo=0)                   0.000     0.000    rst_ni_IBUF_inst/I
                                                                      r  rst_ni_IBUF_inst/INBUF_INST/PAD
                         INBUF (Prop_INBUF_PAD_O)     0.216     0.216 r  rst_ni_IBUF_inst/INBUF_INST/O
                         net (fo=1, unplaced)         0.000     0.216    rst_ni_IBUF_inst/OUT
                                                                      r  rst_ni_IBUF_inst/IBUFCTRL_INST/I
                         IBUFCTRL (Prop_IBUFCTRL_I_O)
                                                      0.000     0.216 r  rst_ni_IBUF_inst/IBUFCTRL_INST/O
                         net (fo=1, unplaced)         0.197     0.413    u_cve2_core/cf_unit_i/u_ctrl/rst_ni_IBUF
                                                                      r  u_cve2_core/cf_unit_i/u_ctrl/core_busy_q_i_2/I0
                         LUT1 (Prop_LUT1_I0_O)        0.014     0.427 f  u_cve2_core/cf_unit_i/u_ctrl/core_busy_q_i_2/O
                         net (fo=4330, unplaced)      0.163     0.590    u_cve2_core/cf_unit_i/rst_ni
                         FDCE                                         f  u_cve2_core/cf_unit_i/ctx_act_scale_hi_reg[15]/CLR
  -------------------------------------------------------------------    -------------------

                         (clock clk_i rise edge)      0.000     0.000 r  
                                                      0.000     0.000 r  clk_i (IN)
                         net (fo=0)                   0.000     0.000    clk_i_IBUF_inst/I
                                                                      r  clk_i_IBUF_inst/INBUF_INST/PAD
                         INBUF (Prop_INBUF_PAD_O)     0.402     0.402 r  clk_i_IBUF_inst/INBUF_INST/O
                         net (fo=1, unplaced)         0.000     0.402    clk_i_IBUF_inst/OUT
                                                                      r  clk_i_IBUF_inst/IBUFCTRL_INST/I
                         IBUFCTRL (Prop_IBUFCTRL_I_O)
                                                      0.000     0.402 r  clk_i_IBUF_inst/IBUFCTRL_INST/O
                         net (fo=2, unplaced)         0.304     0.706    core_clock_gate_i/clk_i_IBUF
                                                                      r  core_clock_gate_i/clk_BUFG_inst_i_1/I0
                         LUT2 (Prop_LUT2_I0_O)        0.034     0.740 r  core_clock_gate_i/clk_BUFG_inst_i_1/O
                         net (fo=1, unplaced)         0.269     1.009    clk
                                                                      r  clk_BUFG_inst/I
                         BUFGCE (Prop_BUFGCE_I_O)     0.019     1.028 r  clk_BUFG_inst/O
                         net (fo=5360, unplaced)      1.259     2.287    u_cve2_core/cf_unit_i/clk_BUFG
                         FDCE                                         r  u_cve2_core/cf_unit_i/ctx_act_scale_hi_reg[15]/C





--------------------------------------------------------------------------------------
Path Group:  (none)
From Clock:  
  To Clock:  

Max Delay            98 Endpoints
Min Delay            98 Endpoints
--------------------------------------------------------------------------------------


Max Delay Paths
--------------------------------------------------------------------------------------
Slack:                    inf
  Source:                 irq_fast_i[8]
                            (input port)
  Destination:            instr_addr_o[2]
                            (output port)
  Path Group:             (none)
  Path Type:              Max at Slow Process Corner
  Data Path Delay:        5.115ns  (logic 2.059ns (40.253%)  route 3.056ns (59.747%))
  Logic Levels:           15  (IBUFCTRL=1 INBUF=1 LUT2=2 LUT3=1 LUT5=5 LUT6=4 OBUF=1)

    Location             Delay type                Incr(ns)  Path(ns)    Netlist Resource(s)
  -------------------------------------------------------------------    -------------------
                                                      0.000     0.000 r  irq_fast_i[8] (IN)
                         net (fo=0)                   0.000     0.000    irq_fast_i_IBUF[8]_inst/I
                                                                      r  irq_fast_i_IBUF[8]_inst/INBUF_INST/PAD
                         INBUF (Prop_INBUF_PAD_O)     0.582     0.582 r  irq_fast_i_IBUF[8]_inst/INBUF_INST/O
                         net (fo=1, unplaced)         0.000     0.582    irq_fast_i_IBUF[8]_inst/OUT
                                                                      r  irq_fast_i_IBUF[8]_inst/IBUFCTRL_INST/I
                         IBUFCTRL (Prop_IBUFCTRL_I_O)
                                                      0.000     0.582 r  irq_fast_i_IBUF[8]_inst/IBUFCTRL_INST/O
                         net (fo=6, unplaced)         0.425     1.007    u_cve2_core/cs_registers_i/u_mie_csr/irq_fast_i_IBUF[8]
                                                                      r  u_cve2_core/cs_registers_i/u_mie_csr/core_sleep_o_OBUF_inst_i_9/I1
                         LUT2 (Prop_LUT2_I1_O)        0.038     1.045 r  u_cve2_core/cs_registers_i/u_mie_csr/core_sleep_o_OBUF_inst_i_9/O
                         net (fo=1, unplaced)         0.186     1.231    u_cve2_core/cs_registers_i/u_mie_csr/irqs[irq_fast][8]
                                                                      r  u_cve2_core/cs_registers_i/u_mie_csr/core_sleep_o_OBUF_inst_i_3/I5
                         LUT6 (Prop_LUT6_I5_O)        0.038     1.269 r  u_cve2_core/cs_registers_i/u_mie_csr/core_sleep_o_OBUF_inst_i_3/O
                         net (fo=1, unplaced)         0.141     1.410    u_cve2_core/cs_registers_i/u_mie_csr/core_sleep_o_OBUF_inst_i_3_n_0
                                                                      r  u_cve2_core/cs_registers_i/u_mie_csr/core_sleep_o_OBUF_inst_i_2/I0
                         LUT5 (Prop_LUT5_I0_O)        0.100     1.510 r  u_cve2_core/cs_registers_i/u_mie_csr/core_sleep_o_OBUF_inst_i_2/O
                         net (fo=4, unplaced)         0.198     1.708    u_cve2_core/cs_registers_i/u_mie_csr/irq_pending
                                                                      r  u_cve2_core/cs_registers_i/u_mie_csr/ctrl_fsm_cs[1]_i_6/I1
                         LUT5 (Prop_LUT5_I1_O)        0.038     1.746 f  u_cve2_core/cs_registers_i/u_mie_csr/ctrl_fsm_cs[1]_i_6/O
                         net (fo=3, unplaced)         0.192     1.938    u_cve2_core/id_stage_i/controller_i/nmi_mode_q_reg_5
                                                                      f  u_cve2_core/id_stage_i/controller_i/nmi_mode_q_i_2/I4
                         LUT5 (Prop_LUT5_I4_O)        0.038     1.976 r  u_cve2_core/id_stage_i/controller_i/nmi_mode_q_i_2/O
                         net (fo=7, unplaced)         0.211     2.187    u_cve2_core/id_stage_i/controller_i/exc_cause[6]
                                                                      r  u_cve2_core/id_stage_i/controller_i/rdata_q[4]_i_4/I0
                         LUT3 (Prop_LUT3_I0_O)        0.038     2.225 r  u_cve2_core/id_stage_i/controller_i/rdata_q[4]_i_4/O
                         net (fo=6, unplaced)         0.208     2.433    u_cve2_core/cs_registers_i/u_mie_csr/instr_addr_o_OBUF[5]_inst_i_3_0
                                                                      r  u_cve2_core/cs_registers_i/u_mie_csr/rdata_q[1]_i_15/I1
                         LUT2 (Prop_LUT2_I1_O)        0.038     2.471 r  u_cve2_core/cs_registers_i/u_mie_csr/rdata_q[1]_i_15/O
                         net (fo=1, unplaced)         0.186     2.657    u_cve2_core/cs_registers_i/u_dcsr_csr/rdata_q[1]_i_2__0_3
                                                                      r  u_cve2_core/cs_registers_i/u_dcsr_csr/rdata_q[1]_i_7/I5
                         LUT6 (Prop_LUT6_I5_O)        0.038     2.695 r  u_cve2_core/cs_registers_i/u_dcsr_csr/rdata_q[1]_i_7/O
                         net (fo=2, unplaced)         0.186     2.881    u_cve2_core/cs_registers_i/u_dcsr_csr/instr_rdata_id_o_reg[20]_rep__0
                                                                      r  u_cve2_core/cs_registers_i/u_dcsr_csr/rdata_q[0]_i_2/I0
                         LUT5 (Prop_LUT5_I0_O)        0.038     2.919 r  u_cve2_core/cs_registers_i/u_dcsr_csr/rdata_q[0]_i_2/O
                         net (fo=2, unplaced)         0.186     3.105    u_cve2_core/id_stage_i/controller_i/rdata_q_reg[3]_1[0]
                                                                      r  u_cve2_core/id_stage_i/controller_i/instr_addr_o_OBUF[2]_inst_i_3/I2
                         LUT6 (Prop_LUT6_I2_O)        0.038     3.143 r  u_cve2_core/id_stage_i/controller_i/instr_addr_o_OBUF[2]_inst_i_3/O
                         net (fo=1, unplaced)         0.186     3.329    u_cve2_core/id_stage_i/controller_i/instr_addr_o_OBUF[2]_inst_i_3_n_0
                                                                      r  u_cve2_core/id_stage_i/controller_i/instr_addr_o_OBUF[2]_inst_i_2/I0
                         LUT6 (Prop_LUT6_I0_O)        0.038     3.367 r  u_cve2_core/id_stage_i/controller_i/instr_addr_o_OBUF[2]_inst_i_2/O
                         net (fo=4, unplaced)         0.198     3.565    u_cve2_core/if_stage_i/prefetch_buffer_i/fetch_addr_n[1]
                                                                      r  u_cve2_core/if_stage_i/prefetch_buffer_i/instr_addr_o_OBUF[2]_inst_i_1/I2
                         LUT5 (Prop_LUT5_I2_O)        0.038     3.603 r  u_cve2_core/if_stage_i/prefetch_buffer_i/instr_addr_o_OBUF[2]_inst_i_1/O
                         net (fo=2, unplaced)         0.553     4.156    instr_addr_o_OBUF[2]
                                                                      r  instr_addr_o_OBUF[2]_inst/I
                         OBUF (Prop_OBUF_I_O)         0.959     5.115 r  instr_addr_o_OBUF[2]_inst/O
                         net (fo=0)                   0.000     5.115    instr_addr_o[2]
                                                                      r  instr_addr_o[2] (OUT)
  -------------------------------------------------------------------    -------------------

Slack:                    inf
  Source:                 irq_fast_i[8]
                            (input port)
  Destination:            instr_addr_o[3]
                            (output port)
  Path Group:             (none)
  Path Type:              Max at Slow Process Corner
  Data Path Delay:        5.109ns  (logic 2.059ns (40.300%)  route 3.050ns (59.700%))
  Logic Levels:           15  (IBUFCTRL=1 INBUF=1 LUT2=2 LUT3=1 LUT5=4 LUT6=5 OBUF=1)

    Location             Delay type                Incr(ns)  Path(ns)    Netlist Resource(s)
  -------------------------------------------------------------------    -------------------
                                                      0.000     0.000 r  irq_fast_i[8] (IN)
                         net (fo=0)                   0.000     0.000    irq_fast_i_IBUF[8]_inst/I
                                                                      r  irq_fast_i_IBUF[8]_inst/INBUF_INST/PAD
                         INBUF (Prop_INBUF_PAD_O)     0.582     0.582 r  irq_fast_i_IBUF[8]_inst/INBUF_INST/O
                         net (fo=1, unplaced)         0.000     0.582    irq_fast_i_IBUF[8]_inst/OUT
                                                                      r  irq_fast_i_IBUF[8]_inst/IBUFCTRL_INST/I
                         IBUFCTRL (Prop_IBUFCTRL_I_O)
                                                      0.000     0.582 r  irq_fast_i_IBUF[8]_inst/IBUFCTRL_INST/O
                         net (fo=6, unplaced)         0.425     1.007    u_cve2_core/cs_registers_i/u_mie_csr/irq_fast_i_IBUF[8]
                                                                      r  u_cve2_core/cs_registers_i/u_mie_csr/core_sleep_o_OBUF_inst_i_9/I1
                         LUT2 (Prop_LUT2_I1_O)        0.038     1.045 r  u_cve2_core/cs_registers_i/u_mie_csr/core_sleep_o_OBUF_inst_i_9/O
                         net (fo=1, unplaced)         0.186     1.231    u_cve2_core/cs_registers_i/u_mie_csr/irqs[irq_fast][8]
                                                                      r  u_cve2_core/cs_registers_i/u_mie_csr/core_sleep_o_OBUF_inst_i_3/I5
                         LUT6 (Prop_LUT6_I5_O)        0.038     1.269 r  u_cve2_core/cs_registers_i/u_mie_csr/core_sleep_o_OBUF_inst_i_3/O
                         net (fo=1, unplaced)         0.141     1.410    u_cve2_core/cs_registers_i/u_mie_csr/core_sleep_o_OBUF_inst_i_3_n_0
                                                                      r  u_cve2_core/cs_registers_i/u_mie_csr/core_sleep_o_OBUF_inst_i_2/I0
                         LUT5 (Prop_LUT5_I0_O)        0.100     1.510 r  u_cve2_core/cs_registers_i/u_mie_csr/core_sleep_o_OBUF_inst_i_2/O
                         net (fo=4, unplaced)         0.198     1.708    u_cve2_core/cs_registers_i/u_mie_csr/irq_pending
                                                                      r  u_cve2_core/cs_registers_i/u_mie_csr/ctrl_fsm_cs[1]_i_6/I1
                         LUT5 (Prop_LUT5_I1_O)        0.038     1.746 f  u_cve2_core/cs_registers_i/u_mie_csr/ctrl_fsm_cs[1]_i_6/O
                         net (fo=3, unplaced)         0.192     1.938    u_cve2_core/id_stage_i/controller_i/nmi_mode_q_reg_5
                                                                      f  u_cve2_core/id_stage_i/controller_i/nmi_mode_q_i_2/I4
                         LUT5 (Prop_LUT5_I4_O)        0.038     1.976 r  u_cve2_core/id_stage_i/controller_i/nmi_mode_q_i_2/O
                         net (fo=7, unplaced)         0.211     2.187    u_cve2_core/id_stage_i/controller_i/exc_cause[6]
                                                                      r  u_cve2_core/id_stage_i/controller_i/rdata_q[4]_i_4/I0
                         LUT3 (Prop_LUT3_I0_O)        0.038     2.225 r  u_cve2_core/id_stage_i/controller_i/rdata_q[4]_i_4/O
                         net (fo=6, unplaced)         0.208     2.433    u_cve2_core/cs_registers_i/u_mie_csr/instr_addr_o_OBUF[5]_inst_i_3_0
                                                                      r  u_cve2_core/cs_registers_i/u_mie_csr/rdata_q[1]_i_15/I1
                         LUT2 (Prop_LUT2_I1_O)        0.038     2.471 r  u_cve2_core/cs_registers_i/u_mie_csr/rdata_q[1]_i_15/O
                         net (fo=1, unplaced)         0.186     2.657    u_cve2_core/cs_registers_i/u_dcsr_csr/rdata_q[1]_i_2__0_3
                                                                      r  u_cve2_core/cs_registers_i/u_dcsr_csr/rdata_q[1]_i_7/I5
                         LUT6 (Prop_LUT6_I5_O)        0.038     2.695 r  u_cve2_core/cs_registers_i/u_dcsr_csr/rdata_q[1]_i_7/O
                         net (fo=2, unplaced)         0.186     2.881    u_cve2_core/id_stage_i/controller_i/rdata_q_reg[1]_6
                                                                      r  u_cve2_core/id_stage_i/controller_i/rdata_q[1]_i_2__0/I5
                         LUT6 (Prop_LUT6_I5_O)        0.038     2.919 r  u_cve2_core/id_stage_i/controller_i/rdata_q[1]_i_2__0/O
                         net (fo=2, unplaced)         0.186     3.105    u_cve2_core/id_stage_i/controller_i/exc_cause[1]
                                                                      r  u_cve2_core/id_stage_i/controller_i/instr_addr_o_OBUF[3]_inst_i_3/I2
                         LUT6 (Prop_LUT6_I2_O)        0.038     3.143 r  u_cve2_core/id_stage_i/controller_i/instr_addr_o_OBUF[3]_inst_i_3/O
                         net (fo=1, unplaced)         0.186     3.329    u_cve2_core/id_stage_i/controller_i/instr_addr_o_OBUF[3]_inst_i_3_n_0
                                                                      r  u_cve2_core/id_stage_i/controller_i/instr_addr_o_OBUF[3]_inst_i_2/I0
                         LUT6 (Prop_LUT6_I0_O)        0.038     3.367 r  u_cve2_core/id_stage_i/controller_i/instr_addr_o_OBUF[3]_inst_i_2/O
                         net (fo=3, unplaced)         0.192     3.559    u_cve2_core/if_stage_i/prefetch_buffer_i/fetch_addr_n[2]
                                                                      r  u_cve2_core/if_stage_i/prefetch_buffer_i/instr_addr_o_OBUF[3]_inst_i_1/I2
                         LUT5 (Prop_LUT5_I2_O)        0.038     3.597 r  u_cve2_core/if_stage_i/prefetch_buffer_i/instr_addr_o_OBUF[3]_inst_i_1/O
                         net (fo=2, unplaced)         0.553     4.150    instr_addr_o_OBUF[3]
                                                                      r  instr_addr_o_OBUF[3]_inst/I
                         OBUF (Prop_OBUF_I_O)         0.959     5.109 r  instr_addr_o_OBUF[3]_inst/O
                         net (fo=0)                   0.000     5.109    instr_addr_o[3]
                                                                      r  instr_addr_o[3] (OUT)
  -------------------------------------------------------------------    -------------------

Slack:                    inf
  Source:                 data_err_i
                            (input port)
  Destination:            data_wdata_o[0]
                            (output port)
  Path Group:             (none)
  Path Type:              Max at Slow Process Corner
  Data Path Delay:        4.691ns  (logic 2.059ns (43.891%)  route 2.632ns (56.109%))
  Logic Levels:           12  (IBUFCTRL=1 INBUF=1 LUT3=1 LUT5=6 LUT6=2 OBUF=1)

    Location             Delay type                Incr(ns)  Path(ns)    Netlist Resource(s)
  -------------------------------------------------------------------    -------------------
                                                      0.000     0.000 r  data_err_i (IN)
                         net (fo=0)                   0.000     0.000    data_err_i_IBUF_inst/I
                                                                      r  data_err_i_IBUF_inst/INBUF_INST/PAD
                         INBUF (Prop_INBUF_PAD_O)     0.582     0.582 r  data_err_i_IBUF_inst/INBUF_INST/O
                         net (fo=1, unplaced)         0.000     0.582    data_err_i_IBUF_inst/OUT
                                                                      r  data_err_i_IBUF_inst/IBUFCTRL_INST/I
                         IBUFCTRL (Prop_IBUFCTRL_I_O)
                                                      0.000     0.582 r  data_err_i_IBUF_inst/IBUFCTRL_INST/O
                         net (fo=8, unplaced)         0.480     1.062    u_cve2_core/vec_unit_i/i_vrf/data_err_i_IBUF
                                                                      r  u_cve2_core/vec_unit_i/i_vrf/FSM_sequential_state_q[1]_i_10/I0
                         LUT3 (Prop_LUT3_I0_O)        0.090     1.152 r  u_cve2_core/vec_unit_i/i_vrf/FSM_sequential_state_q[1]_i_10/O
                         net (fo=5, unplaced)         0.204     1.356    u_cve2_core/vec_unit_i/i_vrf/req_valid_q_reg
                                                                      r  u_cve2_core/vec_unit_i/i_vrf/vrf_mem_reg_1_bram_0_i_91/I0
                         LUT5 (Prop_LUT5_I0_O)        0.070     1.426 r  u_cve2_core/vec_unit_i/i_vrf/vrf_mem_reg_1_bram_0_i_91/O
                         net (fo=2, unplaced)         0.186     1.612    u_cve2_core/vec_unit_i/i_vrf/vrf_mem_reg_1_bram_0_i_91_n_0
                                                                      r  u_cve2_core/vec_unit_i/i_vrf/vrf_mem_reg_1_bram_0_i_55/I1
                         LUT5 (Prop_LUT5_I1_O)        0.038     1.650 r  u_cve2_core/vec_unit_i/i_vrf/vrf_mem_reg_1_bram_0_i_55/O
                         net (fo=58, unplaced)        0.210     1.860    u_cve2_core/vec_unit_i/i_vrf/FSM_sequential_state_q_reg[0]_3
                                                                      r  u_cve2_core/vec_unit_i/i_vrf/vrf_mem_reg_1_bram_0_i_184/I4
                         LUT6 (Prop_LUT6_I4_O)        0.053     1.913 r  u_cve2_core/vec_unit_i/i_vrf/vrf_mem_reg_1_bram_0_i_184/O
                         net (fo=1, unplaced)         0.141     2.054    u_cve2_core/vec_unit_i/i_vrf/vrf_mem_reg_1_bram_0_i_184_n_0
                                                                      r  u_cve2_core/vec_unit_i/i_vrf/vrf_mem_reg_1_bram_0_i_97/I0
                         LUT5 (Prop_LUT5_I0_O)        0.100     2.154 r  u_cve2_core/vec_unit_i/i_vrf/vrf_mem_reg_1_bram_0_i_97/O
                         net (fo=2, unplaced)         0.137     2.291    u_cve2_core/vec_unit_i/i_vrf/vrf_mem_reg_1_bram_0_i_97_n_0
                                                                      r  u_cve2_core/vec_unit_i/i_vrf/vrf_mem_reg_1_bram_0_i_59/I4
                         LUT6 (Prop_LUT6_I4_O)        0.053     2.344 f  u_cve2_core/vec_unit_i/i_vrf/vrf_mem_reg_1_bram_0_i_59/O
                         net (fo=14, unplaced)        0.227     2.571    u_cve2_core/vec_unit_i/i_vrf/vrf_mem_reg_1_bram_0_i_59_n_0
                                                                      f  u_cve2_core/vec_unit_i/i_vrf/data_addr_o_OBUF[31]_inst_i_3/I0
                         LUT5 (Prop_LUT5_I0_O)        0.038     2.609 r  u_cve2_core/vec_unit_i/i_vrf/data_addr_o_OBUF[31]_inst_i_3/O
                         net (fo=36, unplaced)        0.248     2.857    u_cve2_core/vec_unit_i/i_vrf/FSM_sequential_state_q_reg[0]
                                                                      r  u_cve2_core/vec_unit_i/i_vrf/data_we_o_OBUF_inst_i_2/I4
                         LUT5 (Prop_LUT5_I4_O)        0.038     2.895 r  u_cve2_core/vec_unit_i/i_vrf/data_we_o_OBUF_inst_i_2/O
                         net (fo=33, unplaced)        0.246     3.141    u_cve2_core/vec_unit_i/i_vrf/vec_data_we
                                                                      r  u_cve2_core/vec_unit_i/i_vrf/data_wdata_o_OBUF[0]_inst_i_1/I2
                         LUT5 (Prop_LUT5_I2_O)        0.038     3.179 r  u_cve2_core/vec_unit_i/i_vrf/data_wdata_o_OBUF[0]_inst_i_1/O
                         net (fo=1, unplaced)         0.553     3.732    data_wdata_o_OBUF[0]
                                                                      r  data_wdata_o_OBUF[0]_inst/I
                         OBUF (Prop_OBUF_I_O)         0.959     4.691 r  data_wdata_o_OBUF[0]_inst/O
                         net (fo=0)                   0.000     4.691    data_wdata_o[0]
                                                                      r  data_wdata_o[0] (OUT)
  -------------------------------------------------------------------    -------------------

Slack:                    inf
  Source:                 data_err_i
                            (input port)
  Destination:            data_wdata_o[10]
                            (output port)
  Path Group:             (none)
  Path Type:              Max at Slow Process Corner
  Data Path Delay:        4.691ns  (logic 2.059ns (43.891%)  route 2.632ns (56.109%))
  Logic Levels:           12  (IBUFCTRL=1 INBUF=1 LUT3=1 LUT5=6 LUT6=2 OBUF=1)

    Location             Delay type                Incr(ns)  Path(ns)    Netlist Resource(s)
  -------------------------------------------------------------------    -------------------
                                                      0.000     0.000 r  data_err_i (IN)
                         net (fo=0)                   0.000     0.000    data_err_i_IBUF_inst/I
                                                                      r  data_err_i_IBUF_inst/INBUF_INST/PAD
                         INBUF (Prop_INBUF_PAD_O)     0.582     0.582 r  data_err_i_IBUF_inst/INBUF_INST/O
                         net (fo=1, unplaced)         0.000     0.582    data_err_i_IBUF_inst/OUT
                                                                      r  data_err_i_IBUF_inst/IBUFCTRL_INST/I
                         IBUFCTRL (Prop_IBUFCTRL_I_O)
                                                      0.000     0.582 r  data_err_i_IBUF_inst/IBUFCTRL_INST/O
                         net (fo=8, unplaced)         0.480     1.062    u_cve2_core/vec_unit_i/i_vrf/data_err_i_IBUF
                                                                      r  u_cve2_core/vec_unit_i/i_vrf/FSM_sequential_state_q[1]_i_10/I0
                         LUT3 (Prop_LUT3_I0_O)        0.090     1.152 r  u_cve2_core/vec_unit_i/i_vrf/FSM_sequential_state_q[1]_i_10/O
                         net (fo=5, unplaced)         0.204     1.356    u_cve2_core/vec_unit_i/i_vrf/req_valid_q_reg
                                                                      r  u_cve2_core/vec_unit_i/i_vrf/vrf_mem_reg_1_bram_0_i_91/I0
                         LUT5 (Prop_LUT5_I0_O)        0.070     1.426 r  u_cve2_core/vec_unit_i/i_vrf/vrf_mem_reg_1_bram_0_i_91/O
                         net (fo=2, unplaced)         0.186     1.612    u_cve2_core/vec_unit_i/i_vrf/vrf_mem_reg_1_bram_0_i_91_n_0
                                                                      r  u_cve2_core/vec_unit_i/i_vrf/vrf_mem_reg_1_bram_0_i_55/I1
                         LUT5 (Prop_LUT5_I1_O)        0.038     1.650 r  u_cve2_core/vec_unit_i/i_vrf/vrf_mem_reg_1_bram_0_i_55/O
                         net (fo=58, unplaced)        0.210     1.860    u_cve2_core/vec_unit_i/i_vrf/FSM_sequential_state_q_reg[0]_3
                                                                      r  u_cve2_core/vec_unit_i/i_vrf/vrf_mem_reg_1_bram_0_i_184/I4
                         LUT6 (Prop_LUT6_I4_O)        0.053     1.913 r  u_cve2_core/vec_unit_i/i_vrf/vrf_mem_reg_1_bram_0_i_184/O
                         net (fo=1, unplaced)         0.141     2.054    u_cve2_core/vec_unit_i/i_vrf/vrf_mem_reg_1_bram_0_i_184_n_0
                                                                      r  u_cve2_core/vec_unit_i/i_vrf/vrf_mem_reg_1_bram_0_i_97/I0
                         LUT5 (Prop_LUT5_I0_O)        0.100     2.154 r  u_cve2_core/vec_unit_i/i_vrf/vrf_mem_reg_1_bram_0_i_97/O
                         net (fo=2, unplaced)         0.137     2.291    u_cve2_core/vec_unit_i/i_vrf/vrf_mem_reg_1_bram_0_i_97_n_0
                                                                      r  u_cve2_core/vec_unit_i/i_vrf/vrf_mem_reg_1_bram_0_i_59/I4
                         LUT6 (Prop_LUT6_I4_O)        0.053     2.344 f  u_cve2_core/vec_unit_i/i_vrf/vrf_mem_reg_1_bram_0_i_59/O
                         net (fo=14, unplaced)        0.227     2.571    u_cve2_core/vec_unit_i/i_vrf/vrf_mem_reg_1_bram_0_i_59_n_0
                                                                      f  u_cve2_core/vec_unit_i/i_vrf/data_addr_o_OBUF[31]_inst_i_3/I0
                         LUT5 (Prop_LUT5_I0_O)        0.038     2.609 r  u_cve2_core/vec_unit_i/i_vrf/data_addr_o_OBUF[31]_inst_i_3/O
                         net (fo=36, unplaced)        0.248     2.857    u_cve2_core/vec_unit_i/i_vrf/FSM_sequential_state_q_reg[0]
                                                                      r  u_cve2_core/vec_unit_i/i_vrf/data_we_o_OBUF_inst_i_2/I4
                         LUT5 (Prop_LUT5_I4_O)        0.038     2.895 r  u_cve2_core/vec_unit_i/i_vrf/data_we_o_OBUF_inst_i_2/O
                         net (fo=33, unplaced)        0.246     3.141    u_cve2_core/vec_unit_i/i_vrf/vec_data_we
                                                                      r  u_cve2_core/vec_unit_i/i_vrf/data_wdata_o_OBUF[10]_inst_i_1/I2
                         LUT5 (Prop_LUT5_I2_O)        0.038     3.179 r  u_cve2_core/vec_unit_i/i_vrf/data_wdata_o_OBUF[10]_inst_i_1/O
                         net (fo=1, unplaced)         0.553     3.732    data_wdata_o_OBUF[10]
                                                                      r  data_wdata_o_OBUF[10]_inst/I
                         OBUF (Prop_OBUF_I_O)         0.959     4.691 r  data_wdata_o_OBUF[10]_inst/O
                         net (fo=0)                   0.000     4.691    data_wdata_o[10]
                                                                      r  data_wdata_o[10] (OUT)
  -------------------------------------------------------------------    -------------------

Slack:                    inf
  Source:                 data_err_i
                            (input port)
  Destination:            data_wdata_o[11]
                            (output port)
  Path Group:             (none)
  Path Type:              Max at Slow Process Corner
  Data Path Delay:        4.691ns  (logic 2.059ns (43.891%)  route 2.632ns (56.109%))
  Logic Levels:           12  (IBUFCTRL=1 INBUF=1 LUT3=1 LUT5=6 LUT6=2 OBUF=1)

    Location             Delay type                Incr(ns)  Path(ns)    Netlist Resource(s)
  -------------------------------------------------------------------    -------------------
                                                      0.000     0.000 r  data_err_i (IN)
                         net (fo=0)                   0.000     0.000    data_err_i_IBUF_inst/I
                                                                      r  data_err_i_IBUF_inst/INBUF_INST/PAD
                         INBUF (Prop_INBUF_PAD_O)     0.582     0.582 r  data_err_i_IBUF_inst/INBUF_INST/O
                         net (fo=1, unplaced)         0.000     0.582    data_err_i_IBUF_inst/OUT
                                                                      r  data_err_i_IBUF_inst/IBUFCTRL_INST/I
                         IBUFCTRL (Prop_IBUFCTRL_I_O)
                                                      0.000     0.582 r  data_err_i_IBUF_inst/IBUFCTRL_INST/O
                         net (fo=8, unplaced)         0.480     1.062    u_cve2_core/vec_unit_i/i_vrf/data_err_i_IBUF
                                                                      r  u_cve2_core/vec_unit_i/i_vrf/FSM_sequential_state_q[1]_i_10/I0
                         LUT3 (Prop_LUT3_I0_O)        0.090     1.152 r  u_cve2_core/vec_unit_i/i_vrf/FSM_sequential_state_q[1]_i_10/O
                         net (fo=5, unplaced)         0.204     1.356    u_cve2_core/vec_unit_i/i_vrf/req_valid_q_reg
                                                                      r  u_cve2_core/vec_unit_i/i_vrf/vrf_mem_reg_1_bram_0_i_91/I0
                         LUT5 (Prop_LUT5_I0_O)        0.070     1.426 r  u_cve2_core/vec_unit_i/i_vrf/vrf_mem_reg_1_bram_0_i_91/O
                         net (fo=2, unplaced)         0.186     1.612    u_cve2_core/vec_unit_i/i_vrf/vrf_mem_reg_1_bram_0_i_91_n_0
                                                                      r  u_cve2_core/vec_unit_i/i_vrf/vrf_mem_reg_1_bram_0_i_55/I1
                         LUT5 (Prop_LUT5_I1_O)        0.038     1.650 r  u_cve2_core/vec_unit_i/i_vrf/vrf_mem_reg_1_bram_0_i_55/O
                         net (fo=58, unplaced)        0.210     1.860    u_cve2_core/vec_unit_i/i_vrf/FSM_sequential_state_q_reg[0]_3
                                                                      r  u_cve2_core/vec_unit_i/i_vrf/vrf_mem_reg_1_bram_0_i_184/I4
                         LUT6 (Prop_LUT6_I4_O)        0.053     1.913 r  u_cve2_core/vec_unit_i/i_vrf/vrf_mem_reg_1_bram_0_i_184/O
                         net (fo=1, unplaced)         0.141     2.054    u_cve2_core/vec_unit_i/i_vrf/vrf_mem_reg_1_bram_0_i_184_n_0
                                                                      r  u_cve2_core/vec_unit_i/i_vrf/vrf_mem_reg_1_bram_0_i_97/I0
                         LUT5 (Prop_LUT5_I0_O)        0.100     2.154 r  u_cve2_core/vec_unit_i/i_vrf/vrf_mem_reg_1_bram_0_i_97/O
                         net (fo=2, unplaced)         0.137     2.291    u_cve2_core/vec_unit_i/i_vrf/vrf_mem_reg_1_bram_0_i_97_n_0
                                                                      r  u_cve2_core/vec_unit_i/i_vrf/vrf_mem_reg_1_bram_0_i_59/I4
                         LUT6 (Prop_LUT6_I4_O)        0.053     2.344 f  u_cve2_core/vec_unit_i/i_vrf/vrf_mem_reg_1_bram_0_i_59/O
                         net (fo=14, unplaced)        0.227     2.571    u_cve2_core/vec_unit_i/i_vrf/vrf_mem_reg_1_bram_0_i_59_n_0
                                                                      f  u_cve2_core/vec_unit_i/i_vrf/data_addr_o_OBUF[31]_inst_i_3/I0
                         LUT5 (Prop_LUT5_I0_O)        0.038     2.609 r  u_cve2_core/vec_unit_i/i_vrf/data_addr_o_OBUF[31]_inst_i_3/O
                         net (fo=36, unplaced)        0.248     2.857    u_cve2_core/vec_unit_i/i_vrf/FSM_sequential_state_q_reg[0]
                                                                      r  u_cve2_core/vec_unit_i/i_vrf/data_we_o_OBUF_inst_i_2/I4
                         LUT5 (Prop_LUT5_I4_O)        0.038     2.895 r  u_cve2_core/vec_unit_i/i_vrf/data_we_o_OBUF_inst_i_2/O
                         net (fo=33, unplaced)        0.246     3.141    u_cve2_core/vec_unit_i/i_vrf/vec_data_we
                                                                      r  u_cve2_core/vec_unit_i/i_vrf/data_wdata_o_OBUF[11]_inst_i_1/I2
                         LUT5 (Prop_LUT5_I2_O)        0.038     3.179 r  u_cve2_core/vec_unit_i/i_vrf/data_wdata_o_OBUF[11]_inst_i_1/O
                         net (fo=1, unplaced)         0.553     3.732    data_wdata_o_OBUF[11]
                                                                      r  data_wdata_o_OBUF[11]_inst/I
                         OBUF (Prop_OBUF_I_O)         0.959     4.691 r  data_wdata_o_OBUF[11]_inst/O
                         net (fo=0)                   0.000     4.691    data_wdata_o[11]
                                                                      r  data_wdata_o[11] (OUT)
  -------------------------------------------------------------------    -------------------

Slack:                    inf
  Source:                 data_err_i
                            (input port)
  Destination:            data_wdata_o[12]
                            (output port)
  Path Group:             (none)
  Path Type:              Max at Slow Process Corner
  Data Path Delay:        4.691ns  (logic 2.059ns (43.891%)  route 2.632ns (56.109%))
  Logic Levels:           12  (IBUFCTRL=1 INBUF=1 LUT3=1 LUT5=6 LUT6=2 OBUF=1)

    Location             Delay type                Incr(ns)  Path(ns)    Netlist Resource(s)
  -------------------------------------------------------------------    -------------------
                                                      0.000     0.000 r  data_err_i (IN)
                         net (fo=0)                   0.000     0.000    data_err_i_IBUF_inst/I
                                                                      r  data_err_i_IBUF_inst/INBUF_INST/PAD
                         INBUF (Prop_INBUF_PAD_O)     0.582     0.582 r  data_err_i_IBUF_inst/INBUF_INST/O
                         net (fo=1, unplaced)         0.000     0.582    data_err_i_IBUF_inst/OUT
                                                                      r  data_err_i_IBUF_inst/IBUFCTRL_INST/I
                         IBUFCTRL (Prop_IBUFCTRL_I_O)
                                                      0.000     0.582 r  data_err_i_IBUF_inst/IBUFCTRL_INST/O
                         net (fo=8, unplaced)         0.480     1.062    u_cve2_core/vec_unit_i/i_vrf/data_err_i_IBUF
                                                                      r  u_cve2_core/vec_unit_i/i_vrf/FSM_sequential_state_q[1]_i_10/I0
                         LUT3 (Prop_LUT3_I0_O)        0.090     1.152 r  u_cve2_core/vec_unit_i/i_vrf/FSM_sequential_state_q[1]_i_10/O
                         net (fo=5, unplaced)         0.204     1.356    u_cve2_core/vec_unit_i/i_vrf/req_valid_q_reg
                                                                      r  u_cve2_core/vec_unit_i/i_vrf/vrf_mem_reg_1_bram_0_i_91/I0
                         LUT5 (Prop_LUT5_I0_O)        0.070     1.426 r  u_cve2_core/vec_unit_i/i_vrf/vrf_mem_reg_1_bram_0_i_91/O
                         net (fo=2, unplaced)         0.186     1.612    u_cve2_core/vec_unit_i/i_vrf/vrf_mem_reg_1_bram_0_i_91_n_0
                                                                      r  u_cve2_core/vec_unit_i/i_vrf/vrf_mem_reg_1_bram_0_i_55/I1
                         LUT5 (Prop_LUT5_I1_O)        0.038     1.650 r  u_cve2_core/vec_unit_i/i_vrf/vrf_mem_reg_1_bram_0_i_55/O
                         net (fo=58, unplaced)        0.210     1.860    u_cve2_core/vec_unit_i/i_vrf/FSM_sequential_state_q_reg[0]_3
                                                                      r  u_cve2_core/vec_unit_i/i_vrf/vrf_mem_reg_1_bram_0_i_184/I4
                         LUT6 (Prop_LUT6_I4_O)        0.053     1.913 r  u_cve2_core/vec_unit_i/i_vrf/vrf_mem_reg_1_bram_0_i_184/O
                         net (fo=1, unplaced)         0.141     2.054    u_cve2_core/vec_unit_i/i_vrf/vrf_mem_reg_1_bram_0_i_184_n_0
                                                                      r  u_cve2_core/vec_unit_i/i_vrf/vrf_mem_reg_1_bram_0_i_97/I0
                         LUT5 (Prop_LUT5_I0_O)        0.100     2.154 r  u_cve2_core/vec_unit_i/i_vrf/vrf_mem_reg_1_bram_0_i_97/O
                         net (fo=2, unplaced)         0.137     2.291    u_cve2_core/vec_unit_i/i_vrf/vrf_mem_reg_1_bram_0_i_97_n_0
                                                                      r  u_cve2_core/vec_unit_i/i_vrf/vrf_mem_reg_1_bram_0_i_59/I4
                         LUT6 (Prop_LUT6_I4_O)        0.053     2.344 f  u_cve2_core/vec_unit_i/i_vrf/vrf_mem_reg_1_bram_0_i_59/O
                         net (fo=14, unplaced)        0.227     2.571    u_cve2_core/vec_unit_i/i_vrf/vrf_mem_reg_1_bram_0_i_59_n_0
                                                                      f  u_cve2_core/vec_unit_i/i_vrf/data_addr_o_OBUF[31]_inst_i_3/I0
                         LUT5 (Prop_LUT5_I0_O)        0.038     2.609 r  u_cve2_core/vec_unit_i/i_vrf/data_addr_o_OBUF[31]_inst_i_3/O
                         net (fo=36, unplaced)        0.248     2.857    u_cve2_core/vec_unit_i/i_vrf/FSM_sequential_state_q_reg[0]
                                                                      r  u_cve2_core/vec_unit_i/i_vrf/data_we_o_OBUF_inst_i_2/I4
                         LUT5 (Prop_LUT5_I4_O)        0.038     2.895 r  u_cve2_core/vec_unit_i/i_vrf/data_we_o_OBUF_inst_i_2/O
                         net (fo=33, unplaced)        0.246     3.141    u_cve2_core/vec_unit_i/i_vrf/vec_data_we
                                                                      r  u_cve2_core/vec_unit_i/i_vrf/data_wdata_o_OBUF[12]_inst_i_1/I2
                         LUT5 (Prop_LUT5_I2_O)        0.038     3.179 r  u_cve2_core/vec_unit_i/i_vrf/data_wdata_o_OBUF[12]_inst_i_1/O
                         net (fo=1, unplaced)         0.553     3.732    data_wdata_o_OBUF[12]
                                                                      r  data_wdata_o_OBUF[12]_inst/I
                         OBUF (Prop_OBUF_I_O)         0.959     4.691 r  data_wdata_o_OBUF[12]_inst/O
                         net (fo=0)                   0.000     4.691    data_wdata_o[12]
                                                                      r  data_wdata_o[12] (OUT)
  -------------------------------------------------------------------    -------------------

Slack:                    inf
  Source:                 data_err_i
                            (input port)
  Destination:            data_wdata_o[13]
                            (output port)
  Path Group:             (none)
  Path Type:              Max at Slow Process Corner
  Data Path Delay:        4.691ns  (logic 2.059ns (43.891%)  route 2.632ns (56.109%))
  Logic Levels:           12  (IBUFCTRL=1 INBUF=1 LUT3=1 LUT5=6 LUT6=2 OBUF=1)

    Location             Delay type                Incr(ns)  Path(ns)    Netlist Resource(s)
  -------------------------------------------------------------------    -------------------
                                                      0.000     0.000 r  data_err_i (IN)
                         net (fo=0)                   0.000     0.000    data_err_i_IBUF_inst/I
                                                                      r  data_err_i_IBUF_inst/INBUF_INST/PAD
                         INBUF (Prop_INBUF_PAD_O)     0.582     0.582 r  data_err_i_IBUF_inst/INBUF_INST/O
                         net (fo=1, unplaced)         0.000     0.582    data_err_i_IBUF_inst/OUT
                                                                      r  data_err_i_IBUF_inst/IBUFCTRL_INST/I
                         IBUFCTRL (Prop_IBUFCTRL_I_O)
                                                      0.000     0.582 r  data_err_i_IBUF_inst/IBUFCTRL_INST/O
                         net (fo=8, unplaced)         0.480     1.062    u_cve2_core/vec_unit_i/i_vrf/data_err_i_IBUF
                                                                      r  u_cve2_core/vec_unit_i/i_vrf/FSM_sequential_state_q[1]_i_10/I0
                         LUT3 (Prop_LUT3_I0_O)        0.090     1.152 r  u_cve2_core/vec_unit_i/i_vrf/FSM_sequential_state_q[1]_i_10/O
                         net (fo=5, unplaced)         0.204     1.356    u_cve2_core/vec_unit_i/i_vrf/req_valid_q_reg
                                                                      r  u_cve2_core/vec_unit_i/i_vrf/vrf_mem_reg_1_bram_0_i_91/I0
                         LUT5 (Prop_LUT5_I0_O)        0.070     1.426 r  u_cve2_core/vec_unit_i/i_vrf/vrf_mem_reg_1_bram_0_i_91/O
                         net (fo=2, unplaced)         0.186     1.612    u_cve2_core/vec_unit_i/i_vrf/vrf_mem_reg_1_bram_0_i_91_n_0
                                                                      r  u_cve2_core/vec_unit_i/i_vrf/vrf_mem_reg_1_bram_0_i_55/I1
                         LUT5 (Prop_LUT5_I1_O)        0.038     1.650 r  u_cve2_core/vec_unit_i/i_vrf/vrf_mem_reg_1_bram_0_i_55/O
                         net (fo=58, unplaced)        0.210     1.860    u_cve2_core/vec_unit_i/i_vrf/FSM_sequential_state_q_reg[0]_3
                                                                      r  u_cve2_core/vec_unit_i/i_vrf/vrf_mem_reg_1_bram_0_i_184/I4
                         LUT6 (Prop_LUT6_I4_O)        0.053     1.913 r  u_cve2_core/vec_unit_i/i_vrf/vrf_mem_reg_1_bram_0_i_184/O
                         net (fo=1, unplaced)         0.141     2.054    u_cve2_core/vec_unit_i/i_vrf/vrf_mem_reg_1_bram_0_i_184_n_0
                                                                      r  u_cve2_core/vec_unit_i/i_vrf/vrf_mem_reg_1_bram_0_i_97/I0
                         LUT5 (Prop_LUT5_I0_O)        0.100     2.154 r  u_cve2_core/vec_unit_i/i_vrf/vrf_mem_reg_1_bram_0_i_97/O
                         net (fo=2, unplaced)         0.137     2.291    u_cve2_core/vec_unit_i/i_vrf/vrf_mem_reg_1_bram_0_i_97_n_0
                                                                      r  u_cve2_core/vec_unit_i/i_vrf/vrf_mem_reg_1_bram_0_i_59/I4
                         LUT6 (Prop_LUT6_I4_O)        0.053     2.344 f  u_cve2_core/vec_unit_i/i_vrf/vrf_mem_reg_1_bram_0_i_59/O
                         net (fo=14, unplaced)        0.227     2.571    u_cve2_core/vec_unit_i/i_vrf/vrf_mem_reg_1_bram_0_i_59_n_0
                                                                      f  u_cve2_core/vec_unit_i/i_vrf/data_addr_o_OBUF[31]_inst_i_3/I0
                         LUT5 (Prop_LUT5_I0_O)        0.038     2.609 r  u_cve2_core/vec_unit_i/i_vrf/data_addr_o_OBUF[31]_inst_i_3/O
                         net (fo=36, unplaced)        0.248     2.857    u_cve2_core/vec_unit_i/i_vrf/FSM_sequential_state_q_reg[0]
                                                                      r  u_cve2_core/vec_unit_i/i_vrf/data_we_o_OBUF_inst_i_2/I4
                         LUT5 (Prop_LUT5_I4_O)        0.038     2.895 r  u_cve2_core/vec_unit_i/i_vrf/data_we_o_OBUF_inst_i_2/O
                         net (fo=33, unplaced)        0.246     3.141    u_cve2_core/vec_unit_i/i_vrf/vec_data_we
                                                                      r  u_cve2_core/vec_unit_i/i_vrf/data_wdata_o_OBUF[13]_inst_i_1/I2
                         LUT5 (Prop_LUT5_I2_O)        0.038     3.179 r  u_cve2_core/vec_unit_i/i_vrf/data_wdata_o_OBUF[13]_inst_i_1/O
                         net (fo=1, unplaced)         0.553     3.732    data_wdata_o_OBUF[13]
                                                                      r  data_wdata_o_OBUF[13]_inst/I
                         OBUF (Prop_OBUF_I_O)         0.959     4.691 r  data_wdata_o_OBUF[13]_inst/O
                         net (fo=0)                   0.000     4.691    data_wdata_o[13]
                                                                      r  data_wdata_o[13] (OUT)
  -------------------------------------------------------------------    -------------------

Slack:                    inf
  Source:                 data_err_i
                            (input port)
  Destination:            data_wdata_o[14]
                            (output port)
  Path Group:             (none)
  Path Type:              Max at Slow Process Corner
  Data Path Delay:        4.691ns  (logic 2.059ns (43.891%)  route 2.632ns (56.109%))
  Logic Levels:           12  (IBUFCTRL=1 INBUF=1 LUT3=1 LUT5=6 LUT6=2 OBUF=1)

    Location             Delay type                Incr(ns)  Path(ns)    Netlist Resource(s)
  -------------------------------------------------------------------    -------------------
                                                      0.000     0.000 r  data_err_i (IN)
                         net (fo=0)                   0.000     0.000    data_err_i_IBUF_inst/I
                                                                      r  data_err_i_IBUF_inst/INBUF_INST/PAD
                         INBUF (Prop_INBUF_PAD_O)     0.582     0.582 r  data_err_i_IBUF_inst/INBUF_INST/O
                         net (fo=1, unplaced)         0.000     0.582    data_err_i_IBUF_inst/OUT
                                                                      r  data_err_i_IBUF_inst/IBUFCTRL_INST/I
                         IBUFCTRL (Prop_IBUFCTRL_I_O)
                                                      0.000     0.582 r  data_err_i_IBUF_inst/IBUFCTRL_INST/O
                         net (fo=8, unplaced)         0.480     1.062    u_cve2_core/vec_unit_i/i_vrf/data_err_i_IBUF
                                                                      r  u_cve2_core/vec_unit_i/i_vrf/FSM_sequential_state_q[1]_i_10/I0
                         LUT3 (Prop_LUT3_I0_O)        0.090     1.152 r  u_cve2_core/vec_unit_i/i_vrf/FSM_sequential_state_q[1]_i_10/O
                         net (fo=5, unplaced)         0.204     1.356    u_cve2_core/vec_unit_i/i_vrf/req_valid_q_reg
                                                                      r  u_cve2_core/vec_unit_i/i_vrf/vrf_mem_reg_1_bram_0_i_91/I0
                         LUT5 (Prop_LUT5_I0_O)        0.070     1.426 r  u_cve2_core/vec_unit_i/i_vrf/vrf_mem_reg_1_bram_0_i_91/O
                         net (fo=2, unplaced)         0.186     1.612    u_cve2_core/vec_unit_i/i_vrf/vrf_mem_reg_1_bram_0_i_91_n_0
                                                                      r  u_cve2_core/vec_unit_i/i_vrf/vrf_mem_reg_1_bram_0_i_55/I1
                         LUT5 (Prop_LUT5_I1_O)        0.038     1.650 r  u_cve2_core/vec_unit_i/i_vrf/vrf_mem_reg_1_bram_0_i_55/O
                         net (fo=58, unplaced)        0.210     1.860    u_cve2_core/vec_unit_i/i_vrf/FSM_sequential_state_q_reg[0]_3
                                                                      r  u_cve2_core/vec_unit_i/i_vrf/vrf_mem_reg_1_bram_0_i_184/I4
                         LUT6 (Prop_LUT6_I4_O)        0.053     1.913 r  u_cve2_core/vec_unit_i/i_vrf/vrf_mem_reg_1_bram_0_i_184/O
                         net (fo=1, unplaced)         0.141     2.054    u_cve2_core/vec_unit_i/i_vrf/vrf_mem_reg_1_bram_0_i_184_n_0
                                                                      r  u_cve2_core/vec_unit_i/i_vrf/vrf_mem_reg_1_bram_0_i_97/I0
                         LUT5 (Prop_LUT5_I0_O)        0.100     2.154 r  u_cve2_core/vec_unit_i/i_vrf/vrf_mem_reg_1_bram_0_i_97/O
                         net (fo=2, unplaced)         0.137     2.291    u_cve2_core/vec_unit_i/i_vrf/vrf_mem_reg_1_bram_0_i_97_n_0
                                                                      r  u_cve2_core/vec_unit_i/i_vrf/vrf_mem_reg_1_bram_0_i_59/I4
                         LUT6 (Prop_LUT6_I4_O)        0.053     2.344 f  u_cve2_core/vec_unit_i/i_vrf/vrf_mem_reg_1_bram_0_i_59/O
                         net (fo=14, unplaced)        0.227     2.571    u_cve2_core/vec_unit_i/i_vrf/vrf_mem_reg_1_bram_0_i_59_n_0
                                                                      f  u_cve2_core/vec_unit_i/i_vrf/data_addr_o_OBUF[31]_inst_i_3/I0
                         LUT5 (Prop_LUT5_I0_O)        0.038     2.609 r  u_cve2_core/vec_unit_i/i_vrf/data_addr_o_OBUF[31]_inst_i_3/O
                         net (fo=36, unplaced)        0.248     2.857    u_cve2_core/vec_unit_i/i_vrf/FSM_sequential_state_q_reg[0]
                                                                      r  u_cve2_core/vec_unit_i/i_vrf/data_we_o_OBUF_inst_i_2/I4
                         LUT5 (Prop_LUT5_I4_O)        0.038     2.895 r  u_cve2_core/vec_unit_i/i_vrf/data_we_o_OBUF_inst_i_2/O
                         net (fo=33, unplaced)        0.246     3.141    u_cve2_core/vec_unit_i/i_vrf/vec_data_we
                                                                      r  u_cve2_core/vec_unit_i/i_vrf/data_wdata_o_OBUF[14]_inst_i_1/I2
                         LUT5 (Prop_LUT5_I2_O)        0.038     3.179 r  u_cve2_core/vec_unit_i/i_vrf/data_wdata_o_OBUF[14]_inst_i_1/O
                         net (fo=1, unplaced)         0.553     3.732    data_wdata_o_OBUF[14]
                                                                      r  data_wdata_o_OBUF[14]_inst/I
                         OBUF (Prop_OBUF_I_O)         0.959     4.691 r  data_wdata_o_OBUF[14]_inst/O
                         net (fo=0)                   0.000     4.691    data_wdata_o[14]
                                                                      r  data_wdata_o[14] (OUT)
  -------------------------------------------------------------------    -------------------

Slack:                    inf
  Source:                 data_err_i
                            (input port)
  Destination:            data_wdata_o[15]
                            (output port)
  Path Group:             (none)
  Path Type:              Max at Slow Process Corner
  Data Path Delay:        4.691ns  (logic 2.059ns (43.891%)  route 2.632ns (56.109%))
  Logic Levels:           12  (IBUFCTRL=1 INBUF=1 LUT3=1 LUT5=6 LUT6=2 OBUF=1)

    Location             Delay type                Incr(ns)  Path(ns)    Netlist Resource(s)
  -------------------------------------------------------------------    -------------------
                                                      0.000     0.000 r  data_err_i (IN)
                         net (fo=0)                   0.000     0.000    data_err_i_IBUF_inst/I
                                                                      r  data_err_i_IBUF_inst/INBUF_INST/PAD
                         INBUF (Prop_INBUF_PAD_O)     0.582     0.582 r  data_err_i_IBUF_inst/INBUF_INST/O
                         net (fo=1, unplaced)         0.000     0.582    data_err_i_IBUF_inst/OUT
                                                                      r  data_err_i_IBUF_inst/IBUFCTRL_INST/I
                         IBUFCTRL (Prop_IBUFCTRL_I_O)
                                                      0.000     0.582 r  data_err_i_IBUF_inst/IBUFCTRL_INST/O
                         net (fo=8, unplaced)         0.480     1.062    u_cve2_core/vec_unit_i/i_vrf/data_err_i_IBUF
                                                                      r  u_cve2_core/vec_unit_i/i_vrf/FSM_sequential_state_q[1]_i_10/I0
                         LUT3 (Prop_LUT3_I0_O)        0.090     1.152 r  u_cve2_core/vec_unit_i/i_vrf/FSM_sequential_state_q[1]_i_10/O
                         net (fo=5, unplaced)         0.204     1.356    u_cve2_core/vec_unit_i/i_vrf/req_valid_q_reg
                                                                      r  u_cve2_core/vec_unit_i/i_vrf/vrf_mem_reg_1_bram_0_i_91/I0
                         LUT5 (Prop_LUT5_I0_O)        0.070     1.426 r  u_cve2_core/vec_unit_i/i_vrf/vrf_mem_reg_1_bram_0_i_91/O
                         net (fo=2, unplaced)         0.186     1.612    u_cve2_core/vec_unit_i/i_vrf/vrf_mem_reg_1_bram_0_i_91_n_0
                                                                      r  u_cve2_core/vec_unit_i/i_vrf/vrf_mem_reg_1_bram_0_i_55/I1
                         LUT5 (Prop_LUT5_I1_O)        0.038     1.650 r  u_cve2_core/vec_unit_i/i_vrf/vrf_mem_reg_1_bram_0_i_55/O
                         net (fo=58, unplaced)        0.210     1.860    u_cve2_core/vec_unit_i/i_vrf/FSM_sequential_state_q_reg[0]_3
                                                                      r  u_cve2_core/vec_unit_i/i_vrf/vrf_mem_reg_1_bram_0_i_184/I4
                         LUT6 (Prop_LUT6_I4_O)        0.053     1.913 r  u_cve2_core/vec_unit_i/i_vrf/vrf_mem_reg_1_bram_0_i_184/O
                         net (fo=1, unplaced)         0.141     2.054    u_cve2_core/vec_unit_i/i_vrf/vrf_mem_reg_1_bram_0_i_184_n_0
                                                                      r  u_cve2_core/vec_unit_i/i_vrf/vrf_mem_reg_1_bram_0_i_97/I0
                         LUT5 (Prop_LUT5_I0_O)        0.100     2.154 r  u_cve2_core/vec_unit_i/i_vrf/vrf_mem_reg_1_bram_0_i_97/O
                         net (fo=2, unplaced)         0.137     2.291    u_cve2_core/vec_unit_i/i_vrf/vrf_mem_reg_1_bram_0_i_97_n_0
                                                                      r  u_cve2_core/vec_unit_i/i_vrf/vrf_mem_reg_1_bram_0_i_59/I4
                         LUT6 (Prop_LUT6_I4_O)        0.053     2.344 f  u_cve2_core/vec_unit_i/i_vrf/vrf_mem_reg_1_bram_0_i_59/O
                         net (fo=14, unplaced)        0.227     2.571    u_cve2_core/vec_unit_i/i_vrf/vrf_mem_reg_1_bram_0_i_59_n_0
                                                                      f  u_cve2_core/vec_unit_i/i_vrf/data_addr_o_OBUF[31]_inst_i_3/I0
                         LUT5 (Prop_LUT5_I0_O)        0.038     2.609 r  u_cve2_core/vec_unit_i/i_vrf/data_addr_o_OBUF[31]_inst_i_3/O
                         net (fo=36, unplaced)        0.248     2.857    u_cve2_core/vec_unit_i/i_vrf/FSM_sequential_state_q_reg[0]
                                                                      r  u_cve2_core/vec_unit_i/i_vrf/data_we_o_OBUF_inst_i_2/I4
                         LUT5 (Prop_LUT5_I4_O)        0.038     2.895 r  u_cve2_core/vec_unit_i/i_vrf/data_we_o_OBUF_inst_i_2/O
                         net (fo=33, unplaced)        0.246     3.141    u_cve2_core/vec_unit_i/i_vrf/vec_data_we
                                                                      r  u_cve2_core/vec_unit_i/i_vrf/data_wdata_o_OBUF[15]_inst_i_1/I2
                         LUT5 (Prop_LUT5_I2_O)        0.038     3.179 r  u_cve2_core/vec_unit_i/i_vrf/data_wdata_o_OBUF[15]_inst_i_1/O
                         net (fo=1, unplaced)         0.553     3.732    data_wdata_o_OBUF[15]
                                                                      r  data_wdata_o_OBUF[15]_inst/I
                         OBUF (Prop_OBUF_I_O)         0.959     4.691 r  data_wdata_o_OBUF[15]_inst/O
                         net (fo=0)                   0.000     4.691    data_wdata_o[15]
                                                                      r  data_wdata_o[15] (OUT)
  -------------------------------------------------------------------    -------------------

Slack:                    inf
  Source:                 data_err_i
                            (input port)
  Destination:            data_wdata_o[16]
                            (output port)
  Path Group:             (none)
  Path Type:              Max at Slow Process Corner
  Data Path Delay:        4.691ns  (logic 2.059ns (43.891%)  route 2.632ns (56.109%))
  Logic Levels:           12  (IBUFCTRL=1 INBUF=1 LUT3=1 LUT5=6 LUT6=2 OBUF=1)

    Location             Delay type                Incr(ns)  Path(ns)    Netlist Resource(s)
  -------------------------------------------------------------------    -------------------
                                                      0.000     0.000 r  data_err_i (IN)
                         net (fo=0)                   0.000     0.000    data_err_i_IBUF_inst/I
                                                                      r  data_err_i_IBUF_inst/INBUF_INST/PAD
                         INBUF (Prop_INBUF_PAD_O)     0.582     0.582 r  data_err_i_IBUF_inst/INBUF_INST/O
                         net (fo=1, unplaced)         0.000     0.582    data_err_i_IBUF_inst/OUT
                                                                      r  data_err_i_IBUF_inst/IBUFCTRL_INST/I
                         IBUFCTRL (Prop_IBUFCTRL_I_O)
                                                      0.000     0.582 r  data_err_i_IBUF_inst/IBUFCTRL_INST/O
                         net (fo=8, unplaced)         0.480     1.062    u_cve2_core/vec_unit_i/i_vrf/data_err_i_IBUF
                                                                      r  u_cve2_core/vec_unit_i/i_vrf/FSM_sequential_state_q[1]_i_10/I0
                         LUT3 (Prop_LUT3_I0_O)        0.090     1.152 r  u_cve2_core/vec_unit_i/i_vrf/FSM_sequential_state_q[1]_i_10/O
                         net (fo=5, unplaced)         0.204     1.356    u_cve2_core/vec_unit_i/i_vrf/req_valid_q_reg
                                                                      r  u_cve2_core/vec_unit_i/i_vrf/vrf_mem_reg_1_bram_0_i_91/I0
                         LUT5 (Prop_LUT5_I0_O)        0.070     1.426 r  u_cve2_core/vec_unit_i/i_vrf/vrf_mem_reg_1_bram_0_i_91/O
                         net (fo=2, unplaced)         0.186     1.612    u_cve2_core/vec_unit_i/i_vrf/vrf_mem_reg_1_bram_0_i_91_n_0
                                                                      r  u_cve2_core/vec_unit_i/i_vrf/vrf_mem_reg_1_bram_0_i_55/I1
                         LUT5 (Prop_LUT5_I1_O)        0.038     1.650 r  u_cve2_core/vec_unit_i/i_vrf/vrf_mem_reg_1_bram_0_i_55/O
                         net (fo=58, unplaced)        0.210     1.860    u_cve2_core/vec_unit_i/i_vrf/FSM_sequential_state_q_reg[0]_3
                                                                      r  u_cve2_core/vec_unit_i/i_vrf/vrf_mem_reg_1_bram_0_i_184/I4
                         LUT6 (Prop_LUT6_I4_O)        0.053     1.913 r  u_cve2_core/vec_unit_i/i_vrf/vrf_mem_reg_1_bram_0_i_184/O
                         net (fo=1, unplaced)         0.141     2.054    u_cve2_core/vec_unit_i/i_vrf/vrf_mem_reg_1_bram_0_i_184_n_0
                                                                      r  u_cve2_core/vec_unit_i/i_vrf/vrf_mem_reg_1_bram_0_i_97/I0
                         LUT5 (Prop_LUT5_I0_O)        0.100     2.154 r  u_cve2_core/vec_unit_i/i_vrf/vrf_mem_reg_1_bram_0_i_97/O
                         net (fo=2, unplaced)         0.137     2.291    u_cve2_core/vec_unit_i/i_vrf/vrf_mem_reg_1_bram_0_i_97_n_0
                                                                      r  u_cve2_core/vec_unit_i/i_vrf/vrf_mem_reg_1_bram_0_i_59/I4
                         LUT6 (Prop_LUT6_I4_O)        0.053     2.344 f  u_cve2_core/vec_unit_i/i_vrf/vrf_mem_reg_1_bram_0_i_59/O
                         net (fo=14, unplaced)        0.227     2.571    u_cve2_core/vec_unit_i/i_vrf/vrf_mem_reg_1_bram_0_i_59_n_0
                                                                      f  u_cve2_core/vec_unit_i/i_vrf/data_addr_o_OBUF[31]_inst_i_3/I0
                         LUT5 (Prop_LUT5_I0_O)        0.038     2.609 r  u_cve2_core/vec_unit_i/i_vrf/data_addr_o_OBUF[31]_inst_i_3/O
                         net (fo=36, unplaced)        0.248     2.857    u_cve2_core/vec_unit_i/i_vrf/FSM_sequential_state_q_reg[0]
                                                                      r  u_cve2_core/vec_unit_i/i_vrf/data_we_o_OBUF_inst_i_2/I4
                         LUT5 (Prop_LUT5_I4_O)        0.038     2.895 r  u_cve2_core/vec_unit_i/i_vrf/data_we_o_OBUF_inst_i_2/O
                         net (fo=33, unplaced)        0.246     3.141    u_cve2_core/vec_unit_i/i_vrf/vec_data_we
                                                                      r  u_cve2_core/vec_unit_i/i_vrf/data_wdata_o_OBUF[16]_inst_i_1/I2
                         LUT5 (Prop_LUT5_I2_O)        0.038     3.179 r  u_cve2_core/vec_unit_i/i_vrf/data_wdata_o_OBUF[16]_inst_i_1/O
                         net (fo=1, unplaced)         0.553     3.732    data_wdata_o_OBUF[16]
                                                                      r  data_wdata_o_OBUF[16]_inst/I
                         OBUF (Prop_OBUF_I_O)         0.959     4.691 r  data_wdata_o_OBUF[16]_inst/O
                         net (fo=0)                   0.000     4.691    data_wdata_o[16]
                                                                      r  data_wdata_o[16] (OUT)
  -------------------------------------------------------------------    -------------------





Min Delay Paths
--------------------------------------------------------------------------------------
Slack:                    inf
  Source:                 debug_req_i
                            (input port)
  Destination:            core_sleep_o
                            (output port)
  Path Group:             (none)
  Path Type:              Min at Fast Process Corner
  Data Path Delay:        1.192ns  (logic 0.702ns (58.880%)  route 0.490ns (41.120%))
  Logic Levels:           4  (IBUFCTRL=1 INBUF=1 LUT5=1 OBUF=1)

    Location             Delay type                Incr(ns)  Path(ns)    Netlist Resource(s)
  -------------------------------------------------------------------    -------------------
                                                      0.000     0.000 f  debug_req_i (IN)
                         net (fo=0)                   0.000     0.000    debug_req_i_IBUF_inst/I
                                                                      f  debug_req_i_IBUF_inst/INBUF_INST/PAD
                         INBUF (Prop_INBUF_PAD_O)     0.216     0.216 f  debug_req_i_IBUF_inst/INBUF_INST/O
                         net (fo=1, unplaced)         0.000     0.216    debug_req_i_IBUF_inst/OUT
                                                                      f  debug_req_i_IBUF_inst/IBUFCTRL_INST/I
                         IBUFCTRL (Prop_IBUFCTRL_I_O)
                                                      0.000     0.216 f  debug_req_i_IBUF_inst/IBUFCTRL_INST/O
                         net (fo=6, unplaced)         0.229     0.445    u_cve2_core/cs_registers_i/u_mie_csr/debug_req_i_IBUF
                                                                      f  u_cve2_core/cs_registers_i/u_mie_csr/core_sleep_o_OBUF_inst_i_1/I2
                         LUT5 (Prop_LUT5_I2_O)        0.035     0.480 r  u_cve2_core/cs_registers_i/u_mie_csr/core_sleep_o_OBUF_inst_i_1/O
                         net (fo=1, unplaced)         0.261     0.741    core_sleep_o_OBUF
                                                                      r  core_sleep_o_OBUF_inst/I
                         OBUF (Prop_OBUF_I_O)         0.450     1.192 r  core_sleep_o_OBUF_inst/O
                         net (fo=0)                   0.000     1.192    core_sleep_o
                                                                      r  core_sleep_o (OUT)
  -------------------------------------------------------------------    -------------------

Slack:                    inf
  Source:                 dm_halt_addr_i[3]
                            (input port)
  Destination:            instr_addr_o[3]
                            (output port)
  Path Group:             (none)
  Path Type:              Min at Fast Process Corner
  Data Path Delay:        1.311ns  (logic 0.732ns (55.823%)  route 0.579ns (44.177%))
  Logic Levels:           5  (IBUFCTRL=1 INBUF=1 LUT5=1 LUT6=1 OBUF=1)

    Location             Delay type                Incr(ns)  Path(ns)    Netlist Resource(s)
  -------------------------------------------------------------------    -------------------
                                                      0.000     0.000 r  dm_halt_addr_i[3] (IN)
                         net (fo=0)                   0.000     0.000    dm_halt_addr_i_IBUF[3]_inst/I
                                                                      r  dm_halt_addr_i_IBUF[3]_inst/INBUF_INST/PAD
                         INBUF (Prop_INBUF_PAD_O)     0.216     0.216 r  dm_halt_addr_i_IBUF[3]_inst/INBUF_INST/O
                         net (fo=1, unplaced)         0.000     0.216    dm_halt_addr_i_IBUF[3]_inst/OUT
                                                                      r  dm_halt_addr_i_IBUF[3]_inst/IBUFCTRL_INST/I
                         IBUFCTRL (Prop_IBUFCTRL_I_O)
                                                      0.000     0.216 r  dm_halt_addr_i_IBUF[3]_inst/IBUFCTRL_INST/O
                         net (fo=1, unplaced)         0.223     0.439    u_cve2_core/id_stage_i/controller_i/dm_halt_addr_i_IBUF[2]
                                                                      r  u_cve2_core/id_stage_i/controller_i/instr_addr_o_OBUF[3]_inst_i_2/I5
                         LUT6 (Prop_LUT6_I5_O)        0.051     0.490 r  u_cve2_core/id_stage_i/controller_i/instr_addr_o_OBUF[3]_inst_i_2/O
                         net (fo=3, unplaced)         0.095     0.585    u_cve2_core/if_stage_i/prefetch_buffer_i/fetch_addr_n[2]
                                                                      r  u_cve2_core/if_stage_i/prefetch_buffer_i/instr_addr_o_OBUF[3]_inst_i_1/I2
                         LUT5 (Prop_LUT5_I2_O)        0.014     0.599 r  u_cve2_core/if_stage_i/prefetch_buffer_i/instr_addr_o_OBUF[3]_inst_i_1/O
                         net (fo=2, unplaced)         0.261     0.860    instr_addr_o_OBUF[3]
                                                                      r  instr_addr_o_OBUF[3]_inst/I
                         OBUF (Prop_OBUF_I_O)         0.450     1.311 r  instr_addr_o_OBUF[3]_inst/O
                         net (fo=0)                   0.000     1.311    instr_addr_o[3]
                                                                      r  instr_addr_o[3] (OUT)
  -------------------------------------------------------------------    -------------------

Slack:                    inf
  Source:                 dm_halt_addr_i[4]
                            (input port)
  Destination:            instr_addr_o[4]
                            (output port)
  Path Group:             (none)
  Path Type:              Min at Fast Process Corner
  Data Path Delay:        1.311ns  (logic 0.732ns (55.823%)  route 0.579ns (44.177%))
  Logic Levels:           5  (IBUFCTRL=1 INBUF=1 LUT5=1 LUT6=1 OBUF=1)

    Location             Delay type                Incr(ns)  Path(ns)    Netlist Resource(s)
  -------------------------------------------------------------------    -------------------
                                                      0.000     0.000 r  dm_halt_addr_i[4] (IN)
                         net (fo=0)                   0.000     0.000    dm_halt_addr_i_IBUF[4]_inst/I
                                                                      r  dm_halt_addr_i_IBUF[4]_inst/INBUF_INST/PAD
                         INBUF (Prop_INBUF_PAD_O)     0.216     0.216 r  dm_halt_addr_i_IBUF[4]_inst/INBUF_INST/O
                         net (fo=1, unplaced)         0.000     0.216    dm_halt_addr_i_IBUF[4]_inst/OUT
                                                                      r  dm_halt_addr_i_IBUF[4]_inst/IBUFCTRL_INST/I
                         IBUFCTRL (Prop_IBUFCTRL_I_O)
                                                      0.000     0.216 r  dm_halt_addr_i_IBUF[4]_inst/IBUFCTRL_INST/O
                         net (fo=1, unplaced)         0.223     0.439    u_cve2_core/id_stage_i/controller_i/dm_halt_addr_i_IBUF[3]
                                                                      r  u_cve2_core/id_stage_i/controller_i/instr_addr_o_OBUF[4]_inst_i_2/I5
                         LUT6 (Prop_LUT6_I5_O)        0.051     0.490 r  u_cve2_core/id_stage_i/controller_i/instr_addr_o_OBUF[4]_inst_i_2/O
                         net (fo=3, unplaced)         0.095     0.585    u_cve2_core/if_stage_i/prefetch_buffer_i/fetch_addr_n[3]
                                                                      r  u_cve2_core/if_stage_i/prefetch_buffer_i/instr_addr_o_OBUF[4]_inst_i_1/I2
                         LUT5 (Prop_LUT5_I2_O)        0.014     0.599 r  u_cve2_core/if_stage_i/prefetch_buffer_i/instr_addr_o_OBUF[4]_inst_i_1/O
                         net (fo=2, unplaced)         0.261     0.860    instr_addr_o_OBUF[4]
                                                                      r  instr_addr_o_OBUF[4]_inst/I
                         OBUF (Prop_OBUF_I_O)         0.450     1.311 r  instr_addr_o_OBUF[4]_inst/O
                         net (fo=0)                   0.000     1.311    instr_addr_o[4]
                                                                      r  instr_addr_o[4] (OUT)
  -------------------------------------------------------------------    -------------------

Slack:                    inf
  Source:                 dm_halt_addr_i[5]
                            (input port)
  Destination:            instr_addr_o[5]
                            (output port)
  Path Group:             (none)
  Path Type:              Min at Fast Process Corner
  Data Path Delay:        1.311ns  (logic 0.732ns (55.823%)  route 0.579ns (44.177%))
  Logic Levels:           5  (IBUFCTRL=1 INBUF=1 LUT5=1 LUT6=1 OBUF=1)

    Location             Delay type                Incr(ns)  Path(ns)    Netlist Resource(s)
  -------------------------------------------------------------------    -------------------
                                                      0.000     0.000 r  dm_halt_addr_i[5] (IN)
                         net (fo=0)                   0.000     0.000    dm_halt_addr_i_IBUF[5]_inst/I
                                                                      r  dm_halt_addr_i_IBUF[5]_inst/INBUF_INST/PAD
                         INBUF (Prop_INBUF_PAD_O)     0.216     0.216 r  dm_halt_addr_i_IBUF[5]_inst/INBUF_INST/O
                         net (fo=1, unplaced)         0.000     0.216    dm_halt_addr_i_IBUF[5]_inst/OUT
                                                                      r  dm_halt_addr_i_IBUF[5]_inst/IBUFCTRL_INST/I
                         IBUFCTRL (Prop_IBUFCTRL_I_O)
                                                      0.000     0.216 r  dm_halt_addr_i_IBUF[5]_inst/IBUFCTRL_INST/O
                         net (fo=1, unplaced)         0.223     0.439    u_cve2_core/id_stage_i/controller_i/dm_halt_addr_i_IBUF[4]
                                                                      r  u_cve2_core/id_stage_i/controller_i/instr_addr_o_OBUF[5]_inst_i_2/I5
                         LUT6 (Prop_LUT6_I5_O)        0.051     0.490 r  u_cve2_core/id_stage_i/controller_i/instr_addr_o_OBUF[5]_inst_i_2/O
                         net (fo=3, unplaced)         0.095     0.585    u_cve2_core/if_stage_i/prefetch_buffer_i/fetch_addr_n[4]
                                                                      r  u_cve2_core/if_stage_i/prefetch_buffer_i/instr_addr_o_OBUF[5]_inst_i_1/I2
                         LUT5 (Prop_LUT5_I2_O)        0.014     0.599 r  u_cve2_core/if_stage_i/prefetch_buffer_i/instr_addr_o_OBUF[5]_inst_i_1/O
                         net (fo=2, unplaced)         0.261     0.860    instr_addr_o_OBUF[5]
                                                                      r  instr_addr_o_OBUF[5]_inst/I
                         OBUF (Prop_OBUF_I_O)         0.450     1.311 r  instr_addr_o_OBUF[5]_inst/O
                         net (fo=0)                   0.000     1.311    instr_addr_o[5]
                                                                      r  instr_addr_o[5] (OUT)
  -------------------------------------------------------------------    -------------------

Slack:                    inf
  Source:                 dm_halt_addr_i[6]
                            (input port)
  Destination:            instr_addr_o[6]
                            (output port)
  Path Group:             (none)
  Path Type:              Min at Fast Process Corner
  Data Path Delay:        1.311ns  (logic 0.732ns (55.823%)  route 0.579ns (44.177%))
  Logic Levels:           5  (IBUFCTRL=1 INBUF=1 LUT5=1 LUT6=1 OBUF=1)

    Location             Delay type                Incr(ns)  Path(ns)    Netlist Resource(s)
  -------------------------------------------------------------------    -------------------
                                                      0.000     0.000 r  dm_halt_addr_i[6] (IN)
                         net (fo=0)                   0.000     0.000    dm_halt_addr_i_IBUF[6]_inst/I
                                                                      r  dm_halt_addr_i_IBUF[6]_inst/INBUF_INST/PAD
                         INBUF (Prop_INBUF_PAD_O)     0.216     0.216 r  dm_halt_addr_i_IBUF[6]_inst/INBUF_INST/O
                         net (fo=1, unplaced)         0.000     0.216    dm_halt_addr_i_IBUF[6]_inst/OUT
                                                                      r  dm_halt_addr_i_IBUF[6]_inst/IBUFCTRL_INST/I
                         IBUFCTRL (Prop_IBUFCTRL_I_O)
                                                      0.000     0.216 r  dm_halt_addr_i_IBUF[6]_inst/IBUFCTRL_INST/O
                         net (fo=1, unplaced)         0.223     0.439    u_cve2_core/id_stage_i/controller_i/dm_halt_addr_i_IBUF[5]
                                                                      r  u_cve2_core/id_stage_i/controller_i/instr_addr_o_OBUF[6]_inst_i_2/I5
                         LUT6 (Prop_LUT6_I5_O)        0.051     0.490 r  u_cve2_core/id_stage_i/controller_i/instr_addr_o_OBUF[6]_inst_i_2/O
                         net (fo=3, unplaced)         0.095     0.585    u_cve2_core/if_stage_i/prefetch_buffer_i/fetch_addr_n[5]
                                                                      r  u_cve2_core/if_stage_i/prefetch_buffer_i/instr_addr_o_OBUF[6]_inst_i_1/I2
                         LUT5 (Prop_LUT5_I2_O)        0.014     0.599 r  u_cve2_core/if_stage_i/prefetch_buffer_i/instr_addr_o_OBUF[6]_inst_i_1/O
                         net (fo=2, unplaced)         0.261     0.860    instr_addr_o_OBUF[6]
                                                                      r  instr_addr_o_OBUF[6]_inst/I
                         OBUF (Prop_OBUF_I_O)         0.450     1.311 r  instr_addr_o_OBUF[6]_inst/O
                         net (fo=0)                   0.000     1.311    instr_addr_o[6]
                                                                      r  instr_addr_o[6] (OUT)
  -------------------------------------------------------------------    -------------------

Slack:                    inf
  Source:                 dm_halt_addr_i[7]
                            (input port)
  Destination:            instr_addr_o[7]
                            (output port)
  Path Group:             (none)
  Path Type:              Min at Fast Process Corner
  Data Path Delay:        1.311ns  (logic 0.732ns (55.823%)  route 0.579ns (44.177%))
  Logic Levels:           5  (IBUFCTRL=1 INBUF=1 LUT5=1 LUT6=1 OBUF=1)

    Location             Delay type                Incr(ns)  Path(ns)    Netlist Resource(s)
  -------------------------------------------------------------------    -------------------
                                                      0.000     0.000 r  dm_halt_addr_i[7] (IN)
                         net (fo=0)                   0.000     0.000    dm_halt_addr_i_IBUF[7]_inst/I
                                                                      r  dm_halt_addr_i_IBUF[7]_inst/INBUF_INST/PAD
                         INBUF (Prop_INBUF_PAD_O)     0.216     0.216 r  dm_halt_addr_i_IBUF[7]_inst/INBUF_INST/O
                         net (fo=1, unplaced)         0.000     0.216    dm_halt_addr_i_IBUF[7]_inst/OUT
                                                                      r  dm_halt_addr_i_IBUF[7]_inst/IBUFCTRL_INST/I
                         IBUFCTRL (Prop_IBUFCTRL_I_O)
                                                      0.000     0.216 r  dm_halt_addr_i_IBUF[7]_inst/IBUFCTRL_INST/O
                         net (fo=1, unplaced)         0.223     0.439    u_cve2_core/id_stage_i/controller_i/dm_halt_addr_i_IBUF[6]
                                                                      r  u_cve2_core/id_stage_i/controller_i/instr_addr_o_OBUF[7]_inst_i_2/I5
                         LUT6 (Prop_LUT6_I5_O)        0.051     0.490 r  u_cve2_core/id_stage_i/controller_i/instr_addr_o_OBUF[7]_inst_i_2/O
                         net (fo=3, unplaced)         0.095     0.585    u_cve2_core/if_stage_i/prefetch_buffer_i/fetch_addr_n[6]
                                                                      r  u_cve2_core/if_stage_i/prefetch_buffer_i/instr_addr_o_OBUF[7]_inst_i_1/I2
                         LUT5 (Prop_LUT5_I2_O)        0.014     0.599 r  u_cve2_core/if_stage_i/prefetch_buffer_i/instr_addr_o_OBUF[7]_inst_i_1/O
                         net (fo=2, unplaced)         0.261     0.860    instr_addr_o_OBUF[7]
                                                                      r  instr_addr_o_OBUF[7]_inst/I
                         OBUF (Prop_OBUF_I_O)         0.450     1.311 r  instr_addr_o_OBUF[7]_inst/O
                         net (fo=0)                   0.000     1.311    instr_addr_o[7]
                                                                      r  instr_addr_o[7] (OUT)
  -------------------------------------------------------------------    -------------------

Slack:                    inf
  Source:                 dm_halt_addr_i[2]
                            (input port)
  Destination:            instr_addr_o[2]
                            (output port)
  Path Group:             (none)
  Path Type:              Min at Fast Process Corner
  Data Path Delay:        1.314ns  (logic 0.732ns (55.695%)  route 0.582ns (44.305%))
  Logic Levels:           5  (IBUFCTRL=1 INBUF=1 LUT5=1 LUT6=1 OBUF=1)

    Location             Delay type                Incr(ns)  Path(ns)    Netlist Resource(s)
  -------------------------------------------------------------------    -------------------
                                                      0.000     0.000 r  dm_halt_addr_i[2] (IN)
                         net (fo=0)                   0.000     0.000    dm_halt_addr_i_IBUF[2]_inst/I
                                                                      r  dm_halt_addr_i_IBUF[2]_inst/INBUF_INST/PAD
                         INBUF (Prop_INBUF_PAD_O)     0.216     0.216 r  dm_halt_addr_i_IBUF[2]_inst/INBUF_INST/O
                         net (fo=1, unplaced)         0.000     0.216    dm_halt_addr_i_IBUF[2]_inst/OUT
                                                                      r  dm_halt_addr_i_IBUF[2]_inst/IBUFCTRL_INST/I
                         IBUFCTRL (Prop_IBUFCTRL_I_O)
                                                      0.000     0.216 r  dm_halt_addr_i_IBUF[2]_inst/IBUFCTRL_INST/O
                         net (fo=1, unplaced)         0.223     0.439    u_cve2_core/id_stage_i/controller_i/dm_halt_addr_i_IBUF[1]
                                                                      r  u_cve2_core/id_stage_i/controller_i/instr_addr_o_OBUF[2]_inst_i_2/I5
                         LUT6 (Prop_LUT6_I5_O)        0.051     0.490 r  u_cve2_core/id_stage_i/controller_i/instr_addr_o_OBUF[2]_inst_i_2/O
                         net (fo=4, unplaced)         0.098     0.588    u_cve2_core/if_stage_i/prefetch_buffer_i/fetch_addr_n[1]
                                                                      r  u_cve2_core/if_stage_i/prefetch_buffer_i/instr_addr_o_OBUF[2]_inst_i_1/I2
                         LUT5 (Prop_LUT5_I2_O)        0.014     0.602 r  u_cve2_core/if_stage_i/prefetch_buffer_i/instr_addr_o_OBUF[2]_inst_i_1/O
                         net (fo=2, unplaced)         0.261     0.863    instr_addr_o_OBUF[2]
                                                                      r  instr_addr_o_OBUF[2]_inst/I
                         OBUF (Prop_OBUF_I_O)         0.450     1.314 r  instr_addr_o_OBUF[2]_inst/O
                         net (fo=0)                   0.000     1.314    instr_addr_o[2]
                                                                      r  instr_addr_o[2] (OUT)
  -------------------------------------------------------------------    -------------------

Slack:                    inf
  Source:                 dm_exception_addr_i[10]
                            (input port)
  Destination:            instr_addr_o[10]
                            (output port)
  Path Group:             (none)
  Path Type:              Min at Fast Process Corner
  Data Path Delay:        1.371ns  (logic 0.745ns (54.328%)  route 0.626ns (45.672%))
  Logic Levels:           6  (IBUFCTRL=1 INBUF=1 LUT5=1 LUT6=2 OBUF=1)

    Location             Delay type                Incr(ns)  Path(ns)    Netlist Resource(s)
  -------------------------------------------------------------------    -------------------
                                                      0.000     0.000 r  dm_exception_addr_i[10] (IN)
                         net (fo=0)                   0.000     0.000    dm_exception_addr_i_IBUF[10]_inst/I
                                                                      r  dm_exception_addr_i_IBUF[10]_inst/INBUF_INST/PAD
                         INBUF (Prop_INBUF_PAD_O)     0.216     0.216 r  dm_exception_addr_i_IBUF[10]_inst/INBUF_INST/O
                         net (fo=1, unplaced)         0.000     0.216    dm_exception_addr_i_IBUF[10]_inst/OUT
                                                                      r  dm_exception_addr_i_IBUF[10]_inst/IBUFCTRL_INST/I
                         IBUFCTRL (Prop_IBUFCTRL_I_O)
                                                      0.000     0.216 r  dm_exception_addr_i_IBUF[10]_inst/IBUFCTRL_INST/O
                         net (fo=1, unplaced)         0.200     0.416    u_cve2_core/id_stage_i/controller_i/dm_exception_addr_i_IBUF[9]
                                                                      r  u_cve2_core/id_stage_i/controller_i/instr_addr_o_OBUF[10]_inst_i_4/I4
                         LUT6 (Prop_LUT6_I4_O)        0.041     0.457 r  u_cve2_core/id_stage_i/controller_i/instr_addr_o_OBUF[10]_inst_i_4/O
                         net (fo=1, unplaced)         0.070     0.527    u_cve2_core/id_stage_i/controller_i/instr_addr_o_OBUF[10]_inst_i_4_n_0
                                                                      r  u_cve2_core/id_stage_i/controller_i/instr_addr_o_OBUF[10]_inst_i_2/I5
                         LUT6 (Prop_LUT6_I5_O)        0.023     0.550 r  u_cve2_core/id_stage_i/controller_i/instr_addr_o_OBUF[10]_inst_i_2/O
                         net (fo=3, unplaced)         0.095     0.645    u_cve2_core/if_stage_i/prefetch_buffer_i/fetch_addr_n[9]
                                                                      r  u_cve2_core/if_stage_i/prefetch_buffer_i/instr_addr_o_OBUF[10]_inst_i_1/I2
                         LUT5 (Prop_LUT5_I2_O)        0.014     0.659 r  u_cve2_core/if_stage_i/prefetch_buffer_i/instr_addr_o_OBUF[10]_inst_i_1/O
                         net (fo=2, unplaced)         0.261     0.920    instr_addr_o_OBUF[10]
                                                                      r  instr_addr_o_OBUF[10]_inst/I
                         OBUF (Prop_OBUF_I_O)         0.450     1.371 r  instr_addr_o_OBUF[10]_inst/O
                         net (fo=0)                   0.000     1.371    instr_addr_o[10]
                                                                      r  instr_addr_o[10] (OUT)
  -------------------------------------------------------------------    -------------------

Slack:                    inf
  Source:                 dm_exception_addr_i[11]
                            (input port)
  Destination:            instr_addr_o[11]
                            (output port)
  Path Group:             (none)
  Path Type:              Min at Fast Process Corner
  Data Path Delay:        1.371ns  (logic 0.745ns (54.328%)  route 0.626ns (45.672%))
  Logic Levels:           6  (IBUFCTRL=1 INBUF=1 LUT5=1 LUT6=2 OBUF=1)

    Location             Delay type                Incr(ns)  Path(ns)    Netlist Resource(s)
  -------------------------------------------------------------------    -------------------
                                                      0.000     0.000 r  dm_exception_addr_i[11] (IN)
                         net (fo=0)                   0.000     0.000    dm_exception_addr_i_IBUF[11]_inst/I
                                                                      r  dm_exception_addr_i_IBUF[11]_inst/INBUF_INST/PAD
                         INBUF (Prop_INBUF_PAD_O)     0.216     0.216 r  dm_exception_addr_i_IBUF[11]_inst/INBUF_INST/O
                         net (fo=1, unplaced)         0.000     0.216    dm_exception_addr_i_IBUF[11]_inst/OUT
                                                                      r  dm_exception_addr_i_IBUF[11]_inst/IBUFCTRL_INST/I
                         IBUFCTRL (Prop_IBUFCTRL_I_O)
                                                      0.000     0.216 r  dm_exception_addr_i_IBUF[11]_inst/IBUFCTRL_INST/O
                         net (fo=1, unplaced)         0.200     0.416    u_cve2_core/id_stage_i/controller_i/dm_exception_addr_i_IBUF[10]
                                                                      r  u_cve2_core/id_stage_i/controller_i/instr_addr_o_OBUF[11]_inst_i_4/I4
                         LUT6 (Prop_LUT6_I4_O)        0.041     0.457 r  u_cve2_core/id_stage_i/controller_i/instr_addr_o_OBUF[11]_inst_i_4/O
                         net (fo=1, unplaced)         0.070     0.527    u_cve2_core/id_stage_i/controller_i/instr_addr_o_OBUF[11]_inst_i_4_n_0
                                                                      r  u_cve2_core/id_stage_i/controller_i/instr_addr_o_OBUF[11]_inst_i_2/I5
                         LUT6 (Prop_LUT6_I5_O)        0.023     0.550 r  u_cve2_core/id_stage_i/controller_i/instr_addr_o_OBUF[11]_inst_i_2/O
                         net (fo=3, unplaced)         0.095     0.645    u_cve2_core/if_stage_i/prefetch_buffer_i/fetch_addr_n[10]
                                                                      r  u_cve2_core/if_stage_i/prefetch_buffer_i/instr_addr_o_OBUF[11]_inst_i_1/I2
                         LUT5 (Prop_LUT5_I2_O)        0.014     0.659 r  u_cve2_core/if_stage_i/prefetch_buffer_i/instr_addr_o_OBUF[11]_inst_i_1/O
                         net (fo=2, unplaced)         0.261     0.920    instr_addr_o_OBUF[11]
                                                                      r  instr_addr_o_OBUF[11]_inst/I
                         OBUF (Prop_OBUF_I_O)         0.450     1.371 r  instr_addr_o_OBUF[11]_inst/O
                         net (fo=0)                   0.000     1.371    instr_addr_o[11]
                                                                      r  instr_addr_o[11] (OUT)
  -------------------------------------------------------------------    -------------------

Slack:                    inf
  Source:                 dm_exception_addr_i[12]
                            (input port)
  Destination:            instr_addr_o[12]
                            (output port)
  Path Group:             (none)
  Path Type:              Min at Fast Process Corner
  Data Path Delay:        1.371ns  (logic 0.745ns (54.328%)  route 0.626ns (45.672%))
  Logic Levels:           6  (IBUFCTRL=1 INBUF=1 LUT5=1 LUT6=2 OBUF=1)

    Location             Delay type                Incr(ns)  Path(ns)    Netlist Resource(s)
  -------------------------------------------------------------------    -------------------
                                                      0.000     0.000 r  dm_exception_addr_i[12] (IN)
                         net (fo=0)                   0.000     0.000    dm_exception_addr_i_IBUF[12]_inst/I
                                                                      r  dm_exception_addr_i_IBUF[12]_inst/INBUF_INST/PAD
                         INBUF (Prop_INBUF_PAD_O)     0.216     0.216 r  dm_exception_addr_i_IBUF[12]_inst/INBUF_INST/O
                         net (fo=1, unplaced)         0.000     0.216    dm_exception_addr_i_IBUF[12]_inst/OUT
                                                                      r  dm_exception_addr_i_IBUF[12]_inst/IBUFCTRL_INST/I
                         IBUFCTRL (Prop_IBUFCTRL_I_O)
                                                      0.000     0.216 r  dm_exception_addr_i_IBUF[12]_inst/IBUFCTRL_INST/O
                         net (fo=1, unplaced)         0.200     0.416    u_cve2_core/id_stage_i/controller_i/dm_exception_addr_i_IBUF[11]
                                                                      r  u_cve2_core/id_stage_i/controller_i/instr_addr_o_OBUF[12]_inst_i_4/I4
                         LUT6 (Prop_LUT6_I4_O)        0.041     0.457 r  u_cve2_core/id_stage_i/controller_i/instr_addr_o_OBUF[12]_inst_i_4/O
                         net (fo=1, unplaced)         0.070     0.527    u_cve2_core/id_stage_i/controller_i/instr_addr_o_OBUF[12]_inst_i_4_n_0
                                                                      r  u_cve2_core/id_stage_i/controller_i/instr_addr_o_OBUF[12]_inst_i_2/I5
                         LUT6 (Prop_LUT6_I5_O)        0.023     0.550 r  u_cve2_core/id_stage_i/controller_i/instr_addr_o_OBUF[12]_inst_i_2/O
                         net (fo=3, unplaced)         0.095     0.645    u_cve2_core/if_stage_i/prefetch_buffer_i/fetch_addr_n[11]
                                                                      r  u_cve2_core/if_stage_i/prefetch_buffer_i/instr_addr_o_OBUF[12]_inst_i_1/I2
                         LUT5 (Prop_LUT5_I2_O)        0.014     0.659 r  u_cve2_core/if_stage_i/prefetch_buffer_i/instr_addr_o_OBUF[12]_inst_i_1/O
                         net (fo=2, unplaced)         0.261     0.920    instr_addr_o_OBUF[12]
                                                                      r  instr_addr_o_OBUF[12]_inst/I
                         OBUF (Prop_OBUF_I_O)         0.450     1.371 r  instr_addr_o_OBUF[12]_inst/O
                         net (fo=0)                   0.000     1.371    instr_addr_o[12]
                                                                      r  instr_addr_o[12] (OUT)
  -------------------------------------------------------------------    -------------------





--------------------------------------------------------------------------------------
Path Group:  (none)
From Clock:  clk_i
  To Clock:  

Max Delay           228 Endpoints
Min Delay           228 Endpoints
--------------------------------------------------------------------------------------


Max Delay Paths
--------------------------------------------------------------------------------------
Slack:                    inf
  Source:                 u_cve2_core/register_file_i/g_rf_flops[27].rf_reg_q_reg[27][2]/C
                            (rising edge-triggered cell FDCE clocked by clk_i  {rise@0.000ns fall@4.000ns period=8.000ns})
  Destination:            data_wdata_o[0]
                            (output port)
  Path Group:             (none)
  Path Type:              Max at Slow Process Corner
  Data Path Delay:        6.632ns  (logic 2.683ns (40.455%)  route 3.949ns (59.545%))
  Logic Levels:           25  (CARRY8=6 LUT3=3 LUT4=1 LUT5=3 LUT6=10 MUXF7=1 OBUF=1)
  Clock Uncertainty:      0.025ns  ((TSJ^2 + TIJ^2)^1/2 + DJ) / 2 + PE
    Total System Jitter     (TSJ):    0.050ns
    Total Input Jitter      (TIJ):    0.000ns
    Discrete Jitter          (DJ):    0.000ns
    Phase Error              (PE):    0.000ns

    Location             Delay type                Incr(ns)  Path(ns)    Netlist Resource(s)
  -------------------------------------------------------------------    -------------------
                         (clock clk_i rise edge)      0.000     0.000 r  
                                                      0.000     0.000 r  clk_i (IN)
                         net (fo=0)                   0.000     0.000    clk_i_IBUF_inst/I
                                                                      r  clk_i_IBUF_inst/INBUF_INST/PAD
                         INBUF (Prop_INBUF_PAD_O)     0.582     0.582 r  clk_i_IBUF_inst/INBUF_INST/O
                         net (fo=1, unplaced)         0.000     0.582    clk_i_IBUF_inst/OUT
                                                                      r  clk_i_IBUF_inst/IBUFCTRL_INST/I
                         IBUFCTRL (Prop_IBUFCTRL_I_O)
                                                      0.000     0.582 r  clk_i_IBUF_inst/IBUFCTRL_INST/O
                         net (fo=2, unplaced)         0.403     0.985    core_clock_gate_i/clk_i_IBUF
                                                                      r  core_clock_gate_i/clk_BUFG_inst_i_1/I0
                         LUT2 (Prop_LUT2_I0_O)        0.053     1.038 r  core_clock_gate_i/clk_BUFG_inst_i_1/O
                         net (fo=1, unplaced)         0.384     1.422    clk
                                                                      r  clk_BUFG_inst/I
                         BUFGCE (Prop_BUFGCE_I_O)     0.028     1.450 r  clk_BUFG_inst/O
                         net (fo=5360, unplaced)      2.584     4.034    u_cve2_core/register_file_i/clk_BUFG
                         FDCE                                         r  u_cve2_core/register_file_i/g_rf_flops[27].rf_reg_q_reg[27][2]/C
  -------------------------------------------------------------------    -------------------
                         FDCE (Prop_FDCE_C_Q)         0.077     4.111 r  u_cve2_core/register_file_i/g_rf_flops[27].rf_reg_q_reg[27][2]/Q
                         net (fo=2, unplaced)         0.154     4.265    u_cve2_core/register_file_i/g_rf_flops[27].rf_reg_q_reg[27]_4[2]
                                                                      r  u_cve2_core/register_file_i/act_scale_hi_q[2]_i_6/I0
                         LUT6 (Prop_LUT6_I0_O)        0.149     4.414 r  u_cve2_core/register_file_i/act_scale_hi_q[2]_i_6/O
                         net (fo=1, unplaced)         0.024     4.438    u_cve2_core/register_file_i/act_scale_hi_q[2]_i_6_n_0
                                                                      r  u_cve2_core/register_file_i/act_scale_hi_q_reg[2]_i_2/I0
                         MUXF7 (Prop_MUXF7_I0_O)      0.067     4.505 r  u_cve2_core/register_file_i/act_scale_hi_q_reg[2]_i_2/O
                         net (fo=2, unplaced)         0.139     4.644    u_cve2_core/register_file_i/act_scale_hi_q_reg[2]_i_2_n_0
                                                                      r  u_cve2_core/register_file_i/act_scale_hi_q[2]_i_1/I0
                         LUT6 (Prop_LUT6_I0_O)        0.100     4.744 r  u_cve2_core/register_file_i/act_scale_hi_q[2]_i_1/O
                         net (fo=18, unplaced)        0.233     4.977    u_cve2_core/vec_unit_i/rf_rdata_b[2]
                                                                      r  u_cve2_core/vec_unit_i/gen_intermediate_val_reg[1].imd_val_q[1][2]_i_2/I1
                         LUT3 (Prop_LUT3_I1_O)        0.070     5.047 r  u_cve2_core/vec_unit_i/gen_intermediate_val_reg[1].imd_val_q[1][2]_i_2/O
                         net (fo=44, unplaced)        0.172     5.219    u_cve2_core/ex_block_i/gen_multdiv_fast.multdiv_i/multdiv_operand_b_ex_mux[2]
                                                                      r  u_cve2_core/ex_block_i/gen_multdiv_fast.multdiv_i/gen_intermediate_val_reg[0].imd_val_q[0][11]_i_487/I0
                         LUT6 (Prop_LUT6_I0_O)        0.150     5.369 r  u_cve2_core/ex_block_i/gen_multdiv_fast.multdiv_i/gen_intermediate_val_reg[0].imd_val_q[0][11]_i_487/O
                         net (fo=2, unplaced)         0.186     5.555    u_cve2_core/vec_unit_i/gen_intermediate_val_reg[0].imd_val_q_reg[0][11]_i_243[1]
                                                                      r  u_cve2_core/vec_unit_i/gen_intermediate_val_reg[0].imd_val_q[0][11]_i_494/I0
                         LUT6 (Prop_LUT6_I0_O)        0.037     5.592 r  u_cve2_core/vec_unit_i/gen_intermediate_val_reg[0].imd_val_q[0][11]_i_494/O
                         net (fo=1, unplaced)         0.029     5.621    u_cve2_core/ex_block_i/gen_multdiv_fast.multdiv_i/gen_intermediate_val_reg[0].imd_val_q[0][11]_i_157_1[5]
                                                                      r  u_cve2_core/ex_block_i/gen_multdiv_fast.multdiv_i/gen_intermediate_val_reg[0].imd_val_q_reg[0][11]_i_243/S[5]
                         CARRY8 (Prop_CARRY8_S[5]_CO[7])
                                                      0.166     5.787 r  u_cve2_core/ex_block_i/gen_multdiv_fast.multdiv_i/gen_intermediate_val_reg[0].imd_val_q_reg[0][11]_i_243/CO[7]
                         net (fo=1, unplaced)         0.005     5.792    u_cve2_core/ex_block_i/gen_multdiv_fast.multdiv_i/gen_intermediate_val_reg[0].imd_val_q_reg[0][11]_i_243_n_0
                                                                      r  u_cve2_core/ex_block_i/gen_multdiv_fast.multdiv_i/gen_intermediate_val_reg[0].imd_val_q_reg[0][11]_i_240/CI
                         CARRY8 (Prop_CARRY8_CI_O[4])
                                                      0.086     5.878 r  u_cve2_core/ex_block_i/gen_multdiv_fast.multdiv_i/gen_intermediate_val_reg[0].imd_val_q_reg[0][11]_i_240/O[4]
                         net (fo=2, unplaced)         0.184     6.062    u_cve2_core/ex_block_i/gen_multdiv_fast.multdiv_i/gen_intermediate_val_reg[0].imd_val_q_reg[0][11]_i_240_n_11
                                                                      r  u_cve2_core/ex_block_i/gen_multdiv_fast.multdiv_i/gen_intermediate_val_reg[0].imd_val_q[0][11]_i_117/I2
                         LUT3 (Prop_LUT3_I2_O)        0.038     6.100 r  u_cve2_core/ex_block_i/gen_multdiv_fast.multdiv_i/gen_intermediate_val_reg[0].imd_val_q[0][11]_i_117/O
                         net (fo=2, unplaced)         0.186     6.286    u_cve2_core/ex_block_i/gen_multdiv_fast.multdiv_i/gen_intermediate_val_reg[0].imd_val_q[0][11]_i_117_n_0
                                                                      r  u_cve2_core/ex_block_i/gen_multdiv_fast.multdiv_i/gen_intermediate_val_reg[0].imd_val_q[0][11]_i_125/I3
                         LUT4 (Prop_LUT4_I3_O)        0.037     6.323 r  u_cve2_core/ex_block_i/gen_multdiv_fast.multdiv_i/gen_intermediate_val_reg[0].imd_val_q[0][11]_i_125/O
                         net (fo=1, unplaced)         0.029     6.352    u_cve2_core/ex_block_i/gen_multdiv_fast.multdiv_i/gen_intermediate_val_reg[0].imd_val_q[0][11]_i_125_n_0
                                                                      r  u_cve2_core/ex_block_i/gen_multdiv_fast.multdiv_i/gen_intermediate_val_reg[0].imd_val_q_reg[0][11]_i_67/S[5]
                         CARRY8 (Prop_CARRY8_S[5]_CO[7])
                                                      0.166     6.518 r  u_cve2_core/ex_block_i/gen_multdiv_fast.multdiv_i/gen_intermediate_val_reg[0].imd_val_q_reg[0][11]_i_67/CO[7]
                         net (fo=1, unplaced)         0.005     6.523    u_cve2_core/ex_block_i/gen_multdiv_fast.multdiv_i/gen_intermediate_val_reg[0].imd_val_q_reg[0][11]_i_67_n_0
                                                                      r  u_cve2_core/ex_block_i/gen_multdiv_fast.multdiv_i/gen_intermediate_val_reg[0].imd_val_q_reg[0][11]_i_233/CI
                         CARRY8 (Prop_CARRY8_CI_O[0])
                                                      0.056     6.579 r  u_cve2_core/ex_block_i/gen_multdiv_fast.multdiv_i/gen_intermediate_val_reg[0].imd_val_q_reg[0][11]_i_233/O[0]
                         net (fo=3, unplaced)         0.192     6.771    u_cve2_core/vec_unit_i/gen_intermediate_val_reg[0].imd_val_q[0][23]_i_37[0]
                                                                      r  u_cve2_core/vec_unit_i/gen_intermediate_val_reg[0].imd_val_q[0][23]_i_79/I4
                         LUT6 (Prop_LUT6_I4_O)        0.038     6.809 r  u_cve2_core/vec_unit_i/gen_intermediate_val_reg[0].imd_val_q[0][23]_i_79/O
                         net (fo=3, unplaced)         0.192     7.001    u_cve2_core/ex_block_i/gen_multdiv_fast.multdiv_i/gen_intermediate_val_reg[0].imd_val_q_reg[0][23]_i_26_1
                                                                      r  u_cve2_core/ex_block_i/gen_multdiv_fast.multdiv_i/gen_intermediate_val_reg[0].imd_val_q[0][23]_i_51/I0
                         LUT6 (Prop_LUT6_I0_O)        0.038     7.039 r  u_cve2_core/ex_block_i/gen_multdiv_fast.multdiv_i/gen_intermediate_val_reg[0].imd_val_q[0][23]_i_51/O
                         net (fo=1, unplaced)         0.020     7.059    u_cve2_core/ex_block_i/gen_multdiv_fast.multdiv_i/gen_intermediate_val_reg[0].imd_val_q[0][23]_i_51_n_0
                                                                      r  u_cve2_core/ex_block_i/gen_multdiv_fast.multdiv_i/gen_intermediate_val_reg[0].imd_val_q_reg[0][23]_i_26/S[0]
                         CARRY8 (Prop_CARRY8_S[0]_O[0])
                                                      0.065     7.124 r  u_cve2_core/ex_block_i/gen_multdiv_fast.multdiv_i/gen_intermediate_val_reg[0].imd_val_q_reg[0][23]_i_26/O[0]
                         net (fo=2, unplaced)         0.137     7.261    u_cve2_core/ex_block_i/gen_multdiv_fast.multdiv_i/gen_mult_single_cycle.mult1_res[16]
                                                                      r  u_cve2_core/ex_block_i/gen_multdiv_fast.multdiv_i/gen_intermediate_val_reg[0].imd_val_q[0][23]_i_24/I1
                         LUT3 (Prop_LUT3_I1_O)        0.053     7.314 r  u_cve2_core/ex_block_i/gen_multdiv_fast.multdiv_i/gen_intermediate_val_reg[0].imd_val_q[0][23]_i_24/O
                         net (fo=1, unplaced)         0.020     7.334    u_cve2_core/ex_block_i/gen_multdiv_fast.multdiv_i/gen_intermediate_val_reg[0].imd_val_q[0][23]_i_24_n_0
                                                                      r  u_cve2_core/ex_block_i/gen_multdiv_fast.multdiv_i/gen_intermediate_val_reg[0].imd_val_q_reg[0][23]_i_7/S[0]
                         CARRY8 (Prop_CARRY8_S[0]_O[0])
                                                      0.065     7.399 r  u_cve2_core/ex_block_i/gen_multdiv_fast.multdiv_i/gen_intermediate_val_reg[0].imd_val_q_reg[0][23]_i_7/O[0]
                         net (fo=4, unplaced)         0.198     7.597    u_cve2_core/if_stage_i/P[0]
                                                                      r  u_cve2_core/if_stage_i/g_rf_flops[31].rf_reg_q[31][0]_i_14/I3
                         LUT6 (Prop_LUT6_I3_O)        0.038     7.635 r  u_cve2_core/if_stage_i/g_rf_flops[31].rf_reg_q[31][0]_i_14/O
                         net (fo=1, unplaced)         0.186     7.821    u_cve2_core/if_stage_i/g_rf_flops[31].rf_reg_q[31][0]_i_14_n_0
                                                                      r  u_cve2_core/if_stage_i/g_rf_flops[31].rf_reg_q[31][0]_i_5/I0
                         LUT6 (Prop_LUT6_I0_O)        0.038     7.859 r  u_cve2_core/if_stage_i/g_rf_flops[31].rf_reg_q[31][0]_i_5/O
                         net (fo=1, unplaced)         0.186     8.045    u_cve2_core/if_stage_i/g_rf_flops[31].rf_reg_q[31][0]_i_5_n_0
                                                                      r  u_cve2_core/if_stage_i/g_rf_flops[31].rf_reg_q[31][0]_i_2/I0
                         LUT6 (Prop_LUT6_I0_O)        0.038     8.083 r  u_cve2_core/if_stage_i/g_rf_flops[31].rf_reg_q[31][0]_i_2/O
                         net (fo=4, unplaced)         0.198     8.281    u_cve2_core/vec_unit_i/i_vrf/result_ex[0]
                                                                      r  u_cve2_core/vec_unit_i/i_vrf/vrf_mem_reg_1_bram_0_i_59/I1
                         LUT6 (Prop_LUT6_I1_O)        0.038     8.319 f  u_cve2_core/vec_unit_i/i_vrf/vrf_mem_reg_1_bram_0_i_59/O
                         net (fo=14, unplaced)        0.227     8.546    u_cve2_core/vec_unit_i/i_vrf/vrf_mem_reg_1_bram_0_i_59_n_0
                                                                      f  u_cve2_core/vec_unit_i/i_vrf/data_addr_o_OBUF[31]_inst_i_3/I0
                         LUT5 (Prop_LUT5_I0_O)        0.038     8.584 r  u_cve2_core/vec_unit_i/i_vrf/data_addr_o_OBUF[31]_inst_i_3/O
                         net (fo=36, unplaced)        0.248     8.832    u_cve2_core/vec_unit_i/i_vrf/FSM_sequential_state_q_reg[0]
                                                                      r  u_cve2_core/vec_unit_i/i_vrf/data_we_o_OBUF_inst_i_2/I4
                         LUT5 (Prop_LUT5_I4_O)        0.038     8.870 r  u_cve2_core/vec_unit_i/i_vrf/data_we_o_OBUF_inst_i_2/O
                         net (fo=33, unplaced)        0.246     9.116    u_cve2_core/vec_unit_i/i_vrf/vec_data_we
                                                                      r  u_cve2_core/vec_unit_i/i_vrf/data_wdata_o_OBUF[0]_inst_i_1/I2
                         LUT5 (Prop_LUT5_I2_O)        0.038     9.154 r  u_cve2_core/vec_unit_i/i_vrf/data_wdata_o_OBUF[0]_inst_i_1/O
                         net (fo=1, unplaced)         0.553     9.707    data_wdata_o_OBUF[0]
                                                                      r  data_wdata_o_OBUF[0]_inst/I
                         OBUF (Prop_OBUF_I_O)         0.959    10.666 r  data_wdata_o_OBUF[0]_inst/O
                         net (fo=0)                   0.000    10.666    data_wdata_o[0]
                                                                      r  data_wdata_o[0] (OUT)
  -------------------------------------------------------------------    -------------------

Slack:                    inf
  Source:                 u_cve2_core/register_file_i/g_rf_flops[27].rf_reg_q_reg[27][2]/C
                            (rising edge-triggered cell FDCE clocked by clk_i  {rise@0.000ns fall@4.000ns period=8.000ns})
  Destination:            data_wdata_o[10]
                            (output port)
  Path Group:             (none)
  Path Type:              Max at Slow Process Corner
  Data Path Delay:        6.632ns  (logic 2.683ns (40.455%)  route 3.949ns (59.545%))
  Logic Levels:           25  (CARRY8=6 LUT3=3 LUT4=1 LUT5=3 LUT6=10 MUXF7=1 OBUF=1)
  Clock Uncertainty:      0.025ns  ((TSJ^2 + TIJ^2)^1/2 + DJ) / 2 + PE
    Total System Jitter     (TSJ):    0.050ns
    Total Input Jitter      (TIJ):    0.000ns
    Discrete Jitter          (DJ):    0.000ns
    Phase Error              (PE):    0.000ns

    Location             Delay type                Incr(ns)  Path(ns)    Netlist Resource(s)
  -------------------------------------------------------------------    -------------------
                         (clock clk_i rise edge)      0.000     0.000 r  
                                                      0.000     0.000 r  clk_i (IN)
                         net (fo=0)                   0.000     0.000    clk_i_IBUF_inst/I
                                                                      r  clk_i_IBUF_inst/INBUF_INST/PAD
                         INBUF (Prop_INBUF_PAD_O)     0.582     0.582 r  clk_i_IBUF_inst/INBUF_INST/O
                         net (fo=1, unplaced)         0.000     0.582    clk_i_IBUF_inst/OUT
                                                                      r  clk_i_IBUF_inst/IBUFCTRL_INST/I
                         IBUFCTRL (Prop_IBUFCTRL_I_O)
                                                      0.000     0.582 r  clk_i_IBUF_inst/IBUFCTRL_INST/O
                         net (fo=2, unplaced)         0.403     0.985    core_clock_gate_i/clk_i_IBUF
                                                                      r  core_clock_gate_i/clk_BUFG_inst_i_1/I0
                         LUT2 (Prop_LUT2_I0_O)        0.053     1.038 r  core_clock_gate_i/clk_BUFG_inst_i_1/O
                         net (fo=1, unplaced)         0.384     1.422    clk
                                                                      r  clk_BUFG_inst/I
                         BUFGCE (Prop_BUFGCE_I_O)     0.028     1.450 r  clk_BUFG_inst/O
                         net (fo=5360, unplaced)      2.584     4.034    u_cve2_core/register_file_i/clk_BUFG
                         FDCE                                         r  u_cve2_core/register_file_i/g_rf_flops[27].rf_reg_q_reg[27][2]/C
  -------------------------------------------------------------------    -------------------
                         FDCE (Prop_FDCE_C_Q)         0.077     4.111 r  u_cve2_core/register_file_i/g_rf_flops[27].rf_reg_q_reg[27][2]/Q
                         net (fo=2, unplaced)         0.154     4.265    u_cve2_core/register_file_i/g_rf_flops[27].rf_reg_q_reg[27]_4[2]
                                                                      r  u_cve2_core/register_file_i/act_scale_hi_q[2]_i_6/I0
                         LUT6 (Prop_LUT6_I0_O)        0.149     4.414 r  u_cve2_core/register_file_i/act_scale_hi_q[2]_i_6/O
                         net (fo=1, unplaced)         0.024     4.438    u_cve2_core/register_file_i/act_scale_hi_q[2]_i_6_n_0
                                                                      r  u_cve2_core/register_file_i/act_scale_hi_q_reg[2]_i_2/I0
                         MUXF7 (Prop_MUXF7_I0_O)      0.067     4.505 r  u_cve2_core/register_file_i/act_scale_hi_q_reg[2]_i_2/O
                         net (fo=2, unplaced)         0.139     4.644    u_cve2_core/register_file_i/act_scale_hi_q_reg[2]_i_2_n_0
                                                                      r  u_cve2_core/register_file_i/act_scale_hi_q[2]_i_1/I0
                         LUT6 (Prop_LUT6_I0_O)        0.100     4.744 r  u_cve2_core/register_file_i/act_scale_hi_q[2]_i_1/O
                         net (fo=18, unplaced)        0.233     4.977    u_cve2_core/vec_unit_i/rf_rdata_b[2]
                                                                      r  u_cve2_core/vec_unit_i/gen_intermediate_val_reg[1].imd_val_q[1][2]_i_2/I1
                         LUT3 (Prop_LUT3_I1_O)        0.070     5.047 r  u_cve2_core/vec_unit_i/gen_intermediate_val_reg[1].imd_val_q[1][2]_i_2/O
                         net (fo=44, unplaced)        0.172     5.219    u_cve2_core/ex_block_i/gen_multdiv_fast.multdiv_i/multdiv_operand_b_ex_mux[2]
                                                                      r  u_cve2_core/ex_block_i/gen_multdiv_fast.multdiv_i/gen_intermediate_val_reg[0].imd_val_q[0][11]_i_487/I0
                         LUT6 (Prop_LUT6_I0_O)        0.150     5.369 r  u_cve2_core/ex_block_i/gen_multdiv_fast.multdiv_i/gen_intermediate_val_reg[0].imd_val_q[0][11]_i_487/O
                         net (fo=2, unplaced)         0.186     5.555    u_cve2_core/vec_unit_i/gen_intermediate_val_reg[0].imd_val_q_reg[0][11]_i_243[1]
                                                                      r  u_cve2_core/vec_unit_i/gen_intermediate_val_reg[0].imd_val_q[0][11]_i_494/I0
                         LUT6 (Prop_LUT6_I0_O)        0.037     5.592 r  u_cve2_core/vec_unit_i/gen_intermediate_val_reg[0].imd_val_q[0][11]_i_494/O
                         net (fo=1, unplaced)         0.029     5.621    u_cve2_core/ex_block_i/gen_multdiv_fast.multdiv_i/gen_intermediate_val_reg[0].imd_val_q[0][11]_i_157_1[5]
                                                                      r  u_cve2_core/ex_block_i/gen_multdiv_fast.multdiv_i/gen_intermediate_val_reg[0].imd_val_q_reg[0][11]_i_243/S[5]
                         CARRY8 (Prop_CARRY8_S[5]_CO[7])
                                                      0.166     5.787 r  u_cve2_core/ex_block_i/gen_multdiv_fast.multdiv_i/gen_intermediate_val_reg[0].imd_val_q_reg[0][11]_i_243/CO[7]
                         net (fo=1, unplaced)         0.005     5.792    u_cve2_core/ex_block_i/gen_multdiv_fast.multdiv_i/gen_intermediate_val_reg[0].imd_val_q_reg[0][11]_i_243_n_0
                                                                      r  u_cve2_core/ex_block_i/gen_multdiv_fast.multdiv_i/gen_intermediate_val_reg[0].imd_val_q_reg[0][11]_i_240/CI
                         CARRY8 (Prop_CARRY8_CI_O[4])
                                                      0.086     5.878 r  u_cve2_core/ex_block_i/gen_multdiv_fast.multdiv_i/gen_intermediate_val_reg[0].imd_val_q_reg[0][11]_i_240/O[4]
                         net (fo=2, unplaced)         0.184     6.062    u_cve2_core/ex_block_i/gen_multdiv_fast.multdiv_i/gen_intermediate_val_reg[0].imd_val_q_reg[0][11]_i_240_n_11
                                                                      r  u_cve2_core/ex_block_i/gen_multdiv_fast.multdiv_i/gen_intermediate_val_reg[0].imd_val_q[0][11]_i_117/I2
                         LUT3 (Prop_LUT3_I2_O)        0.038     6.100 r  u_cve2_core/ex_block_i/gen_multdiv_fast.multdiv_i/gen_intermediate_val_reg[0].imd_val_q[0][11]_i_117/O
                         net (fo=2, unplaced)         0.186     6.286    u_cve2_core/ex_block_i/gen_multdiv_fast.multdiv_i/gen_intermediate_val_reg[0].imd_val_q[0][11]_i_117_n_0
                                                                      r  u_cve2_core/ex_block_i/gen_multdiv_fast.multdiv_i/gen_intermediate_val_reg[0].imd_val_q[0][11]_i_125/I3
                         LUT4 (Prop_LUT4_I3_O)        0.037     6.323 r  u_cve2_core/ex_block_i/gen_multdiv_fast.multdiv_i/gen_intermediate_val_reg[0].imd_val_q[0][11]_i_125/O
                         net (fo=1, unplaced)         0.029     6.352    u_cve2_core/ex_block_i/gen_multdiv_fast.multdiv_i/gen_intermediate_val_reg[0].imd_val_q[0][11]_i_125_n_0
                                                                      r  u_cve2_core/ex_block_i/gen_multdiv_fast.multdiv_i/gen_intermediate_val_reg[0].imd_val_q_reg[0][11]_i_67/S[5]
                         CARRY8 (Prop_CARRY8_S[5]_CO[7])
                                                      0.166     6.518 r  u_cve2_core/ex_block_i/gen_multdiv_fast.multdiv_i/gen_intermediate_val_reg[0].imd_val_q_reg[0][11]_i_67/CO[7]
                         net (fo=1, unplaced)         0.005     6.523    u_cve2_core/ex_block_i/gen_multdiv_fast.multdiv_i/gen_intermediate_val_reg[0].imd_val_q_reg[0][11]_i_67_n_0
                                                                      r  u_cve2_core/ex_block_i/gen_multdiv_fast.multdiv_i/gen_intermediate_val_reg[0].imd_val_q_reg[0][11]_i_233/CI
                         CARRY8 (Prop_CARRY8_CI_O[0])
                                                      0.056     6.579 r  u_cve2_core/ex_block_i/gen_multdiv_fast.multdiv_i/gen_intermediate_val_reg[0].imd_val_q_reg[0][11]_i_233/O[0]
                         net (fo=3, unplaced)         0.192     6.771    u_cve2_core/vec_unit_i/gen_intermediate_val_reg[0].imd_val_q[0][23]_i_37[0]
                                                                      r  u_cve2_core/vec_unit_i/gen_intermediate_val_reg[0].imd_val_q[0][23]_i_79/I4
                         LUT6 (Prop_LUT6_I4_O)        0.038     6.809 r  u_cve2_core/vec_unit_i/gen_intermediate_val_reg[0].imd_val_q[0][23]_i_79/O
                         net (fo=3, unplaced)         0.192     7.001    u_cve2_core/ex_block_i/gen_multdiv_fast.multdiv_i/gen_intermediate_val_reg[0].imd_val_q_reg[0][23]_i_26_1
                                                                      r  u_cve2_core/ex_block_i/gen_multdiv_fast.multdiv_i/gen_intermediate_val_reg[0].imd_val_q[0][23]_i_51/I0
                         LUT6 (Prop_LUT6_I0_O)        0.038     7.039 r  u_cve2_core/ex_block_i/gen_multdiv_fast.multdiv_i/gen_intermediate_val_reg[0].imd_val_q[0][23]_i_51/O
                         net (fo=1, unplaced)         0.020     7.059    u_cve2_core/ex_block_i/gen_multdiv_fast.multdiv_i/gen_intermediate_val_reg[0].imd_val_q[0][23]_i_51_n_0
                                                                      r  u_cve2_core/ex_block_i/gen_multdiv_fast.multdiv_i/gen_intermediate_val_reg[0].imd_val_q_reg[0][23]_i_26/S[0]
                         CARRY8 (Prop_CARRY8_S[0]_O[0])
                                                      0.065     7.124 r  u_cve2_core/ex_block_i/gen_multdiv_fast.multdiv_i/gen_intermediate_val_reg[0].imd_val_q_reg[0][23]_i_26/O[0]
                         net (fo=2, unplaced)         0.137     7.261    u_cve2_core/ex_block_i/gen_multdiv_fast.multdiv_i/gen_mult_single_cycle.mult1_res[16]
                                                                      r  u_cve2_core/ex_block_i/gen_multdiv_fast.multdiv_i/gen_intermediate_val_reg[0].imd_val_q[0][23]_i_24/I1
                         LUT3 (Prop_LUT3_I1_O)        0.053     7.314 r  u_cve2_core/ex_block_i/gen_multdiv_fast.multdiv_i/gen_intermediate_val_reg[0].imd_val_q[0][23]_i_24/O
                         net (fo=1, unplaced)         0.020     7.334    u_cve2_core/ex_block_i/gen_multdiv_fast.multdiv_i/gen_intermediate_val_reg[0].imd_val_q[0][23]_i_24_n_0
                                                                      r  u_cve2_core/ex_block_i/gen_multdiv_fast.multdiv_i/gen_intermediate_val_reg[0].imd_val_q_reg[0][23]_i_7/S[0]
                         CARRY8 (Prop_CARRY8_S[0]_O[0])
                                                      0.065     7.399 r  u_cve2_core/ex_block_i/gen_multdiv_fast.multdiv_i/gen_intermediate_val_reg[0].imd_val_q_reg[0][23]_i_7/O[0]
                         net (fo=4, unplaced)         0.198     7.597    u_cve2_core/if_stage_i/P[0]
                                                                      r  u_cve2_core/if_stage_i/g_rf_flops[31].rf_reg_q[31][0]_i_14/I3
                         LUT6 (Prop_LUT6_I3_O)        0.038     7.635 r  u_cve2_core/if_stage_i/g_rf_flops[31].rf_reg_q[31][0]_i_14/O
                         net (fo=1, unplaced)         0.186     7.821    u_cve2_core/if_stage_i/g_rf_flops[31].rf_reg_q[31][0]_i_14_n_0
                                                                      r  u_cve2_core/if_stage_i/g_rf_flops[31].rf_reg_q[31][0]_i_5/I0
                         LUT6 (Prop_LUT6_I0_O)        0.038     7.859 r  u_cve2_core/if_stage_i/g_rf_flops[31].rf_reg_q[31][0]_i_5/O
                         net (fo=1, unplaced)         0.186     8.045    u_cve2_core/if_stage_i/g_rf_flops[31].rf_reg_q[31][0]_i_5_n_0
                                                                      r  u_cve2_core/if_stage_i/g_rf_flops[31].rf_reg_q[31][0]_i_2/I0
                         LUT6 (Prop_LUT6_I0_O)        0.038     8.083 r  u_cve2_core/if_stage_i/g_rf_flops[31].rf_reg_q[31][0]_i_2/O
                         net (fo=4, unplaced)         0.198     8.281    u_cve2_core/vec_unit_i/i_vrf/result_ex[0]
                                                                      r  u_cve2_core/vec_unit_i/i_vrf/vrf_mem_reg_1_bram_0_i_59/I1
                         LUT6 (Prop_LUT6_I1_O)        0.038     8.319 f  u_cve2_core/vec_unit_i/i_vrf/vrf_mem_reg_1_bram_0_i_59/O
                         net (fo=14, unplaced)        0.227     8.546    u_cve2_core/vec_unit_i/i_vrf/vrf_mem_reg_1_bram_0_i_59_n_0
                                                                      f  u_cve2_core/vec_unit_i/i_vrf/data_addr_o_OBUF[31]_inst_i_3/I0
                         LUT5 (Prop_LUT5_I0_O)        0.038     8.584 r  u_cve2_core/vec_unit_i/i_vrf/data_addr_o_OBUF[31]_inst_i_3/O
                         net (fo=36, unplaced)        0.248     8.832    u_cve2_core/vec_unit_i/i_vrf/FSM_sequential_state_q_reg[0]
                                                                      r  u_cve2_core/vec_unit_i/i_vrf/data_we_o_OBUF_inst_i_2/I4
                         LUT5 (Prop_LUT5_I4_O)        0.038     8.870 r  u_cve2_core/vec_unit_i/i_vrf/data_we_o_OBUF_inst_i_2/O
                         net (fo=33, unplaced)        0.246     9.116    u_cve2_core/vec_unit_i/i_vrf/vec_data_we
                                                                      r  u_cve2_core/vec_unit_i/i_vrf/data_wdata_o_OBUF[10]_inst_i_1/I2
                         LUT5 (Prop_LUT5_I2_O)        0.038     9.154 r  u_cve2_core/vec_unit_i/i_vrf/data_wdata_o_OBUF[10]_inst_i_1/O
                         net (fo=1, unplaced)         0.553     9.707    data_wdata_o_OBUF[10]
                                                                      r  data_wdata_o_OBUF[10]_inst/I
                         OBUF (Prop_OBUF_I_O)         0.959    10.666 r  data_wdata_o_OBUF[10]_inst/O
                         net (fo=0)                   0.000    10.666    data_wdata_o[10]
                                                                      r  data_wdata_o[10] (OUT)
  -------------------------------------------------------------------    -------------------

Slack:                    inf
  Source:                 u_cve2_core/register_file_i/g_rf_flops[27].rf_reg_q_reg[27][2]/C
                            (rising edge-triggered cell FDCE clocked by clk_i  {rise@0.000ns fall@4.000ns period=8.000ns})
  Destination:            data_wdata_o[11]
                            (output port)
  Path Group:             (none)
  Path Type:              Max at Slow Process Corner
  Data Path Delay:        6.632ns  (logic 2.683ns (40.455%)  route 3.949ns (59.545%))
  Logic Levels:           25  (CARRY8=6 LUT3=3 LUT4=1 LUT5=3 LUT6=10 MUXF7=1 OBUF=1)
  Clock Uncertainty:      0.025ns  ((TSJ^2 + TIJ^2)^1/2 + DJ) / 2 + PE
    Total System Jitter     (TSJ):    0.050ns
    Total Input Jitter      (TIJ):    0.000ns
    Discrete Jitter          (DJ):    0.000ns
    Phase Error              (PE):    0.000ns

    Location             Delay type                Incr(ns)  Path(ns)    Netlist Resource(s)
  -------------------------------------------------------------------    -------------------
                         (clock clk_i rise edge)      0.000     0.000 r  
                                                      0.000     0.000 r  clk_i (IN)
                         net (fo=0)                   0.000     0.000    clk_i_IBUF_inst/I
                                                                      r  clk_i_IBUF_inst/INBUF_INST/PAD
                         INBUF (Prop_INBUF_PAD_O)     0.582     0.582 r  clk_i_IBUF_inst/INBUF_INST/O
                         net (fo=1, unplaced)         0.000     0.582    clk_i_IBUF_inst/OUT
                                                                      r  clk_i_IBUF_inst/IBUFCTRL_INST/I
                         IBUFCTRL (Prop_IBUFCTRL_I_O)
                                                      0.000     0.582 r  clk_i_IBUF_inst/IBUFCTRL_INST/O
                         net (fo=2, unplaced)         0.403     0.985    core_clock_gate_i/clk_i_IBUF
                                                                      r  core_clock_gate_i/clk_BUFG_inst_i_1/I0
                         LUT2 (Prop_LUT2_I0_O)        0.053     1.038 r  core_clock_gate_i/clk_BUFG_inst_i_1/O
                         net (fo=1, unplaced)         0.384     1.422    clk
                                                                      r  clk_BUFG_inst/I
                         BUFGCE (Prop_BUFGCE_I_O)     0.028     1.450 r  clk_BUFG_inst/O
                         net (fo=5360, unplaced)      2.584     4.034    u_cve2_core/register_file_i/clk_BUFG
                         FDCE                                         r  u_cve2_core/register_file_i/g_rf_flops[27].rf_reg_q_reg[27][2]/C
  -------------------------------------------------------------------    -------------------
                         FDCE (Prop_FDCE_C_Q)         0.077     4.111 r  u_cve2_core/register_file_i/g_rf_flops[27].rf_reg_q_reg[27][2]/Q
                         net (fo=2, unplaced)         0.154     4.265    u_cve2_core/register_file_i/g_rf_flops[27].rf_reg_q_reg[27]_4[2]
                                                                      r  u_cve2_core/register_file_i/act_scale_hi_q[2]_i_6/I0
                         LUT6 (Prop_LUT6_I0_O)        0.149     4.414 r  u_cve2_core/register_file_i/act_scale_hi_q[2]_i_6/O
                         net (fo=1, unplaced)         0.024     4.438    u_cve2_core/register_file_i/act_scale_hi_q[2]_i_6_n_0
                                                                      r  u_cve2_core/register_file_i/act_scale_hi_q_reg[2]_i_2/I0
                         MUXF7 (Prop_MUXF7_I0_O)      0.067     4.505 r  u_cve2_core/register_file_i/act_scale_hi_q_reg[2]_i_2/O
                         net (fo=2, unplaced)         0.139     4.644    u_cve2_core/register_file_i/act_scale_hi_q_reg[2]_i_2_n_0
                                                                      r  u_cve2_core/register_file_i/act_scale_hi_q[2]_i_1/I0
                         LUT6 (Prop_LUT6_I0_O)        0.100     4.744 r  u_cve2_core/register_file_i/act_scale_hi_q[2]_i_1/O
                         net (fo=18, unplaced)        0.233     4.977    u_cve2_core/vec_unit_i/rf_rdata_b[2]
                                                                      r  u_cve2_core/vec_unit_i/gen_intermediate_val_reg[1].imd_val_q[1][2]_i_2/I1
                         LUT3 (Prop_LUT3_I1_O)        0.070     5.047 r  u_cve2_core/vec_unit_i/gen_intermediate_val_reg[1].imd_val_q[1][2]_i_2/O
                         net (fo=44, unplaced)        0.172     5.219    u_cve2_core/ex_block_i/gen_multdiv_fast.multdiv_i/multdiv_operand_b_ex_mux[2]
                                                                      r  u_cve2_core/ex_block_i/gen_multdiv_fast.multdiv_i/gen_intermediate_val_reg[0].imd_val_q[0][11]_i_487/I0
                         LUT6 (Prop_LUT6_I0_O)        0.150     5.369 r  u_cve2_core/ex_block_i/gen_multdiv_fast.multdiv_i/gen_intermediate_val_reg[0].imd_val_q[0][11]_i_487/O
                         net (fo=2, unplaced)         0.186     5.555    u_cve2_core/vec_unit_i/gen_intermediate_val_reg[0].imd_val_q_reg[0][11]_i_243[1]
                                                                      r  u_cve2_core/vec_unit_i/gen_intermediate_val_reg[0].imd_val_q[0][11]_i_494/I0
                         LUT6 (Prop_LUT6_I0_O)        0.037     5.592 r  u_cve2_core/vec_unit_i/gen_intermediate_val_reg[0].imd_val_q[0][11]_i_494/O
                         net (fo=1, unplaced)         0.029     5.621    u_cve2_core/ex_block_i/gen_multdiv_fast.multdiv_i/gen_intermediate_val_reg[0].imd_val_q[0][11]_i_157_1[5]
                                                                      r  u_cve2_core/ex_block_i/gen_multdiv_fast.multdiv_i/gen_intermediate_val_reg[0].imd_val_q_reg[0][11]_i_243/S[5]
                         CARRY8 (Prop_CARRY8_S[5]_CO[7])
                                                      0.166     5.787 r  u_cve2_core/ex_block_i/gen_multdiv_fast.multdiv_i/gen_intermediate_val_reg[0].imd_val_q_reg[0][11]_i_243/CO[7]
                         net (fo=1, unplaced)         0.005     5.792    u_cve2_core/ex_block_i/gen_multdiv_fast.multdiv_i/gen_intermediate_val_reg[0].imd_val_q_reg[0][11]_i_243_n_0
                                                                      r  u_cve2_core/ex_block_i/gen_multdiv_fast.multdiv_i/gen_intermediate_val_reg[0].imd_val_q_reg[0][11]_i_240/CI
                         CARRY8 (Prop_CARRY8_CI_O[4])
                                                      0.086     5.878 r  u_cve2_core/ex_block_i/gen_multdiv_fast.multdiv_i/gen_intermediate_val_reg[0].imd_val_q_reg[0][11]_i_240/O[4]
                         net (fo=2, unplaced)         0.184     6.062    u_cve2_core/ex_block_i/gen_multdiv_fast.multdiv_i/gen_intermediate_val_reg[0].imd_val_q_reg[0][11]_i_240_n_11
                                                                      r  u_cve2_core/ex_block_i/gen_multdiv_fast.multdiv_i/gen_intermediate_val_reg[0].imd_val_q[0][11]_i_117/I2
                         LUT3 (Prop_LUT3_I2_O)        0.038     6.100 r  u_cve2_core/ex_block_i/gen_multdiv_fast.multdiv_i/gen_intermediate_val_reg[0].imd_val_q[0][11]_i_117/O
                         net (fo=2, unplaced)         0.186     6.286    u_cve2_core/ex_block_i/gen_multdiv_fast.multdiv_i/gen_intermediate_val_reg[0].imd_val_q[0][11]_i_117_n_0
                                                                      r  u_cve2_core/ex_block_i/gen_multdiv_fast.multdiv_i/gen_intermediate_val_reg[0].imd_val_q[0][11]_i_125/I3
                         LUT4 (Prop_LUT4_I3_O)        0.037     6.323 r  u_cve2_core/ex_block_i/gen_multdiv_fast.multdiv_i/gen_intermediate_val_reg[0].imd_val_q[0][11]_i_125/O
                         net (fo=1, unplaced)         0.029     6.352    u_cve2_core/ex_block_i/gen_multdiv_fast.multdiv_i/gen_intermediate_val_reg[0].imd_val_q[0][11]_i_125_n_0
                                                                      r  u_cve2_core/ex_block_i/gen_multdiv_fast.multdiv_i/gen_intermediate_val_reg[0].imd_val_q_reg[0][11]_i_67/S[5]
                         CARRY8 (Prop_CARRY8_S[5]_CO[7])
                                                      0.166     6.518 r  u_cve2_core/ex_block_i/gen_multdiv_fast.multdiv_i/gen_intermediate_val_reg[0].imd_val_q_reg[0][11]_i_67/CO[7]
                         net (fo=1, unplaced)         0.005     6.523    u_cve2_core/ex_block_i/gen_multdiv_fast.multdiv_i/gen_intermediate_val_reg[0].imd_val_q_reg[0][11]_i_67_n_0
                                                                      r  u_cve2_core/ex_block_i/gen_multdiv_fast.multdiv_i/gen_intermediate_val_reg[0].imd_val_q_reg[0][11]_i_233/CI
                         CARRY8 (Prop_CARRY8_CI_O[0])
                                                      0.056     6.579 r  u_cve2_core/ex_block_i/gen_multdiv_fast.multdiv_i/gen_intermediate_val_reg[0].imd_val_q_reg[0][11]_i_233/O[0]
                         net (fo=3, unplaced)         0.192     6.771    u_cve2_core/vec_unit_i/gen_intermediate_val_reg[0].imd_val_q[0][23]_i_37[0]
                                                                      r  u_cve2_core/vec_unit_i/gen_intermediate_val_reg[0].imd_val_q[0][23]_i_79/I4
                         LUT6 (Prop_LUT6_I4_O)        0.038     6.809 r  u_cve2_core/vec_unit_i/gen_intermediate_val_reg[0].imd_val_q[0][23]_i_79/O
                         net (fo=3, unplaced)         0.192     7.001    u_cve2_core/ex_block_i/gen_multdiv_fast.multdiv_i/gen_intermediate_val_reg[0].imd_val_q_reg[0][23]_i_26_1
                                                                      r  u_cve2_core/ex_block_i/gen_multdiv_fast.multdiv_i/gen_intermediate_val_reg[0].imd_val_q[0][23]_i_51/I0
                         LUT6 (Prop_LUT6_I0_O)        0.038     7.039 r  u_cve2_core/ex_block_i/gen_multdiv_fast.multdiv_i/gen_intermediate_val_reg[0].imd_val_q[0][23]_i_51/O
                         net (fo=1, unplaced)         0.020     7.059    u_cve2_core/ex_block_i/gen_multdiv_fast.multdiv_i/gen_intermediate_val_reg[0].imd_val_q[0][23]_i_51_n_0
                                                                      r  u_cve2_core/ex_block_i/gen_multdiv_fast.multdiv_i/gen_intermediate_val_reg[0].imd_val_q_reg[0][23]_i_26/S[0]
                         CARRY8 (Prop_CARRY8_S[0]_O[0])
                                                      0.065     7.124 r  u_cve2_core/ex_block_i/gen_multdiv_fast.multdiv_i/gen_intermediate_val_reg[0].imd_val_q_reg[0][23]_i_26/O[0]
                         net (fo=2, unplaced)         0.137     7.261    u_cve2_core/ex_block_i/gen_multdiv_fast.multdiv_i/gen_mult_single_cycle.mult1_res[16]
                                                                      r  u_cve2_core/ex_block_i/gen_multdiv_fast.multdiv_i/gen_intermediate_val_reg[0].imd_val_q[0][23]_i_24/I1
                         LUT3 (Prop_LUT3_I1_O)        0.053     7.314 r  u_cve2_core/ex_block_i/gen_multdiv_fast.multdiv_i/gen_intermediate_val_reg[0].imd_val_q[0][23]_i_24/O
                         net (fo=1, unplaced)         0.020     7.334    u_cve2_core/ex_block_i/gen_multdiv_fast.multdiv_i/gen_intermediate_val_reg[0].imd_val_q[0][23]_i_24_n_0
                                                                      r  u_cve2_core/ex_block_i/gen_multdiv_fast.multdiv_i/gen_intermediate_val_reg[0].imd_val_q_reg[0][23]_i_7/S[0]
                         CARRY8 (Prop_CARRY8_S[0]_O[0])
                                                      0.065     7.399 r  u_cve2_core/ex_block_i/gen_multdiv_fast.multdiv_i/gen_intermediate_val_reg[0].imd_val_q_reg[0][23]_i_7/O[0]
                         net (fo=4, unplaced)         0.198     7.597    u_cve2_core/if_stage_i/P[0]
                                                                      r  u_cve2_core/if_stage_i/g_rf_flops[31].rf_reg_q[31][0]_i_14/I3
                         LUT6 (Prop_LUT6_I3_O)        0.038     7.635 r  u_cve2_core/if_stage_i/g_rf_flops[31].rf_reg_q[31][0]_i_14/O
                         net (fo=1, unplaced)         0.186     7.821    u_cve2_core/if_stage_i/g_rf_flops[31].rf_reg_q[31][0]_i_14_n_0
                                                                      r  u_cve2_core/if_stage_i/g_rf_flops[31].rf_reg_q[31][0]_i_5/I0
                         LUT6 (Prop_LUT6_I0_O)        0.038     7.859 r  u_cve2_core/if_stage_i/g_rf_flops[31].rf_reg_q[31][0]_i_5/O
                         net (fo=1, unplaced)         0.186     8.045    u_cve2_core/if_stage_i/g_rf_flops[31].rf_reg_q[31][0]_i_5_n_0
                                                                      r  u_cve2_core/if_stage_i/g_rf_flops[31].rf_reg_q[31][0]_i_2/I0
                         LUT6 (Prop_LUT6_I0_O)        0.038     8.083 r  u_cve2_core/if_stage_i/g_rf_flops[31].rf_reg_q[31][0]_i_2/O
                         net (fo=4, unplaced)         0.198     8.281    u_cve2_core/vec_unit_i/i_vrf/result_ex[0]
                                                                      r  u_cve2_core/vec_unit_i/i_vrf/vrf_mem_reg_1_bram_0_i_59/I1
                         LUT6 (Prop_LUT6_I1_O)        0.038     8.319 f  u_cve2_core/vec_unit_i/i_vrf/vrf_mem_reg_1_bram_0_i_59/O
                         net (fo=14, unplaced)        0.227     8.546    u_cve2_core/vec_unit_i/i_vrf/vrf_mem_reg_1_bram_0_i_59_n_0
                                                                      f  u_cve2_core/vec_unit_i/i_vrf/data_addr_o_OBUF[31]_inst_i_3/I0
                         LUT5 (Prop_LUT5_I0_O)        0.038     8.584 r  u_cve2_core/vec_unit_i/i_vrf/data_addr_o_OBUF[31]_inst_i_3/O
                         net (fo=36, unplaced)        0.248     8.832    u_cve2_core/vec_unit_i/i_vrf/FSM_sequential_state_q_reg[0]
                                                                      r  u_cve2_core/vec_unit_i/i_vrf/data_we_o_OBUF_inst_i_2/I4
                         LUT5 (Prop_LUT5_I4_O)        0.038     8.870 r  u_cve2_core/vec_unit_i/i_vrf/data_we_o_OBUF_inst_i_2/O
                         net (fo=33, unplaced)        0.246     9.116    u_cve2_core/vec_unit_i/i_vrf/vec_data_we
                                                                      r  u_cve2_core/vec_unit_i/i_vrf/data_wdata_o_OBUF[11]_inst_i_1/I2
                         LUT5 (Prop_LUT5_I2_O)        0.038     9.154 r  u_cve2_core/vec_unit_i/i_vrf/data_wdata_o_OBUF[11]_inst_i_1/O
                         net (fo=1, unplaced)         0.553     9.707    data_wdata_o_OBUF[11]
                                                                      r  data_wdata_o_OBUF[11]_inst/I
                         OBUF (Prop_OBUF_I_O)         0.959    10.666 r  data_wdata_o_OBUF[11]_inst/O
                         net (fo=0)                   0.000    10.666    data_wdata_o[11]
                                                                      r  data_wdata_o[11] (OUT)
  -------------------------------------------------------------------    -------------------

Slack:                    inf
  Source:                 u_cve2_core/register_file_i/g_rf_flops[27].rf_reg_q_reg[27][2]/C
                            (rising edge-triggered cell FDCE clocked by clk_i  {rise@0.000ns fall@4.000ns period=8.000ns})
  Destination:            data_wdata_o[12]
                            (output port)
  Path Group:             (none)
  Path Type:              Max at Slow Process Corner
  Data Path Delay:        6.632ns  (logic 2.683ns (40.455%)  route 3.949ns (59.545%))
  Logic Levels:           25  (CARRY8=6 LUT3=3 LUT4=1 LUT5=3 LUT6=10 MUXF7=1 OBUF=1)
  Clock Uncertainty:      0.025ns  ((TSJ^2 + TIJ^2)^1/2 + DJ) / 2 + PE
    Total System Jitter     (TSJ):    0.050ns
    Total Input Jitter      (TIJ):    0.000ns
    Discrete Jitter          (DJ):    0.000ns
    Phase Error              (PE):    0.000ns

    Location             Delay type                Incr(ns)  Path(ns)    Netlist Resource(s)
  -------------------------------------------------------------------    -------------------
                         (clock clk_i rise edge)      0.000     0.000 r  
                                                      0.000     0.000 r  clk_i (IN)
                         net (fo=0)                   0.000     0.000    clk_i_IBUF_inst/I
                                                                      r  clk_i_IBUF_inst/INBUF_INST/PAD
                         INBUF (Prop_INBUF_PAD_O)     0.582     0.582 r  clk_i_IBUF_inst/INBUF_INST/O
                         net (fo=1, unplaced)         0.000     0.582    clk_i_IBUF_inst/OUT
                                                                      r  clk_i_IBUF_inst/IBUFCTRL_INST/I
                         IBUFCTRL (Prop_IBUFCTRL_I_O)
                                                      0.000     0.582 r  clk_i_IBUF_inst/IBUFCTRL_INST/O
                         net (fo=2, unplaced)         0.403     0.985    core_clock_gate_i/clk_i_IBUF
                                                                      r  core_clock_gate_i/clk_BUFG_inst_i_1/I0
                         LUT2 (Prop_LUT2_I0_O)        0.053     1.038 r  core_clock_gate_i/clk_BUFG_inst_i_1/O
                         net (fo=1, unplaced)         0.384     1.422    clk
                                                                      r  clk_BUFG_inst/I
                         BUFGCE (Prop_BUFGCE_I_O)     0.028     1.450 r  clk_BUFG_inst/O
                         net (fo=5360, unplaced)      2.584     4.034    u_cve2_core/register_file_i/clk_BUFG
                         FDCE                                         r  u_cve2_core/register_file_i/g_rf_flops[27].rf_reg_q_reg[27][2]/C
  -------------------------------------------------------------------    -------------------
                         FDCE (Prop_FDCE_C_Q)         0.077     4.111 r  u_cve2_core/register_file_i/g_rf_flops[27].rf_reg_q_reg[27][2]/Q
                         net (fo=2, unplaced)         0.154     4.265    u_cve2_core/register_file_i/g_rf_flops[27].rf_reg_q_reg[27]_4[2]
                                                                      r  u_cve2_core/register_file_i/act_scale_hi_q[2]_i_6/I0
                         LUT6 (Prop_LUT6_I0_O)        0.149     4.414 r  u_cve2_core/register_file_i/act_scale_hi_q[2]_i_6/O
                         net (fo=1, unplaced)         0.024     4.438    u_cve2_core/register_file_i/act_scale_hi_q[2]_i_6_n_0
                                                                      r  u_cve2_core/register_file_i/act_scale_hi_q_reg[2]_i_2/I0
                         MUXF7 (Prop_MUXF7_I0_O)      0.067     4.505 r  u_cve2_core/register_file_i/act_scale_hi_q_reg[2]_i_2/O
                         net (fo=2, unplaced)         0.139     4.644    u_cve2_core/register_file_i/act_scale_hi_q_reg[2]_i_2_n_0
                                                                      r  u_cve2_core/register_file_i/act_scale_hi_q[2]_i_1/I0
                         LUT6 (Prop_LUT6_I0_O)        0.100     4.744 r  u_cve2_core/register_file_i/act_scale_hi_q[2]_i_1/O
                         net (fo=18, unplaced)        0.233     4.977    u_cve2_core/vec_unit_i/rf_rdata_b[2]
                                                                      r  u_cve2_core/vec_unit_i/gen_intermediate_val_reg[1].imd_val_q[1][2]_i_2/I1
                         LUT3 (Prop_LUT3_I1_O)        0.070     5.047 r  u_cve2_core/vec_unit_i/gen_intermediate_val_reg[1].imd_val_q[1][2]_i_2/O
                         net (fo=44, unplaced)        0.172     5.219    u_cve2_core/ex_block_i/gen_multdiv_fast.multdiv_i/multdiv_operand_b_ex_mux[2]
                                                                      r  u_cve2_core/ex_block_i/gen_multdiv_fast.multdiv_i/gen_intermediate_val_reg[0].imd_val_q[0][11]_i_487/I0
                         LUT6 (Prop_LUT6_I0_O)        0.150     5.369 r  u_cve2_core/ex_block_i/gen_multdiv_fast.multdiv_i/gen_intermediate_val_reg[0].imd_val_q[0][11]_i_487/O
                         net (fo=2, unplaced)         0.186     5.555    u_cve2_core/vec_unit_i/gen_intermediate_val_reg[0].imd_val_q_reg[0][11]_i_243[1]
                                                                      r  u_cve2_core/vec_unit_i/gen_intermediate_val_reg[0].imd_val_q[0][11]_i_494/I0
                         LUT6 (Prop_LUT6_I0_O)        0.037     5.592 r  u_cve2_core/vec_unit_i/gen_intermediate_val_reg[0].imd_val_q[0][11]_i_494/O
                         net (fo=1, unplaced)         0.029     5.621    u_cve2_core/ex_block_i/gen_multdiv_fast.multdiv_i/gen_intermediate_val_reg[0].imd_val_q[0][11]_i_157_1[5]
                                                                      r  u_cve2_core/ex_block_i/gen_multdiv_fast.multdiv_i/gen_intermediate_val_reg[0].imd_val_q_reg[0][11]_i_243/S[5]
                         CARRY8 (Prop_CARRY8_S[5]_CO[7])
                                                      0.166     5.787 r  u_cve2_core/ex_block_i/gen_multdiv_fast.multdiv_i/gen_intermediate_val_reg[0].imd_val_q_reg[0][11]_i_243/CO[7]
                         net (fo=1, unplaced)         0.005     5.792    u_cve2_core/ex_block_i/gen_multdiv_fast.multdiv_i/gen_intermediate_val_reg[0].imd_val_q_reg[0][11]_i_243_n_0
                                                                      r  u_cve2_core/ex_block_i/gen_multdiv_fast.multdiv_i/gen_intermediate_val_reg[0].imd_val_q_reg[0][11]_i_240/CI
                         CARRY8 (Prop_CARRY8_CI_O[4])
                                                      0.086     5.878 r  u_cve2_core/ex_block_i/gen_multdiv_fast.multdiv_i/gen_intermediate_val_reg[0].imd_val_q_reg[0][11]_i_240/O[4]
                         net (fo=2, unplaced)         0.184     6.062    u_cve2_core/ex_block_i/gen_multdiv_fast.multdiv_i/gen_intermediate_val_reg[0].imd_val_q_reg[0][11]_i_240_n_11
                                                                      r  u_cve2_core/ex_block_i/gen_multdiv_fast.multdiv_i/gen_intermediate_val_reg[0].imd_val_q[0][11]_i_117/I2
                         LUT3 (Prop_LUT3_I2_O)        0.038     6.100 r  u_cve2_core/ex_block_i/gen_multdiv_fast.multdiv_i/gen_intermediate_val_reg[0].imd_val_q[0][11]_i_117/O
                         net (fo=2, unplaced)         0.186     6.286    u_cve2_core/ex_block_i/gen_multdiv_fast.multdiv_i/gen_intermediate_val_reg[0].imd_val_q[0][11]_i_117_n_0
                                                                      r  u_cve2_core/ex_block_i/gen_multdiv_fast.multdiv_i/gen_intermediate_val_reg[0].imd_val_q[0][11]_i_125/I3
                         LUT4 (Prop_LUT4_I3_O)        0.037     6.323 r  u_cve2_core/ex_block_i/gen_multdiv_fast.multdiv_i/gen_intermediate_val_reg[0].imd_val_q[0][11]_i_125/O
                         net (fo=1, unplaced)         0.029     6.352    u_cve2_core/ex_block_i/gen_multdiv_fast.multdiv_i/gen_intermediate_val_reg[0].imd_val_q[0][11]_i_125_n_0
                                                                      r  u_cve2_core/ex_block_i/gen_multdiv_fast.multdiv_i/gen_intermediate_val_reg[0].imd_val_q_reg[0][11]_i_67/S[5]
                         CARRY8 (Prop_CARRY8_S[5]_CO[7])
                                                      0.166     6.518 r  u_cve2_core/ex_block_i/gen_multdiv_fast.multdiv_i/gen_intermediate_val_reg[0].imd_val_q_reg[0][11]_i_67/CO[7]
                         net (fo=1, unplaced)         0.005     6.523    u_cve2_core/ex_block_i/gen_multdiv_fast.multdiv_i/gen_intermediate_val_reg[0].imd_val_q_reg[0][11]_i_67_n_0
                                                                      r  u_cve2_core/ex_block_i/gen_multdiv_fast.multdiv_i/gen_intermediate_val_reg[0].imd_val_q_reg[0][11]_i_233/CI
                         CARRY8 (Prop_CARRY8_CI_O[0])
                                                      0.056     6.579 r  u_cve2_core/ex_block_i/gen_multdiv_fast.multdiv_i/gen_intermediate_val_reg[0].imd_val_q_reg[0][11]_i_233/O[0]
                         net (fo=3, unplaced)         0.192     6.771    u_cve2_core/vec_unit_i/gen_intermediate_val_reg[0].imd_val_q[0][23]_i_37[0]
                                                                      r  u_cve2_core/vec_unit_i/gen_intermediate_val_reg[0].imd_val_q[0][23]_i_79/I4
                         LUT6 (Prop_LUT6_I4_O)        0.038     6.809 r  u_cve2_core/vec_unit_i/gen_intermediate_val_reg[0].imd_val_q[0][23]_i_79/O
                         net (fo=3, unplaced)         0.192     7.001    u_cve2_core/ex_block_i/gen_multdiv_fast.multdiv_i/gen_intermediate_val_reg[0].imd_val_q_reg[0][23]_i_26_1
                                                                      r  u_cve2_core/ex_block_i/gen_multdiv_fast.multdiv_i/gen_intermediate_val_reg[0].imd_val_q[0][23]_i_51/I0
                         LUT6 (Prop_LUT6_I0_O)        0.038     7.039 r  u_cve2_core/ex_block_i/gen_multdiv_fast.multdiv_i/gen_intermediate_val_reg[0].imd_val_q[0][23]_i_51/O
                         net (fo=1, unplaced)         0.020     7.059    u_cve2_core/ex_block_i/gen_multdiv_fast.multdiv_i/gen_intermediate_val_reg[0].imd_val_q[0][23]_i_51_n_0
                                                                      r  u_cve2_core/ex_block_i/gen_multdiv_fast.multdiv_i/gen_intermediate_val_reg[0].imd_val_q_reg[0][23]_i_26/S[0]
                         CARRY8 (Prop_CARRY8_S[0]_O[0])
                                                      0.065     7.124 r  u_cve2_core/ex_block_i/gen_multdiv_fast.multdiv_i/gen_intermediate_val_reg[0].imd_val_q_reg[0][23]_i_26/O[0]
                         net (fo=2, unplaced)         0.137     7.261    u_cve2_core/ex_block_i/gen_multdiv_fast.multdiv_i/gen_mult_single_cycle.mult1_res[16]
                                                                      r  u_cve2_core/ex_block_i/gen_multdiv_fast.multdiv_i/gen_intermediate_val_reg[0].imd_val_q[0][23]_i_24/I1
                         LUT3 (Prop_LUT3_I1_O)        0.053     7.314 r  u_cve2_core/ex_block_i/gen_multdiv_fast.multdiv_i/gen_intermediate_val_reg[0].imd_val_q[0][23]_i_24/O
                         net (fo=1, unplaced)         0.020     7.334    u_cve2_core/ex_block_i/gen_multdiv_fast.multdiv_i/gen_intermediate_val_reg[0].imd_val_q[0][23]_i_24_n_0
                                                                      r  u_cve2_core/ex_block_i/gen_multdiv_fast.multdiv_i/gen_intermediate_val_reg[0].imd_val_q_reg[0][23]_i_7/S[0]
                         CARRY8 (Prop_CARRY8_S[0]_O[0])
                                                      0.065     7.399 r  u_cve2_core/ex_block_i/gen_multdiv_fast.multdiv_i/gen_intermediate_val_reg[0].imd_val_q_reg[0][23]_i_7/O[0]
                         net (fo=4, unplaced)         0.198     7.597    u_cve2_core/if_stage_i/P[0]
                                                                      r  u_cve2_core/if_stage_i/g_rf_flops[31].rf_reg_q[31][0]_i_14/I3
                         LUT6 (Prop_LUT6_I3_O)        0.038     7.635 r  u_cve2_core/if_stage_i/g_rf_flops[31].rf_reg_q[31][0]_i_14/O
                         net (fo=1, unplaced)         0.186     7.821    u_cve2_core/if_stage_i/g_rf_flops[31].rf_reg_q[31][0]_i_14_n_0
                                                                      r  u_cve2_core/if_stage_i/g_rf_flops[31].rf_reg_q[31][0]_i_5/I0
                         LUT6 (Prop_LUT6_I0_O)        0.038     7.859 r  u_cve2_core/if_stage_i/g_rf_flops[31].rf_reg_q[31][0]_i_5/O
                         net (fo=1, unplaced)         0.186     8.045    u_cve2_core/if_stage_i/g_rf_flops[31].rf_reg_q[31][0]_i_5_n_0
                                                                      r  u_cve2_core/if_stage_i/g_rf_flops[31].rf_reg_q[31][0]_i_2/I0
                         LUT6 (Prop_LUT6_I0_O)        0.038     8.083 r  u_cve2_core/if_stage_i/g_rf_flops[31].rf_reg_q[31][0]_i_2/O
                         net (fo=4, unplaced)         0.198     8.281    u_cve2_core/vec_unit_i/i_vrf/result_ex[0]
                                                                      r  u_cve2_core/vec_unit_i/i_vrf/vrf_mem_reg_1_bram_0_i_59/I1
                         LUT6 (Prop_LUT6_I1_O)        0.038     8.319 f  u_cve2_core/vec_unit_i/i_vrf/vrf_mem_reg_1_bram_0_i_59/O
                         net (fo=14, unplaced)        0.227     8.546    u_cve2_core/vec_unit_i/i_vrf/vrf_mem_reg_1_bram_0_i_59_n_0
                                                                      f  u_cve2_core/vec_unit_i/i_vrf/data_addr_o_OBUF[31]_inst_i_3/I0
                         LUT5 (Prop_LUT5_I0_O)        0.038     8.584 r  u_cve2_core/vec_unit_i/i_vrf/data_addr_o_OBUF[31]_inst_i_3/O
                         net (fo=36, unplaced)        0.248     8.832    u_cve2_core/vec_unit_i/i_vrf/FSM_sequential_state_q_reg[0]
                                                                      r  u_cve2_core/vec_unit_i/i_vrf/data_we_o_OBUF_inst_i_2/I4
                         LUT5 (Prop_LUT5_I4_O)        0.038     8.870 r  u_cve2_core/vec_unit_i/i_vrf/data_we_o_OBUF_inst_i_2/O
                         net (fo=33, unplaced)        0.246     9.116    u_cve2_core/vec_unit_i/i_vrf/vec_data_we
                                                                      r  u_cve2_core/vec_unit_i/i_vrf/data_wdata_o_OBUF[12]_inst_i_1/I2
                         LUT5 (Prop_LUT5_I2_O)        0.038     9.154 r  u_cve2_core/vec_unit_i/i_vrf/data_wdata_o_OBUF[12]_inst_i_1/O
                         net (fo=1, unplaced)         0.553     9.707    data_wdata_o_OBUF[12]
                                                                      r  data_wdata_o_OBUF[12]_inst/I
                         OBUF (Prop_OBUF_I_O)         0.959    10.666 r  data_wdata_o_OBUF[12]_inst/O
                         net (fo=0)                   0.000    10.666    data_wdata_o[12]
                                                                      r  data_wdata_o[12] (OUT)
  -------------------------------------------------------------------    -------------------

Slack:                    inf
  Source:                 u_cve2_core/register_file_i/g_rf_flops[27].rf_reg_q_reg[27][2]/C
                            (rising edge-triggered cell FDCE clocked by clk_i  {rise@0.000ns fall@4.000ns period=8.000ns})
  Destination:            data_wdata_o[13]
                            (output port)
  Path Group:             (none)
  Path Type:              Max at Slow Process Corner
  Data Path Delay:        6.632ns  (logic 2.683ns (40.455%)  route 3.949ns (59.545%))
  Logic Levels:           25  (CARRY8=6 LUT3=3 LUT4=1 LUT5=3 LUT6=10 MUXF7=1 OBUF=1)
  Clock Uncertainty:      0.025ns  ((TSJ^2 + TIJ^2)^1/2 + DJ) / 2 + PE
    Total System Jitter     (TSJ):    0.050ns
    Total Input Jitter      (TIJ):    0.000ns
    Discrete Jitter          (DJ):    0.000ns
    Phase Error              (PE):    0.000ns

    Location             Delay type                Incr(ns)  Path(ns)    Netlist Resource(s)
  -------------------------------------------------------------------    -------------------
                         (clock clk_i rise edge)      0.000     0.000 r  
                                                      0.000     0.000 r  clk_i (IN)
                         net (fo=0)                   0.000     0.000    clk_i_IBUF_inst/I
                                                                      r  clk_i_IBUF_inst/INBUF_INST/PAD
                         INBUF (Prop_INBUF_PAD_O)     0.582     0.582 r  clk_i_IBUF_inst/INBUF_INST/O
                         net (fo=1, unplaced)         0.000     0.582    clk_i_IBUF_inst/OUT
                                                                      r  clk_i_IBUF_inst/IBUFCTRL_INST/I
                         IBUFCTRL (Prop_IBUFCTRL_I_O)
                                                      0.000     0.582 r  clk_i_IBUF_inst/IBUFCTRL_INST/O
                         net (fo=2, unplaced)         0.403     0.985    core_clock_gate_i/clk_i_IBUF
                                                                      r  core_clock_gate_i/clk_BUFG_inst_i_1/I0
                         LUT2 (Prop_LUT2_I0_O)        0.053     1.038 r  core_clock_gate_i/clk_BUFG_inst_i_1/O
                         net (fo=1, unplaced)         0.384     1.422    clk
                                                                      r  clk_BUFG_inst/I
                         BUFGCE (Prop_BUFGCE_I_O)     0.028     1.450 r  clk_BUFG_inst/O
                         net (fo=5360, unplaced)      2.584     4.034    u_cve2_core/register_file_i/clk_BUFG
                         FDCE                                         r  u_cve2_core/register_file_i/g_rf_flops[27].rf_reg_q_reg[27][2]/C
  -------------------------------------------------------------------    -------------------
                         FDCE (Prop_FDCE_C_Q)         0.077     4.111 r  u_cve2_core/register_file_i/g_rf_flops[27].rf_reg_q_reg[27][2]/Q
                         net (fo=2, unplaced)         0.154     4.265    u_cve2_core/register_file_i/g_rf_flops[27].rf_reg_q_reg[27]_4[2]
                                                                      r  u_cve2_core/register_file_i/act_scale_hi_q[2]_i_6/I0
                         LUT6 (Prop_LUT6_I0_O)        0.149     4.414 r  u_cve2_core/register_file_i/act_scale_hi_q[2]_i_6/O
                         net (fo=1, unplaced)         0.024     4.438    u_cve2_core/register_file_i/act_scale_hi_q[2]_i_6_n_0
                                                                      r  u_cve2_core/register_file_i/act_scale_hi_q_reg[2]_i_2/I0
                         MUXF7 (Prop_MUXF7_I0_O)      0.067     4.505 r  u_cve2_core/register_file_i/act_scale_hi_q_reg[2]_i_2/O
                         net (fo=2, unplaced)         0.139     4.644    u_cve2_core/register_file_i/act_scale_hi_q_reg[2]_i_2_n_0
                                                                      r  u_cve2_core/register_file_i/act_scale_hi_q[2]_i_1/I0
                         LUT6 (Prop_LUT6_I0_O)        0.100     4.744 r  u_cve2_core/register_file_i/act_scale_hi_q[2]_i_1/O
                         net (fo=18, unplaced)        0.233     4.977    u_cve2_core/vec_unit_i/rf_rdata_b[2]
                                                                      r  u_cve2_core/vec_unit_i/gen_intermediate_val_reg[1].imd_val_q[1][2]_i_2/I1
                         LUT3 (Prop_LUT3_I1_O)        0.070     5.047 r  u_cve2_core/vec_unit_i/gen_intermediate_val_reg[1].imd_val_q[1][2]_i_2/O
                         net (fo=44, unplaced)        0.172     5.219    u_cve2_core/ex_block_i/gen_multdiv_fast.multdiv_i/multdiv_operand_b_ex_mux[2]
                                                                      r  u_cve2_core/ex_block_i/gen_multdiv_fast.multdiv_i/gen_intermediate_val_reg[0].imd_val_q[0][11]_i_487/I0
                         LUT6 (Prop_LUT6_I0_O)        0.150     5.369 r  u_cve2_core/ex_block_i/gen_multdiv_fast.multdiv_i/gen_intermediate_val_reg[0].imd_val_q[0][11]_i_487/O
                         net (fo=2, unplaced)         0.186     5.555    u_cve2_core/vec_unit_i/gen_intermediate_val_reg[0].imd_val_q_reg[0][11]_i_243[1]
                                                                      r  u_cve2_core/vec_unit_i/gen_intermediate_val_reg[0].imd_val_q[0][11]_i_494/I0
                         LUT6 (Prop_LUT6_I0_O)        0.037     5.592 r  u_cve2_core/vec_unit_i/gen_intermediate_val_reg[0].imd_val_q[0][11]_i_494/O
                         net (fo=1, unplaced)         0.029     5.621    u_cve2_core/ex_block_i/gen_multdiv_fast.multdiv_i/gen_intermediate_val_reg[0].imd_val_q[0][11]_i_157_1[5]
                                                                      r  u_cve2_core/ex_block_i/gen_multdiv_fast.multdiv_i/gen_intermediate_val_reg[0].imd_val_q_reg[0][11]_i_243/S[5]
                         CARRY8 (Prop_CARRY8_S[5]_CO[7])
                                                      0.166     5.787 r  u_cve2_core/ex_block_i/gen_multdiv_fast.multdiv_i/gen_intermediate_val_reg[0].imd_val_q_reg[0][11]_i_243/CO[7]
                         net (fo=1, unplaced)         0.005     5.792    u_cve2_core/ex_block_i/gen_multdiv_fast.multdiv_i/gen_intermediate_val_reg[0].imd_val_q_reg[0][11]_i_243_n_0
                                                                      r  u_cve2_core/ex_block_i/gen_multdiv_fast.multdiv_i/gen_intermediate_val_reg[0].imd_val_q_reg[0][11]_i_240/CI
                         CARRY8 (Prop_CARRY8_CI_O[4])
                                                      0.086     5.878 r  u_cve2_core/ex_block_i/gen_multdiv_fast.multdiv_i/gen_intermediate_val_reg[0].imd_val_q_reg[0][11]_i_240/O[4]
                         net (fo=2, unplaced)         0.184     6.062    u_cve2_core/ex_block_i/gen_multdiv_fast.multdiv_i/gen_intermediate_val_reg[0].imd_val_q_reg[0][11]_i_240_n_11
                                                                      r  u_cve2_core/ex_block_i/gen_multdiv_fast.multdiv_i/gen_intermediate_val_reg[0].imd_val_q[0][11]_i_117/I2
                         LUT3 (Prop_LUT3_I2_O)        0.038     6.100 r  u_cve2_core/ex_block_i/gen_multdiv_fast.multdiv_i/gen_intermediate_val_reg[0].imd_val_q[0][11]_i_117/O
                         net (fo=2, unplaced)         0.186     6.286    u_cve2_core/ex_block_i/gen_multdiv_fast.multdiv_i/gen_intermediate_val_reg[0].imd_val_q[0][11]_i_117_n_0
                                                                      r  u_cve2_core/ex_block_i/gen_multdiv_fast.multdiv_i/gen_intermediate_val_reg[0].imd_val_q[0][11]_i_125/I3
                         LUT4 (Prop_LUT4_I3_O)        0.037     6.323 r  u_cve2_core/ex_block_i/gen_multdiv_fast.multdiv_i/gen_intermediate_val_reg[0].imd_val_q[0][11]_i_125/O
                         net (fo=1, unplaced)         0.029     6.352    u_cve2_core/ex_block_i/gen_multdiv_fast.multdiv_i/gen_intermediate_val_reg[0].imd_val_q[0][11]_i_125_n_0
                                                                      r  u_cve2_core/ex_block_i/gen_multdiv_fast.multdiv_i/gen_intermediate_val_reg[0].imd_val_q_reg[0][11]_i_67/S[5]
                         CARRY8 (Prop_CARRY8_S[5]_CO[7])
                                                      0.166     6.518 r  u_cve2_core/ex_block_i/gen_multdiv_fast.multdiv_i/gen_intermediate_val_reg[0].imd_val_q_reg[0][11]_i_67/CO[7]
                         net (fo=1, unplaced)         0.005     6.523    u_cve2_core/ex_block_i/gen_multdiv_fast.multdiv_i/gen_intermediate_val_reg[0].imd_val_q_reg[0][11]_i_67_n_0
                                                                      r  u_cve2_core/ex_block_i/gen_multdiv_fast.multdiv_i/gen_intermediate_val_reg[0].imd_val_q_reg[0][11]_i_233/CI
                         CARRY8 (Prop_CARRY8_CI_O[0])
                                                      0.056     6.579 r  u_cve2_core/ex_block_i/gen_multdiv_fast.multdiv_i/gen_intermediate_val_reg[0].imd_val_q_reg[0][11]_i_233/O[0]
                         net (fo=3, unplaced)         0.192     6.771    u_cve2_core/vec_unit_i/gen_intermediate_val_reg[0].imd_val_q[0][23]_i_37[0]
                                                                      r  u_cve2_core/vec_unit_i/gen_intermediate_val_reg[0].imd_val_q[0][23]_i_79/I4
                         LUT6 (Prop_LUT6_I4_O)        0.038     6.809 r  u_cve2_core/vec_unit_i/gen_intermediate_val_reg[0].imd_val_q[0][23]_i_79/O
                         net (fo=3, unplaced)         0.192     7.001    u_cve2_core/ex_block_i/gen_multdiv_fast.multdiv_i/gen_intermediate_val_reg[0].imd_val_q_reg[0][23]_i_26_1
                                                                      r  u_cve2_core/ex_block_i/gen_multdiv_fast.multdiv_i/gen_intermediate_val_reg[0].imd_val_q[0][23]_i_51/I0
                         LUT6 (Prop_LUT6_I0_O)        0.038     7.039 r  u_cve2_core/ex_block_i/gen_multdiv_fast.multdiv_i/gen_intermediate_val_reg[0].imd_val_q[0][23]_i_51/O
                         net (fo=1, unplaced)         0.020     7.059    u_cve2_core/ex_block_i/gen_multdiv_fast.multdiv_i/gen_intermediate_val_reg[0].imd_val_q[0][23]_i_51_n_0
                                                                      r  u_cve2_core/ex_block_i/gen_multdiv_fast.multdiv_i/gen_intermediate_val_reg[0].imd_val_q_reg[0][23]_i_26/S[0]
                         CARRY8 (Prop_CARRY8_S[0]_O[0])
                                                      0.065     7.124 r  u_cve2_core/ex_block_i/gen_multdiv_fast.multdiv_i/gen_intermediate_val_reg[0].imd_val_q_reg[0][23]_i_26/O[0]
                         net (fo=2, unplaced)         0.137     7.261    u_cve2_core/ex_block_i/gen_multdiv_fast.multdiv_i/gen_mult_single_cycle.mult1_res[16]
                                                                      r  u_cve2_core/ex_block_i/gen_multdiv_fast.multdiv_i/gen_intermediate_val_reg[0].imd_val_q[0][23]_i_24/I1
                         LUT3 (Prop_LUT3_I1_O)        0.053     7.314 r  u_cve2_core/ex_block_i/gen_multdiv_fast.multdiv_i/gen_intermediate_val_reg[0].imd_val_q[0][23]_i_24/O
                         net (fo=1, unplaced)         0.020     7.334    u_cve2_core/ex_block_i/gen_multdiv_fast.multdiv_i/gen_intermediate_val_reg[0].imd_val_q[0][23]_i_24_n_0
                                                                      r  u_cve2_core/ex_block_i/gen_multdiv_fast.multdiv_i/gen_intermediate_val_reg[0].imd_val_q_reg[0][23]_i_7/S[0]
                         CARRY8 (Prop_CARRY8_S[0]_O[0])
                                                      0.065     7.399 r  u_cve2_core/ex_block_i/gen_multdiv_fast.multdiv_i/gen_intermediate_val_reg[0].imd_val_q_reg[0][23]_i_7/O[0]
                         net (fo=4, unplaced)         0.198     7.597    u_cve2_core/if_stage_i/P[0]
                                                                      r  u_cve2_core/if_stage_i/g_rf_flops[31].rf_reg_q[31][0]_i_14/I3
                         LUT6 (Prop_LUT6_I3_O)        0.038     7.635 r  u_cve2_core/if_stage_i/g_rf_flops[31].rf_reg_q[31][0]_i_14/O
                         net (fo=1, unplaced)         0.186     7.821    u_cve2_core/if_stage_i/g_rf_flops[31].rf_reg_q[31][0]_i_14_n_0
                                                                      r  u_cve2_core/if_stage_i/g_rf_flops[31].rf_reg_q[31][0]_i_5/I0
                         LUT6 (Prop_LUT6_I0_O)        0.038     7.859 r  u_cve2_core/if_stage_i/g_rf_flops[31].rf_reg_q[31][0]_i_5/O
                         net (fo=1, unplaced)         0.186     8.045    u_cve2_core/if_stage_i/g_rf_flops[31].rf_reg_q[31][0]_i_5_n_0
                                                                      r  u_cve2_core/if_stage_i/g_rf_flops[31].rf_reg_q[31][0]_i_2/I0
                         LUT6 (Prop_LUT6_I0_O)        0.038     8.083 r  u_cve2_core/if_stage_i/g_rf_flops[31].rf_reg_q[31][0]_i_2/O
                         net (fo=4, unplaced)         0.198     8.281    u_cve2_core/vec_unit_i/i_vrf/result_ex[0]
                                                                      r  u_cve2_core/vec_unit_i/i_vrf/vrf_mem_reg_1_bram_0_i_59/I1
                         LUT6 (Prop_LUT6_I1_O)        0.038     8.319 f  u_cve2_core/vec_unit_i/i_vrf/vrf_mem_reg_1_bram_0_i_59/O
                         net (fo=14, unplaced)        0.227     8.546    u_cve2_core/vec_unit_i/i_vrf/vrf_mem_reg_1_bram_0_i_59_n_0
                                                                      f  u_cve2_core/vec_unit_i/i_vrf/data_addr_o_OBUF[31]_inst_i_3/I0
                         LUT5 (Prop_LUT5_I0_O)        0.038     8.584 r  u_cve2_core/vec_unit_i/i_vrf/data_addr_o_OBUF[31]_inst_i_3/O
                         net (fo=36, unplaced)        0.248     8.832    u_cve2_core/vec_unit_i/i_vrf/FSM_sequential_state_q_reg[0]
                                                                      r  u_cve2_core/vec_unit_i/i_vrf/data_we_o_OBUF_inst_i_2/I4
                         LUT5 (Prop_LUT5_I4_O)        0.038     8.870 r  u_cve2_core/vec_unit_i/i_vrf/data_we_o_OBUF_inst_i_2/O
                         net (fo=33, unplaced)        0.246     9.116    u_cve2_core/vec_unit_i/i_vrf/vec_data_we
                                                                      r  u_cve2_core/vec_unit_i/i_vrf/data_wdata_o_OBUF[13]_inst_i_1/I2
                         LUT5 (Prop_LUT5_I2_O)        0.038     9.154 r  u_cve2_core/vec_unit_i/i_vrf/data_wdata_o_OBUF[13]_inst_i_1/O
                         net (fo=1, unplaced)         0.553     9.707    data_wdata_o_OBUF[13]
                                                                      r  data_wdata_o_OBUF[13]_inst/I
                         OBUF (Prop_OBUF_I_O)         0.959    10.666 r  data_wdata_o_OBUF[13]_inst/O
                         net (fo=0)                   0.000    10.666    data_wdata_o[13]
                                                                      r  data_wdata_o[13] (OUT)
  -------------------------------------------------------------------    -------------------

Slack:                    inf
  Source:                 u_cve2_core/register_file_i/g_rf_flops[27].rf_reg_q_reg[27][2]/C
                            (rising edge-triggered cell FDCE clocked by clk_i  {rise@0.000ns fall@4.000ns period=8.000ns})
  Destination:            data_wdata_o[14]
                            (output port)
  Path Group:             (none)
  Path Type:              Max at Slow Process Corner
  Data Path Delay:        6.632ns  (logic 2.683ns (40.455%)  route 3.949ns (59.545%))
  Logic Levels:           25  (CARRY8=6 LUT3=3 LUT4=1 LUT5=3 LUT6=10 MUXF7=1 OBUF=1)
  Clock Uncertainty:      0.025ns  ((TSJ^2 + TIJ^2)^1/2 + DJ) / 2 + PE
    Total System Jitter     (TSJ):    0.050ns
    Total Input Jitter      (TIJ):    0.000ns
    Discrete Jitter          (DJ):    0.000ns
    Phase Error              (PE):    0.000ns

    Location             Delay type                Incr(ns)  Path(ns)    Netlist Resource(s)
  -------------------------------------------------------------------    -------------------
                         (clock clk_i rise edge)      0.000     0.000 r  
                                                      0.000     0.000 r  clk_i (IN)
                         net (fo=0)                   0.000     0.000    clk_i_IBUF_inst/I
                                                                      r  clk_i_IBUF_inst/INBUF_INST/PAD
                         INBUF (Prop_INBUF_PAD_O)     0.582     0.582 r  clk_i_IBUF_inst/INBUF_INST/O
                         net (fo=1, unplaced)         0.000     0.582    clk_i_IBUF_inst/OUT
                                                                      r  clk_i_IBUF_inst/IBUFCTRL_INST/I
                         IBUFCTRL (Prop_IBUFCTRL_I_O)
                                                      0.000     0.582 r  clk_i_IBUF_inst/IBUFCTRL_INST/O
                         net (fo=2, unplaced)         0.403     0.985    core_clock_gate_i/clk_i_IBUF
                                                                      r  core_clock_gate_i/clk_BUFG_inst_i_1/I0
                         LUT2 (Prop_LUT2_I0_O)        0.053     1.038 r  core_clock_gate_i/clk_BUFG_inst_i_1/O
                         net (fo=1, unplaced)         0.384     1.422    clk
                                                                      r  clk_BUFG_inst/I
                         BUFGCE (Prop_BUFGCE_I_O)     0.028     1.450 r  clk_BUFG_inst/O
                         net (fo=5360, unplaced)      2.584     4.034    u_cve2_core/register_file_i/clk_BUFG
                         FDCE                                         r  u_cve2_core/register_file_i/g_rf_flops[27].rf_reg_q_reg[27][2]/C
  -------------------------------------------------------------------    -------------------
                         FDCE (Prop_FDCE_C_Q)         0.077     4.111 r  u_cve2_core/register_file_i/g_rf_flops[27].rf_reg_q_reg[27][2]/Q
                         net (fo=2, unplaced)         0.154     4.265    u_cve2_core/register_file_i/g_rf_flops[27].rf_reg_q_reg[27]_4[2]
                                                                      r  u_cve2_core/register_file_i/act_scale_hi_q[2]_i_6/I0
                         LUT6 (Prop_LUT6_I0_O)        0.149     4.414 r  u_cve2_core/register_file_i/act_scale_hi_q[2]_i_6/O
                         net (fo=1, unplaced)         0.024     4.438    u_cve2_core/register_file_i/act_scale_hi_q[2]_i_6_n_0
                                                                      r  u_cve2_core/register_file_i/act_scale_hi_q_reg[2]_i_2/I0
                         MUXF7 (Prop_MUXF7_I0_O)      0.067     4.505 r  u_cve2_core/register_file_i/act_scale_hi_q_reg[2]_i_2/O
                         net (fo=2, unplaced)         0.139     4.644    u_cve2_core/register_file_i/act_scale_hi_q_reg[2]_i_2_n_0
                                                                      r  u_cve2_core/register_file_i/act_scale_hi_q[2]_i_1/I0
                         LUT6 (Prop_LUT6_I0_O)        0.100     4.744 r  u_cve2_core/register_file_i/act_scale_hi_q[2]_i_1/O
                         net (fo=18, unplaced)        0.233     4.977    u_cve2_core/vec_unit_i/rf_rdata_b[2]
                                                                      r  u_cve2_core/vec_unit_i/gen_intermediate_val_reg[1].imd_val_q[1][2]_i_2/I1
                         LUT3 (Prop_LUT3_I1_O)        0.070     5.047 r  u_cve2_core/vec_unit_i/gen_intermediate_val_reg[1].imd_val_q[1][2]_i_2/O
                         net (fo=44, unplaced)        0.172     5.219    u_cve2_core/ex_block_i/gen_multdiv_fast.multdiv_i/multdiv_operand_b_ex_mux[2]
                                                                      r  u_cve2_core/ex_block_i/gen_multdiv_fast.multdiv_i/gen_intermediate_val_reg[0].imd_val_q[0][11]_i_487/I0
                         LUT6 (Prop_LUT6_I0_O)        0.150     5.369 r  u_cve2_core/ex_block_i/gen_multdiv_fast.multdiv_i/gen_intermediate_val_reg[0].imd_val_q[0][11]_i_487/O
                         net (fo=2, unplaced)         0.186     5.555    u_cve2_core/vec_unit_i/gen_intermediate_val_reg[0].imd_val_q_reg[0][11]_i_243[1]
                                                                      r  u_cve2_core/vec_unit_i/gen_intermediate_val_reg[0].imd_val_q[0][11]_i_494/I0
                         LUT6 (Prop_LUT6_I0_O)        0.037     5.592 r  u_cve2_core/vec_unit_i/gen_intermediate_val_reg[0].imd_val_q[0][11]_i_494/O
                         net (fo=1, unplaced)         0.029     5.621    u_cve2_core/ex_block_i/gen_multdiv_fast.multdiv_i/gen_intermediate_val_reg[0].imd_val_q[0][11]_i_157_1[5]
                                                                      r  u_cve2_core/ex_block_i/gen_multdiv_fast.multdiv_i/gen_intermediate_val_reg[0].imd_val_q_reg[0][11]_i_243/S[5]
                         CARRY8 (Prop_CARRY8_S[5]_CO[7])
                                                      0.166     5.787 r  u_cve2_core/ex_block_i/gen_multdiv_fast.multdiv_i/gen_intermediate_val_reg[0].imd_val_q_reg[0][11]_i_243/CO[7]
                         net (fo=1, unplaced)         0.005     5.792    u_cve2_core/ex_block_i/gen_multdiv_fast.multdiv_i/gen_intermediate_val_reg[0].imd_val_q_reg[0][11]_i_243_n_0
                                                                      r  u_cve2_core/ex_block_i/gen_multdiv_fast.multdiv_i/gen_intermediate_val_reg[0].imd_val_q_reg[0][11]_i_240/CI
                         CARRY8 (Prop_CARRY8_CI_O[4])
                                                      0.086     5.878 r  u_cve2_core/ex_block_i/gen_multdiv_fast.multdiv_i/gen_intermediate_val_reg[0].imd_val_q_reg[0][11]_i_240/O[4]
                         net (fo=2, unplaced)         0.184     6.062    u_cve2_core/ex_block_i/gen_multdiv_fast.multdiv_i/gen_intermediate_val_reg[0].imd_val_q_reg[0][11]_i_240_n_11
                                                                      r  u_cve2_core/ex_block_i/gen_multdiv_fast.multdiv_i/gen_intermediate_val_reg[0].imd_val_q[0][11]_i_117/I2
                         LUT3 (Prop_LUT3_I2_O)        0.038     6.100 r  u_cve2_core/ex_block_i/gen_multdiv_fast.multdiv_i/gen_intermediate_val_reg[0].imd_val_q[0][11]_i_117/O
                         net (fo=2, unplaced)         0.186     6.286    u_cve2_core/ex_block_i/gen_multdiv_fast.multdiv_i/gen_intermediate_val_reg[0].imd_val_q[0][11]_i_117_n_0
                                                                      r  u_cve2_core/ex_block_i/gen_multdiv_fast.multdiv_i/gen_intermediate_val_reg[0].imd_val_q[0][11]_i_125/I3
                         LUT4 (Prop_LUT4_I3_O)        0.037     6.323 r  u_cve2_core/ex_block_i/gen_multdiv_fast.multdiv_i/gen_intermediate_val_reg[0].imd_val_q[0][11]_i_125/O
                         net (fo=1, unplaced)         0.029     6.352    u_cve2_core/ex_block_i/gen_multdiv_fast.multdiv_i/gen_intermediate_val_reg[0].imd_val_q[0][11]_i_125_n_0
                                                                      r  u_cve2_core/ex_block_i/gen_multdiv_fast.multdiv_i/gen_intermediate_val_reg[0].imd_val_q_reg[0][11]_i_67/S[5]
                         CARRY8 (Prop_CARRY8_S[5]_CO[7])
                                                      0.166     6.518 r  u_cve2_core/ex_block_i/gen_multdiv_fast.multdiv_i/gen_intermediate_val_reg[0].imd_val_q_reg[0][11]_i_67/CO[7]
                         net (fo=1, unplaced)         0.005     6.523    u_cve2_core/ex_block_i/gen_multdiv_fast.multdiv_i/gen_intermediate_val_reg[0].imd_val_q_reg[0][11]_i_67_n_0
                                                                      r  u_cve2_core/ex_block_i/gen_multdiv_fast.multdiv_i/gen_intermediate_val_reg[0].imd_val_q_reg[0][11]_i_233/CI
                         CARRY8 (Prop_CARRY8_CI_O[0])
                                                      0.056     6.579 r  u_cve2_core/ex_block_i/gen_multdiv_fast.multdiv_i/gen_intermediate_val_reg[0].imd_val_q_reg[0][11]_i_233/O[0]
                         net (fo=3, unplaced)         0.192     6.771    u_cve2_core/vec_unit_i/gen_intermediate_val_reg[0].imd_val_q[0][23]_i_37[0]
                                                                      r  u_cve2_core/vec_unit_i/gen_intermediate_val_reg[0].imd_val_q[0][23]_i_79/I4
                         LUT6 (Prop_LUT6_I4_O)        0.038     6.809 r  u_cve2_core/vec_unit_i/gen_intermediate_val_reg[0].imd_val_q[0][23]_i_79/O
                         net (fo=3, unplaced)         0.192     7.001    u_cve2_core/ex_block_i/gen_multdiv_fast.multdiv_i/gen_intermediate_val_reg[0].imd_val_q_reg[0][23]_i_26_1
                                                                      r  u_cve2_core/ex_block_i/gen_multdiv_fast.multdiv_i/gen_intermediate_val_reg[0].imd_val_q[0][23]_i_51/I0
                         LUT6 (Prop_LUT6_I0_O)        0.038     7.039 r  u_cve2_core/ex_block_i/gen_multdiv_fast.multdiv_i/gen_intermediate_val_reg[0].imd_val_q[0][23]_i_51/O
                         net (fo=1, unplaced)         0.020     7.059    u_cve2_core/ex_block_i/gen_multdiv_fast.multdiv_i/gen_intermediate_val_reg[0].imd_val_q[0][23]_i_51_n_0
                                                                      r  u_cve2_core/ex_block_i/gen_multdiv_fast.multdiv_i/gen_intermediate_val_reg[0].imd_val_q_reg[0][23]_i_26/S[0]
                         CARRY8 (Prop_CARRY8_S[0]_O[0])
                                                      0.065     7.124 r  u_cve2_core/ex_block_i/gen_multdiv_fast.multdiv_i/gen_intermediate_val_reg[0].imd_val_q_reg[0][23]_i_26/O[0]
                         net (fo=2, unplaced)         0.137     7.261    u_cve2_core/ex_block_i/gen_multdiv_fast.multdiv_i/gen_mult_single_cycle.mult1_res[16]
                                                                      r  u_cve2_core/ex_block_i/gen_multdiv_fast.multdiv_i/gen_intermediate_val_reg[0].imd_val_q[0][23]_i_24/I1
                         LUT3 (Prop_LUT3_I1_O)        0.053     7.314 r  u_cve2_core/ex_block_i/gen_multdiv_fast.multdiv_i/gen_intermediate_val_reg[0].imd_val_q[0][23]_i_24/O
                         net (fo=1, unplaced)         0.020     7.334    u_cve2_core/ex_block_i/gen_multdiv_fast.multdiv_i/gen_intermediate_val_reg[0].imd_val_q[0][23]_i_24_n_0
                                                                      r  u_cve2_core/ex_block_i/gen_multdiv_fast.multdiv_i/gen_intermediate_val_reg[0].imd_val_q_reg[0][23]_i_7/S[0]
                         CARRY8 (Prop_CARRY8_S[0]_O[0])
                                                      0.065     7.399 r  u_cve2_core/ex_block_i/gen_multdiv_fast.multdiv_i/gen_intermediate_val_reg[0].imd_val_q_reg[0][23]_i_7/O[0]
                         net (fo=4, unplaced)         0.198     7.597    u_cve2_core/if_stage_i/P[0]
                                                                      r  u_cve2_core/if_stage_i/g_rf_flops[31].rf_reg_q[31][0]_i_14/I3
                         LUT6 (Prop_LUT6_I3_O)        0.038     7.635 r  u_cve2_core/if_stage_i/g_rf_flops[31].rf_reg_q[31][0]_i_14/O
                         net (fo=1, unplaced)         0.186     7.821    u_cve2_core/if_stage_i/g_rf_flops[31].rf_reg_q[31][0]_i_14_n_0
                                                                      r  u_cve2_core/if_stage_i/g_rf_flops[31].rf_reg_q[31][0]_i_5/I0
                         LUT6 (Prop_LUT6_I0_O)        0.038     7.859 r  u_cve2_core/if_stage_i/g_rf_flops[31].rf_reg_q[31][0]_i_5/O
                         net (fo=1, unplaced)         0.186     8.045    u_cve2_core/if_stage_i/g_rf_flops[31].rf_reg_q[31][0]_i_5_n_0
                                                                      r  u_cve2_core/if_stage_i/g_rf_flops[31].rf_reg_q[31][0]_i_2/I0
                         LUT6 (Prop_LUT6_I0_O)        0.038     8.083 r  u_cve2_core/if_stage_i/g_rf_flops[31].rf_reg_q[31][0]_i_2/O
                         net (fo=4, unplaced)         0.198     8.281    u_cve2_core/vec_unit_i/i_vrf/result_ex[0]
                                                                      r  u_cve2_core/vec_unit_i/i_vrf/vrf_mem_reg_1_bram_0_i_59/I1
                         LUT6 (Prop_LUT6_I1_O)        0.038     8.319 f  u_cve2_core/vec_unit_i/i_vrf/vrf_mem_reg_1_bram_0_i_59/O
                         net (fo=14, unplaced)        0.227     8.546    u_cve2_core/vec_unit_i/i_vrf/vrf_mem_reg_1_bram_0_i_59_n_0
                                                                      f  u_cve2_core/vec_unit_i/i_vrf/data_addr_o_OBUF[31]_inst_i_3/I0
                         LUT5 (Prop_LUT5_I0_O)        0.038     8.584 r  u_cve2_core/vec_unit_i/i_vrf/data_addr_o_OBUF[31]_inst_i_3/O
                         net (fo=36, unplaced)        0.248     8.832    u_cve2_core/vec_unit_i/i_vrf/FSM_sequential_state_q_reg[0]
                                                                      r  u_cve2_core/vec_unit_i/i_vrf/data_we_o_OBUF_inst_i_2/I4
                         LUT5 (Prop_LUT5_I4_O)        0.038     8.870 r  u_cve2_core/vec_unit_i/i_vrf/data_we_o_OBUF_inst_i_2/O
                         net (fo=33, unplaced)        0.246     9.116    u_cve2_core/vec_unit_i/i_vrf/vec_data_we
                                                                      r  u_cve2_core/vec_unit_i/i_vrf/data_wdata_o_OBUF[14]_inst_i_1/I2
                         LUT5 (Prop_LUT5_I2_O)        0.038     9.154 r  u_cve2_core/vec_unit_i/i_vrf/data_wdata_o_OBUF[14]_inst_i_1/O
                         net (fo=1, unplaced)         0.553     9.707    data_wdata_o_OBUF[14]
                                                                      r  data_wdata_o_OBUF[14]_inst/I
                         OBUF (Prop_OBUF_I_O)         0.959    10.666 r  data_wdata_o_OBUF[14]_inst/O
                         net (fo=0)                   0.000    10.666    data_wdata_o[14]
                                                                      r  data_wdata_o[14] (OUT)
  -------------------------------------------------------------------    -------------------

Slack:                    inf
  Source:                 u_cve2_core/register_file_i/g_rf_flops[27].rf_reg_q_reg[27][2]/C
                            (rising edge-triggered cell FDCE clocked by clk_i  {rise@0.000ns fall@4.000ns period=8.000ns})
  Destination:            data_wdata_o[15]
                            (output port)
  Path Group:             (none)
  Path Type:              Max at Slow Process Corner
  Data Path Delay:        6.632ns  (logic 2.683ns (40.455%)  route 3.949ns (59.545%))
  Logic Levels:           25  (CARRY8=6 LUT3=3 LUT4=1 LUT5=3 LUT6=10 MUXF7=1 OBUF=1)
  Clock Uncertainty:      0.025ns  ((TSJ^2 + TIJ^2)^1/2 + DJ) / 2 + PE
    Total System Jitter     (TSJ):    0.050ns
    Total Input Jitter      (TIJ):    0.000ns
    Discrete Jitter          (DJ):    0.000ns
    Phase Error              (PE):    0.000ns

    Location             Delay type                Incr(ns)  Path(ns)    Netlist Resource(s)
  -------------------------------------------------------------------    -------------------
                         (clock clk_i rise edge)      0.000     0.000 r  
                                                      0.000     0.000 r  clk_i (IN)
                         net (fo=0)                   0.000     0.000    clk_i_IBUF_inst/I
                                                                      r  clk_i_IBUF_inst/INBUF_INST/PAD
                         INBUF (Prop_INBUF_PAD_O)     0.582     0.582 r  clk_i_IBUF_inst/INBUF_INST/O
                         net (fo=1, unplaced)         0.000     0.582    clk_i_IBUF_inst/OUT
                                                                      r  clk_i_IBUF_inst/IBUFCTRL_INST/I
                         IBUFCTRL (Prop_IBUFCTRL_I_O)
                                                      0.000     0.582 r  clk_i_IBUF_inst/IBUFCTRL_INST/O
                         net (fo=2, unplaced)         0.403     0.985    core_clock_gate_i/clk_i_IBUF
                                                                      r  core_clock_gate_i/clk_BUFG_inst_i_1/I0
                         LUT2 (Prop_LUT2_I0_O)        0.053     1.038 r  core_clock_gate_i/clk_BUFG_inst_i_1/O
                         net (fo=1, unplaced)         0.384     1.422    clk
                                                                      r  clk_BUFG_inst/I
                         BUFGCE (Prop_BUFGCE_I_O)     0.028     1.450 r  clk_BUFG_inst/O
                         net (fo=5360, unplaced)      2.584     4.034    u_cve2_core/register_file_i/clk_BUFG
                         FDCE                                         r  u_cve2_core/register_file_i/g_rf_flops[27].rf_reg_q_reg[27][2]/C
  -------------------------------------------------------------------    -------------------
                         FDCE (Prop_FDCE_C_Q)         0.077     4.111 r  u_cve2_core/register_file_i/g_rf_flops[27].rf_reg_q_reg[27][2]/Q
                         net (fo=2, unplaced)         0.154     4.265    u_cve2_core/register_file_i/g_rf_flops[27].rf_reg_q_reg[27]_4[2]
                                                                      r  u_cve2_core/register_file_i/act_scale_hi_q[2]_i_6/I0
                         LUT6 (Prop_LUT6_I0_O)        0.149     4.414 r  u_cve2_core/register_file_i/act_scale_hi_q[2]_i_6/O
                         net (fo=1, unplaced)         0.024     4.438    u_cve2_core/register_file_i/act_scale_hi_q[2]_i_6_n_0
                                                                      r  u_cve2_core/register_file_i/act_scale_hi_q_reg[2]_i_2/I0
                         MUXF7 (Prop_MUXF7_I0_O)      0.067     4.505 r  u_cve2_core/register_file_i/act_scale_hi_q_reg[2]_i_2/O
                         net (fo=2, unplaced)         0.139     4.644    u_cve2_core/register_file_i/act_scale_hi_q_reg[2]_i_2_n_0
                                                                      r  u_cve2_core/register_file_i/act_scale_hi_q[2]_i_1/I0
                         LUT6 (Prop_LUT6_I0_O)        0.100     4.744 r  u_cve2_core/register_file_i/act_scale_hi_q[2]_i_1/O
                         net (fo=18, unplaced)        0.233     4.977    u_cve2_core/vec_unit_i/rf_rdata_b[2]
                                                                      r  u_cve2_core/vec_unit_i/gen_intermediate_val_reg[1].imd_val_q[1][2]_i_2/I1
                         LUT3 (Prop_LUT3_I1_O)        0.070     5.047 r  u_cve2_core/vec_unit_i/gen_intermediate_val_reg[1].imd_val_q[1][2]_i_2/O
                         net (fo=44, unplaced)        0.172     5.219    u_cve2_core/ex_block_i/gen_multdiv_fast.multdiv_i/multdiv_operand_b_ex_mux[2]
                                                                      r  u_cve2_core/ex_block_i/gen_multdiv_fast.multdiv_i/gen_intermediate_val_reg[0].imd_val_q[0][11]_i_487/I0
                         LUT6 (Prop_LUT6_I0_O)        0.150     5.369 r  u_cve2_core/ex_block_i/gen_multdiv_fast.multdiv_i/gen_intermediate_val_reg[0].imd_val_q[0][11]_i_487/O
                         net (fo=2, unplaced)         0.186     5.555    u_cve2_core/vec_unit_i/gen_intermediate_val_reg[0].imd_val_q_reg[0][11]_i_243[1]
                                                                      r  u_cve2_core/vec_unit_i/gen_intermediate_val_reg[0].imd_val_q[0][11]_i_494/I0
                         LUT6 (Prop_LUT6_I0_O)        0.037     5.592 r  u_cve2_core/vec_unit_i/gen_intermediate_val_reg[0].imd_val_q[0][11]_i_494/O
                         net (fo=1, unplaced)         0.029     5.621    u_cve2_core/ex_block_i/gen_multdiv_fast.multdiv_i/gen_intermediate_val_reg[0].imd_val_q[0][11]_i_157_1[5]
                                                                      r  u_cve2_core/ex_block_i/gen_multdiv_fast.multdiv_i/gen_intermediate_val_reg[0].imd_val_q_reg[0][11]_i_243/S[5]
                         CARRY8 (Prop_CARRY8_S[5]_CO[7])
                                                      0.166     5.787 r  u_cve2_core/ex_block_i/gen_multdiv_fast.multdiv_i/gen_intermediate_val_reg[0].imd_val_q_reg[0][11]_i_243/CO[7]
                         net (fo=1, unplaced)         0.005     5.792    u_cve2_core/ex_block_i/gen_multdiv_fast.multdiv_i/gen_intermediate_val_reg[0].imd_val_q_reg[0][11]_i_243_n_0
                                                                      r  u_cve2_core/ex_block_i/gen_multdiv_fast.multdiv_i/gen_intermediate_val_reg[0].imd_val_q_reg[0][11]_i_240/CI
                         CARRY8 (Prop_CARRY8_CI_O[4])
                                                      0.086     5.878 r  u_cve2_core/ex_block_i/gen_multdiv_fast.multdiv_i/gen_intermediate_val_reg[0].imd_val_q_reg[0][11]_i_240/O[4]
                         net (fo=2, unplaced)         0.184     6.062    u_cve2_core/ex_block_i/gen_multdiv_fast.multdiv_i/gen_intermediate_val_reg[0].imd_val_q_reg[0][11]_i_240_n_11
                                                                      r  u_cve2_core/ex_block_i/gen_multdiv_fast.multdiv_i/gen_intermediate_val_reg[0].imd_val_q[0][11]_i_117/I2
                         LUT3 (Prop_LUT3_I2_O)        0.038     6.100 r  u_cve2_core/ex_block_i/gen_multdiv_fast.multdiv_i/gen_intermediate_val_reg[0].imd_val_q[0][11]_i_117/O
                         net (fo=2, unplaced)         0.186     6.286    u_cve2_core/ex_block_i/gen_multdiv_fast.multdiv_i/gen_intermediate_val_reg[0].imd_val_q[0][11]_i_117_n_0
                                                                      r  u_cve2_core/ex_block_i/gen_multdiv_fast.multdiv_i/gen_intermediate_val_reg[0].imd_val_q[0][11]_i_125/I3
                         LUT4 (Prop_LUT4_I3_O)        0.037     6.323 r  u_cve2_core/ex_block_i/gen_multdiv_fast.multdiv_i/gen_intermediate_val_reg[0].imd_val_q[0][11]_i_125/O
                         net (fo=1, unplaced)         0.029     6.352    u_cve2_core/ex_block_i/gen_multdiv_fast.multdiv_i/gen_intermediate_val_reg[0].imd_val_q[0][11]_i_125_n_0
                                                                      r  u_cve2_core/ex_block_i/gen_multdiv_fast.multdiv_i/gen_intermediate_val_reg[0].imd_val_q_reg[0][11]_i_67/S[5]
                         CARRY8 (Prop_CARRY8_S[5]_CO[7])
                                                      0.166     6.518 r  u_cve2_core/ex_block_i/gen_multdiv_fast.multdiv_i/gen_intermediate_val_reg[0].imd_val_q_reg[0][11]_i_67/CO[7]
                         net (fo=1, unplaced)         0.005     6.523    u_cve2_core/ex_block_i/gen_multdiv_fast.multdiv_i/gen_intermediate_val_reg[0].imd_val_q_reg[0][11]_i_67_n_0
                                                                      r  u_cve2_core/ex_block_i/gen_multdiv_fast.multdiv_i/gen_intermediate_val_reg[0].imd_val_q_reg[0][11]_i_233/CI
                         CARRY8 (Prop_CARRY8_CI_O[0])
                                                      0.056     6.579 r  u_cve2_core/ex_block_i/gen_multdiv_fast.multdiv_i/gen_intermediate_val_reg[0].imd_val_q_reg[0][11]_i_233/O[0]
                         net (fo=3, unplaced)         0.192     6.771    u_cve2_core/vec_unit_i/gen_intermediate_val_reg[0].imd_val_q[0][23]_i_37[0]
                                                                      r  u_cve2_core/vec_unit_i/gen_intermediate_val_reg[0].imd_val_q[0][23]_i_79/I4
                         LUT6 (Prop_LUT6_I4_O)        0.038     6.809 r  u_cve2_core/vec_unit_i/gen_intermediate_val_reg[0].imd_val_q[0][23]_i_79/O
                         net (fo=3, unplaced)         0.192     7.001    u_cve2_core/ex_block_i/gen_multdiv_fast.multdiv_i/gen_intermediate_val_reg[0].imd_val_q_reg[0][23]_i_26_1
                                                                      r  u_cve2_core/ex_block_i/gen_multdiv_fast.multdiv_i/gen_intermediate_val_reg[0].imd_val_q[0][23]_i_51/I0
                         LUT6 (Prop_LUT6_I0_O)        0.038     7.039 r  u_cve2_core/ex_block_i/gen_multdiv_fast.multdiv_i/gen_intermediate_val_reg[0].imd_val_q[0][23]_i_51/O
                         net (fo=1, unplaced)         0.020     7.059    u_cve2_core/ex_block_i/gen_multdiv_fast.multdiv_i/gen_intermediate_val_reg[0].imd_val_q[0][23]_i_51_n_0
                                                                      r  u_cve2_core/ex_block_i/gen_multdiv_fast.multdiv_i/gen_intermediate_val_reg[0].imd_val_q_reg[0][23]_i_26/S[0]
                         CARRY8 (Prop_CARRY8_S[0]_O[0])
                                                      0.065     7.124 r  u_cve2_core/ex_block_i/gen_multdiv_fast.multdiv_i/gen_intermediate_val_reg[0].imd_val_q_reg[0][23]_i_26/O[0]
                         net (fo=2, unplaced)         0.137     7.261    u_cve2_core/ex_block_i/gen_multdiv_fast.multdiv_i/gen_mult_single_cycle.mult1_res[16]
                                                                      r  u_cve2_core/ex_block_i/gen_multdiv_fast.multdiv_i/gen_intermediate_val_reg[0].imd_val_q[0][23]_i_24/I1
                         LUT3 (Prop_LUT3_I1_O)        0.053     7.314 r  u_cve2_core/ex_block_i/gen_multdiv_fast.multdiv_i/gen_intermediate_val_reg[0].imd_val_q[0][23]_i_24/O
                         net (fo=1, unplaced)         0.020     7.334    u_cve2_core/ex_block_i/gen_multdiv_fast.multdiv_i/gen_intermediate_val_reg[0].imd_val_q[0][23]_i_24_n_0
                                                                      r  u_cve2_core/ex_block_i/gen_multdiv_fast.multdiv_i/gen_intermediate_val_reg[0].imd_val_q_reg[0][23]_i_7/S[0]
                         CARRY8 (Prop_CARRY8_S[0]_O[0])
                                                      0.065     7.399 r  u_cve2_core/ex_block_i/gen_multdiv_fast.multdiv_i/gen_intermediate_val_reg[0].imd_val_q_reg[0][23]_i_7/O[0]
                         net (fo=4, unplaced)         0.198     7.597    u_cve2_core/if_stage_i/P[0]
                                                                      r  u_cve2_core/if_stage_i/g_rf_flops[31].rf_reg_q[31][0]_i_14/I3
                         LUT6 (Prop_LUT6_I3_O)        0.038     7.635 r  u_cve2_core/if_stage_i/g_rf_flops[31].rf_reg_q[31][0]_i_14/O
                         net (fo=1, unplaced)         0.186     7.821    u_cve2_core/if_stage_i/g_rf_flops[31].rf_reg_q[31][0]_i_14_n_0
                                                                      r  u_cve2_core/if_stage_i/g_rf_flops[31].rf_reg_q[31][0]_i_5/I0
                         LUT6 (Prop_LUT6_I0_O)        0.038     7.859 r  u_cve2_core/if_stage_i/g_rf_flops[31].rf_reg_q[31][0]_i_5/O
                         net (fo=1, unplaced)         0.186     8.045    u_cve2_core/if_stage_i/g_rf_flops[31].rf_reg_q[31][0]_i_5_n_0
                                                                      r  u_cve2_core/if_stage_i/g_rf_flops[31].rf_reg_q[31][0]_i_2/I0
                         LUT6 (Prop_LUT6_I0_O)        0.038     8.083 r  u_cve2_core/if_stage_i/g_rf_flops[31].rf_reg_q[31][0]_i_2/O
                         net (fo=4, unplaced)         0.198     8.281    u_cve2_core/vec_unit_i/i_vrf/result_ex[0]
                                                                      r  u_cve2_core/vec_unit_i/i_vrf/vrf_mem_reg_1_bram_0_i_59/I1
                         LUT6 (Prop_LUT6_I1_O)        0.038     8.319 f  u_cve2_core/vec_unit_i/i_vrf/vrf_mem_reg_1_bram_0_i_59/O
                         net (fo=14, unplaced)        0.227     8.546    u_cve2_core/vec_unit_i/i_vrf/vrf_mem_reg_1_bram_0_i_59_n_0
                                                                      f  u_cve2_core/vec_unit_i/i_vrf/data_addr_o_OBUF[31]_inst_i_3/I0
                         LUT5 (Prop_LUT5_I0_O)        0.038     8.584 r  u_cve2_core/vec_unit_i/i_vrf/data_addr_o_OBUF[31]_inst_i_3/O
                         net (fo=36, unplaced)        0.248     8.832    u_cve2_core/vec_unit_i/i_vrf/FSM_sequential_state_q_reg[0]
                                                                      r  u_cve2_core/vec_unit_i/i_vrf/data_we_o_OBUF_inst_i_2/I4
                         LUT5 (Prop_LUT5_I4_O)        0.038     8.870 r  u_cve2_core/vec_unit_i/i_vrf/data_we_o_OBUF_inst_i_2/O
                         net (fo=33, unplaced)        0.246     9.116    u_cve2_core/vec_unit_i/i_vrf/vec_data_we
                                                                      r  u_cve2_core/vec_unit_i/i_vrf/data_wdata_o_OBUF[15]_inst_i_1/I2
                         LUT5 (Prop_LUT5_I2_O)        0.038     9.154 r  u_cve2_core/vec_unit_i/i_vrf/data_wdata_o_OBUF[15]_inst_i_1/O
                         net (fo=1, unplaced)         0.553     9.707    data_wdata_o_OBUF[15]
                                                                      r  data_wdata_o_OBUF[15]_inst/I
                         OBUF (Prop_OBUF_I_O)         0.959    10.666 r  data_wdata_o_OBUF[15]_inst/O
                         net (fo=0)                   0.000    10.666    data_wdata_o[15]
                                                                      r  data_wdata_o[15] (OUT)
  -------------------------------------------------------------------    -------------------

Slack:                    inf
  Source:                 u_cve2_core/register_file_i/g_rf_flops[27].rf_reg_q_reg[27][2]/C
                            (rising edge-triggered cell FDCE clocked by clk_i  {rise@0.000ns fall@4.000ns period=8.000ns})
  Destination:            data_wdata_o[16]
                            (output port)
  Path Group:             (none)
  Path Type:              Max at Slow Process Corner
  Data Path Delay:        6.632ns  (logic 2.683ns (40.455%)  route 3.949ns (59.545%))
  Logic Levels:           25  (CARRY8=6 LUT3=3 LUT4=1 LUT5=3 LUT6=10 MUXF7=1 OBUF=1)
  Clock Uncertainty:      0.025ns  ((TSJ^2 + TIJ^2)^1/2 + DJ) / 2 + PE
    Total System Jitter     (TSJ):    0.050ns
    Total Input Jitter      (TIJ):    0.000ns
    Discrete Jitter          (DJ):    0.000ns
    Phase Error              (PE):    0.000ns

    Location             Delay type                Incr(ns)  Path(ns)    Netlist Resource(s)
  -------------------------------------------------------------------    -------------------
                         (clock clk_i rise edge)      0.000     0.000 r  
                                                      0.000     0.000 r  clk_i (IN)
                         net (fo=0)                   0.000     0.000    clk_i_IBUF_inst/I
                                                                      r  clk_i_IBUF_inst/INBUF_INST/PAD
                         INBUF (Prop_INBUF_PAD_O)     0.582     0.582 r  clk_i_IBUF_inst/INBUF_INST/O
                         net (fo=1, unplaced)         0.000     0.582    clk_i_IBUF_inst/OUT
                                                                      r  clk_i_IBUF_inst/IBUFCTRL_INST/I
                         IBUFCTRL (Prop_IBUFCTRL_I_O)
                                                      0.000     0.582 r  clk_i_IBUF_inst/IBUFCTRL_INST/O
                         net (fo=2, unplaced)         0.403     0.985    core_clock_gate_i/clk_i_IBUF
                                                                      r  core_clock_gate_i/clk_BUFG_inst_i_1/I0
                         LUT2 (Prop_LUT2_I0_O)        0.053     1.038 r  core_clock_gate_i/clk_BUFG_inst_i_1/O
                         net (fo=1, unplaced)         0.384     1.422    clk
                                                                      r  clk_BUFG_inst/I
                         BUFGCE (Prop_BUFGCE_I_O)     0.028     1.450 r  clk_BUFG_inst/O
                         net (fo=5360, unplaced)      2.584     4.034    u_cve2_core/register_file_i/clk_BUFG
                         FDCE                                         r  u_cve2_core/register_file_i/g_rf_flops[27].rf_reg_q_reg[27][2]/C
  -------------------------------------------------------------------    -------------------
                         FDCE (Prop_FDCE_C_Q)         0.077     4.111 r  u_cve2_core/register_file_i/g_rf_flops[27].rf_reg_q_reg[27][2]/Q
                         net (fo=2, unplaced)         0.154     4.265    u_cve2_core/register_file_i/g_rf_flops[27].rf_reg_q_reg[27]_4[2]
                                                                      r  u_cve2_core/register_file_i/act_scale_hi_q[2]_i_6/I0
                         LUT6 (Prop_LUT6_I0_O)        0.149     4.414 r  u_cve2_core/register_file_i/act_scale_hi_q[2]_i_6/O
                         net (fo=1, unplaced)         0.024     4.438    u_cve2_core/register_file_i/act_scale_hi_q[2]_i_6_n_0
                                                                      r  u_cve2_core/register_file_i/act_scale_hi_q_reg[2]_i_2/I0
                         MUXF7 (Prop_MUXF7_I0_O)      0.067     4.505 r  u_cve2_core/register_file_i/act_scale_hi_q_reg[2]_i_2/O
                         net (fo=2, unplaced)         0.139     4.644    u_cve2_core/register_file_i/act_scale_hi_q_reg[2]_i_2_n_0
                                                                      r  u_cve2_core/register_file_i/act_scale_hi_q[2]_i_1/I0
                         LUT6 (Prop_LUT6_I0_O)        0.100     4.744 r  u_cve2_core/register_file_i/act_scale_hi_q[2]_i_1/O
                         net (fo=18, unplaced)        0.233     4.977    u_cve2_core/vec_unit_i/rf_rdata_b[2]
                                                                      r  u_cve2_core/vec_unit_i/gen_intermediate_val_reg[1].imd_val_q[1][2]_i_2/I1
                         LUT3 (Prop_LUT3_I1_O)        0.070     5.047 r  u_cve2_core/vec_unit_i/gen_intermediate_val_reg[1].imd_val_q[1][2]_i_2/O
                         net (fo=44, unplaced)        0.172     5.219    u_cve2_core/ex_block_i/gen_multdiv_fast.multdiv_i/multdiv_operand_b_ex_mux[2]
                                                                      r  u_cve2_core/ex_block_i/gen_multdiv_fast.multdiv_i/gen_intermediate_val_reg[0].imd_val_q[0][11]_i_487/I0
                         LUT6 (Prop_LUT6_I0_O)        0.150     5.369 r  u_cve2_core/ex_block_i/gen_multdiv_fast.multdiv_i/gen_intermediate_val_reg[0].imd_val_q[0][11]_i_487/O
                         net (fo=2, unplaced)         0.186     5.555    u_cve2_core/vec_unit_i/gen_intermediate_val_reg[0].imd_val_q_reg[0][11]_i_243[1]
                                                                      r  u_cve2_core/vec_unit_i/gen_intermediate_val_reg[0].imd_val_q[0][11]_i_494/I0
                         LUT6 (Prop_LUT6_I0_O)        0.037     5.592 r  u_cve2_core/vec_unit_i/gen_intermediate_val_reg[0].imd_val_q[0][11]_i_494/O
                         net (fo=1, unplaced)         0.029     5.621    u_cve2_core/ex_block_i/gen_multdiv_fast.multdiv_i/gen_intermediate_val_reg[0].imd_val_q[0][11]_i_157_1[5]
                                                                      r  u_cve2_core/ex_block_i/gen_multdiv_fast.multdiv_i/gen_intermediate_val_reg[0].imd_val_q_reg[0][11]_i_243/S[5]
                         CARRY8 (Prop_CARRY8_S[5]_CO[7])
                                                      0.166     5.787 r  u_cve2_core/ex_block_i/gen_multdiv_fast.multdiv_i/gen_intermediate_val_reg[0].imd_val_q_reg[0][11]_i_243/CO[7]
                         net (fo=1, unplaced)         0.005     5.792    u_cve2_core/ex_block_i/gen_multdiv_fast.multdiv_i/gen_intermediate_val_reg[0].imd_val_q_reg[0][11]_i_243_n_0
                                                                      r  u_cve2_core/ex_block_i/gen_multdiv_fast.multdiv_i/gen_intermediate_val_reg[0].imd_val_q_reg[0][11]_i_240/CI
                         CARRY8 (Prop_CARRY8_CI_O[4])
                                                      0.086     5.878 r  u_cve2_core/ex_block_i/gen_multdiv_fast.multdiv_i/gen_intermediate_val_reg[0].imd_val_q_reg[0][11]_i_240/O[4]
                         net (fo=2, unplaced)         0.184     6.062    u_cve2_core/ex_block_i/gen_multdiv_fast.multdiv_i/gen_intermediate_val_reg[0].imd_val_q_reg[0][11]_i_240_n_11
                                                                      r  u_cve2_core/ex_block_i/gen_multdiv_fast.multdiv_i/gen_intermediate_val_reg[0].imd_val_q[0][11]_i_117/I2
                         LUT3 (Prop_LUT3_I2_O)        0.038     6.100 r  u_cve2_core/ex_block_i/gen_multdiv_fast.multdiv_i/gen_intermediate_val_reg[0].imd_val_q[0][11]_i_117/O
                         net (fo=2, unplaced)         0.186     6.286    u_cve2_core/ex_block_i/gen_multdiv_fast.multdiv_i/gen_intermediate_val_reg[0].imd_val_q[0][11]_i_117_n_0
                                                                      r  u_cve2_core/ex_block_i/gen_multdiv_fast.multdiv_i/gen_intermediate_val_reg[0].imd_val_q[0][11]_i_125/I3
                         LUT4 (Prop_LUT4_I3_O)        0.037     6.323 r  u_cve2_core/ex_block_i/gen_multdiv_fast.multdiv_i/gen_intermediate_val_reg[0].imd_val_q[0][11]_i_125/O
                         net (fo=1, unplaced)         0.029     6.352    u_cve2_core/ex_block_i/gen_multdiv_fast.multdiv_i/gen_intermediate_val_reg[0].imd_val_q[0][11]_i_125_n_0
                                                                      r  u_cve2_core/ex_block_i/gen_multdiv_fast.multdiv_i/gen_intermediate_val_reg[0].imd_val_q_reg[0][11]_i_67/S[5]
                         CARRY8 (Prop_CARRY8_S[5]_CO[7])
                                                      0.166     6.518 r  u_cve2_core/ex_block_i/gen_multdiv_fast.multdiv_i/gen_intermediate_val_reg[0].imd_val_q_reg[0][11]_i_67/CO[7]
                         net (fo=1, unplaced)         0.005     6.523    u_cve2_core/ex_block_i/gen_multdiv_fast.multdiv_i/gen_intermediate_val_reg[0].imd_val_q_reg[0][11]_i_67_n_0
                                                                      r  u_cve2_core/ex_block_i/gen_multdiv_fast.multdiv_i/gen_intermediate_val_reg[0].imd_val_q_reg[0][11]_i_233/CI
                         CARRY8 (Prop_CARRY8_CI_O[0])
                                                      0.056     6.579 r  u_cve2_core/ex_block_i/gen_multdiv_fast.multdiv_i/gen_intermediate_val_reg[0].imd_val_q_reg[0][11]_i_233/O[0]
                         net (fo=3, unplaced)         0.192     6.771    u_cve2_core/vec_unit_i/gen_intermediate_val_reg[0].imd_val_q[0][23]_i_37[0]
                                                                      r  u_cve2_core/vec_unit_i/gen_intermediate_val_reg[0].imd_val_q[0][23]_i_79/I4
                         LUT6 (Prop_LUT6_I4_O)        0.038     6.809 r  u_cve2_core/vec_unit_i/gen_intermediate_val_reg[0].imd_val_q[0][23]_i_79/O
                         net (fo=3, unplaced)         0.192     7.001    u_cve2_core/ex_block_i/gen_multdiv_fast.multdiv_i/gen_intermediate_val_reg[0].imd_val_q_reg[0][23]_i_26_1
                                                                      r  u_cve2_core/ex_block_i/gen_multdiv_fast.multdiv_i/gen_intermediate_val_reg[0].imd_val_q[0][23]_i_51/I0
                         LUT6 (Prop_LUT6_I0_O)        0.038     7.039 r  u_cve2_core/ex_block_i/gen_multdiv_fast.multdiv_i/gen_intermediate_val_reg[0].imd_val_q[0][23]_i_51/O
                         net (fo=1, unplaced)         0.020     7.059    u_cve2_core/ex_block_i/gen_multdiv_fast.multdiv_i/gen_intermediate_val_reg[0].imd_val_q[0][23]_i_51_n_0
                                                                      r  u_cve2_core/ex_block_i/gen_multdiv_fast.multdiv_i/gen_intermediate_val_reg[0].imd_val_q_reg[0][23]_i_26/S[0]
                         CARRY8 (Prop_CARRY8_S[0]_O[0])
                                                      0.065     7.124 r  u_cve2_core/ex_block_i/gen_multdiv_fast.multdiv_i/gen_intermediate_val_reg[0].imd_val_q_reg[0][23]_i_26/O[0]
                         net (fo=2, unplaced)         0.137     7.261    u_cve2_core/ex_block_i/gen_multdiv_fast.multdiv_i/gen_mult_single_cycle.mult1_res[16]
                                                                      r  u_cve2_core/ex_block_i/gen_multdiv_fast.multdiv_i/gen_intermediate_val_reg[0].imd_val_q[0][23]_i_24/I1
                         LUT3 (Prop_LUT3_I1_O)        0.053     7.314 r  u_cve2_core/ex_block_i/gen_multdiv_fast.multdiv_i/gen_intermediate_val_reg[0].imd_val_q[0][23]_i_24/O
                         net (fo=1, unplaced)         0.020     7.334    u_cve2_core/ex_block_i/gen_multdiv_fast.multdiv_i/gen_intermediate_val_reg[0].imd_val_q[0][23]_i_24_n_0
                                                                      r  u_cve2_core/ex_block_i/gen_multdiv_fast.multdiv_i/gen_intermediate_val_reg[0].imd_val_q_reg[0][23]_i_7/S[0]
                         CARRY8 (Prop_CARRY8_S[0]_O[0])
                                                      0.065     7.399 r  u_cve2_core/ex_block_i/gen_multdiv_fast.multdiv_i/gen_intermediate_val_reg[0].imd_val_q_reg[0][23]_i_7/O[0]
                         net (fo=4, unplaced)         0.198     7.597    u_cve2_core/if_stage_i/P[0]
                                                                      r  u_cve2_core/if_stage_i/g_rf_flops[31].rf_reg_q[31][0]_i_14/I3
                         LUT6 (Prop_LUT6_I3_O)        0.038     7.635 r  u_cve2_core/if_stage_i/g_rf_flops[31].rf_reg_q[31][0]_i_14/O
                         net (fo=1, unplaced)         0.186     7.821    u_cve2_core/if_stage_i/g_rf_flops[31].rf_reg_q[31][0]_i_14_n_0
                                                                      r  u_cve2_core/if_stage_i/g_rf_flops[31].rf_reg_q[31][0]_i_5/I0
                         LUT6 (Prop_LUT6_I0_O)        0.038     7.859 r  u_cve2_core/if_stage_i/g_rf_flops[31].rf_reg_q[31][0]_i_5/O
                         net (fo=1, unplaced)         0.186     8.045    u_cve2_core/if_stage_i/g_rf_flops[31].rf_reg_q[31][0]_i_5_n_0
                                                                      r  u_cve2_core/if_stage_i/g_rf_flops[31].rf_reg_q[31][0]_i_2/I0
                         LUT6 (Prop_LUT6_I0_O)        0.038     8.083 r  u_cve2_core/if_stage_i/g_rf_flops[31].rf_reg_q[31][0]_i_2/O
                         net (fo=4, unplaced)         0.198     8.281    u_cve2_core/vec_unit_i/i_vrf/result_ex[0]
                                                                      r  u_cve2_core/vec_unit_i/i_vrf/vrf_mem_reg_1_bram_0_i_59/I1
                         LUT6 (Prop_LUT6_I1_O)        0.038     8.319 f  u_cve2_core/vec_unit_i/i_vrf/vrf_mem_reg_1_bram_0_i_59/O
                         net (fo=14, unplaced)        0.227     8.546    u_cve2_core/vec_unit_i/i_vrf/vrf_mem_reg_1_bram_0_i_59_n_0
                                                                      f  u_cve2_core/vec_unit_i/i_vrf/data_addr_o_OBUF[31]_inst_i_3/I0
                         LUT5 (Prop_LUT5_I0_O)        0.038     8.584 r  u_cve2_core/vec_unit_i/i_vrf/data_addr_o_OBUF[31]_inst_i_3/O
                         net (fo=36, unplaced)        0.248     8.832    u_cve2_core/vec_unit_i/i_vrf/FSM_sequential_state_q_reg[0]
                                                                      r  u_cve2_core/vec_unit_i/i_vrf/data_we_o_OBUF_inst_i_2/I4
                         LUT5 (Prop_LUT5_I4_O)        0.038     8.870 r  u_cve2_core/vec_unit_i/i_vrf/data_we_o_OBUF_inst_i_2/O
                         net (fo=33, unplaced)        0.246     9.116    u_cve2_core/vec_unit_i/i_vrf/vec_data_we
                                                                      r  u_cve2_core/vec_unit_i/i_vrf/data_wdata_o_OBUF[16]_inst_i_1/I2
                         LUT5 (Prop_LUT5_I2_O)        0.038     9.154 r  u_cve2_core/vec_unit_i/i_vrf/data_wdata_o_OBUF[16]_inst_i_1/O
                         net (fo=1, unplaced)         0.553     9.707    data_wdata_o_OBUF[16]
                                                                      r  data_wdata_o_OBUF[16]_inst/I
                         OBUF (Prop_OBUF_I_O)         0.959    10.666 r  data_wdata_o_OBUF[16]_inst/O
                         net (fo=0)                   0.000    10.666    data_wdata_o[16]
                                                                      r  data_wdata_o[16] (OUT)
  -------------------------------------------------------------------    -------------------

Slack:                    inf
  Source:                 u_cve2_core/register_file_i/g_rf_flops[27].rf_reg_q_reg[27][2]/C
                            (rising edge-triggered cell FDCE clocked by clk_i  {rise@0.000ns fall@4.000ns period=8.000ns})
  Destination:            data_wdata_o[17]
                            (output port)
  Path Group:             (none)
  Path Type:              Max at Slow Process Corner
  Data Path Delay:        6.632ns  (logic 2.683ns (40.455%)  route 3.949ns (59.545%))
  Logic Levels:           25  (CARRY8=6 LUT3=3 LUT4=1 LUT5=3 LUT6=10 MUXF7=1 OBUF=1)
  Clock Uncertainty:      0.025ns  ((TSJ^2 + TIJ^2)^1/2 + DJ) / 2 + PE
    Total System Jitter     (TSJ):    0.050ns
    Total Input Jitter      (TIJ):    0.000ns
    Discrete Jitter          (DJ):    0.000ns
    Phase Error              (PE):    0.000ns

    Location             Delay type                Incr(ns)  Path(ns)    Netlist Resource(s)
  -------------------------------------------------------------------    -------------------
                         (clock clk_i rise edge)      0.000     0.000 r  
                                                      0.000     0.000 r  clk_i (IN)
                         net (fo=0)                   0.000     0.000    clk_i_IBUF_inst/I
                                                                      r  clk_i_IBUF_inst/INBUF_INST/PAD
                         INBUF (Prop_INBUF_PAD_O)     0.582     0.582 r  clk_i_IBUF_inst/INBUF_INST/O
                         net (fo=1, unplaced)         0.000     0.582    clk_i_IBUF_inst/OUT
                                                                      r  clk_i_IBUF_inst/IBUFCTRL_INST/I
                         IBUFCTRL (Prop_IBUFCTRL_I_O)
                                                      0.000     0.582 r  clk_i_IBUF_inst/IBUFCTRL_INST/O
                         net (fo=2, unplaced)         0.403     0.985    core_clock_gate_i/clk_i_IBUF
                                                                      r  core_clock_gate_i/clk_BUFG_inst_i_1/I0
                         LUT2 (Prop_LUT2_I0_O)        0.053     1.038 r  core_clock_gate_i/clk_BUFG_inst_i_1/O
                         net (fo=1, unplaced)         0.384     1.422    clk
                                                                      r  clk_BUFG_inst/I
                         BUFGCE (Prop_BUFGCE_I_O)     0.028     1.450 r  clk_BUFG_inst/O
                         net (fo=5360, unplaced)      2.584     4.034    u_cve2_core/register_file_i/clk_BUFG
                         FDCE                                         r  u_cve2_core/register_file_i/g_rf_flops[27].rf_reg_q_reg[27][2]/C
  -------------------------------------------------------------------    -------------------
                         FDCE (Prop_FDCE_C_Q)         0.077     4.111 r  u_cve2_core/register_file_i/g_rf_flops[27].rf_reg_q_reg[27][2]/Q
                         net (fo=2, unplaced)         0.154     4.265    u_cve2_core/register_file_i/g_rf_flops[27].rf_reg_q_reg[27]_4[2]
                                                                      r  u_cve2_core/register_file_i/act_scale_hi_q[2]_i_6/I0
                         LUT6 (Prop_LUT6_I0_O)        0.149     4.414 r  u_cve2_core/register_file_i/act_scale_hi_q[2]_i_6/O
                         net (fo=1, unplaced)         0.024     4.438    u_cve2_core/register_file_i/act_scale_hi_q[2]_i_6_n_0
                                                                      r  u_cve2_core/register_file_i/act_scale_hi_q_reg[2]_i_2/I0
                         MUXF7 (Prop_MUXF7_I0_O)      0.067     4.505 r  u_cve2_core/register_file_i/act_scale_hi_q_reg[2]_i_2/O
                         net (fo=2, unplaced)         0.139     4.644    u_cve2_core/register_file_i/act_scale_hi_q_reg[2]_i_2_n_0
                                                                      r  u_cve2_core/register_file_i/act_scale_hi_q[2]_i_1/I0
                         LUT6 (Prop_LUT6_I0_O)        0.100     4.744 r  u_cve2_core/register_file_i/act_scale_hi_q[2]_i_1/O
                         net (fo=18, unplaced)        0.233     4.977    u_cve2_core/vec_unit_i/rf_rdata_b[2]
                                                                      r  u_cve2_core/vec_unit_i/gen_intermediate_val_reg[1].imd_val_q[1][2]_i_2/I1
                         LUT3 (Prop_LUT3_I1_O)        0.070     5.047 r  u_cve2_core/vec_unit_i/gen_intermediate_val_reg[1].imd_val_q[1][2]_i_2/O
                         net (fo=44, unplaced)        0.172     5.219    u_cve2_core/ex_block_i/gen_multdiv_fast.multdiv_i/multdiv_operand_b_ex_mux[2]
                                                                      r  u_cve2_core/ex_block_i/gen_multdiv_fast.multdiv_i/gen_intermediate_val_reg[0].imd_val_q[0][11]_i_487/I0
                         LUT6 (Prop_LUT6_I0_O)        0.150     5.369 r  u_cve2_core/ex_block_i/gen_multdiv_fast.multdiv_i/gen_intermediate_val_reg[0].imd_val_q[0][11]_i_487/O
                         net (fo=2, unplaced)         0.186     5.555    u_cve2_core/vec_unit_i/gen_intermediate_val_reg[0].imd_val_q_reg[0][11]_i_243[1]
                                                                      r  u_cve2_core/vec_unit_i/gen_intermediate_val_reg[0].imd_val_q[0][11]_i_494/I0
                         LUT6 (Prop_LUT6_I0_O)        0.037     5.592 r  u_cve2_core/vec_unit_i/gen_intermediate_val_reg[0].imd_val_q[0][11]_i_494/O
                         net (fo=1, unplaced)         0.029     5.621    u_cve2_core/ex_block_i/gen_multdiv_fast.multdiv_i/gen_intermediate_val_reg[0].imd_val_q[0][11]_i_157_1[5]
                                                                      r  u_cve2_core/ex_block_i/gen_multdiv_fast.multdiv_i/gen_intermediate_val_reg[0].imd_val_q_reg[0][11]_i_243/S[5]
                         CARRY8 (Prop_CARRY8_S[5]_CO[7])
                                                      0.166     5.787 r  u_cve2_core/ex_block_i/gen_multdiv_fast.multdiv_i/gen_intermediate_val_reg[0].imd_val_q_reg[0][11]_i_243/CO[7]
                         net (fo=1, unplaced)         0.005     5.792    u_cve2_core/ex_block_i/gen_multdiv_fast.multdiv_i/gen_intermediate_val_reg[0].imd_val_q_reg[0][11]_i_243_n_0
                                                                      r  u_cve2_core/ex_block_i/gen_multdiv_fast.multdiv_i/gen_intermediate_val_reg[0].imd_val_q_reg[0][11]_i_240/CI
                         CARRY8 (Prop_CARRY8_CI_O[4])
                                                      0.086     5.878 r  u_cve2_core/ex_block_i/gen_multdiv_fast.multdiv_i/gen_intermediate_val_reg[0].imd_val_q_reg[0][11]_i_240/O[4]
                         net (fo=2, unplaced)         0.184     6.062    u_cve2_core/ex_block_i/gen_multdiv_fast.multdiv_i/gen_intermediate_val_reg[0].imd_val_q_reg[0][11]_i_240_n_11
                                                                      r  u_cve2_core/ex_block_i/gen_multdiv_fast.multdiv_i/gen_intermediate_val_reg[0].imd_val_q[0][11]_i_117/I2
                         LUT3 (Prop_LUT3_I2_O)        0.038     6.100 r  u_cve2_core/ex_block_i/gen_multdiv_fast.multdiv_i/gen_intermediate_val_reg[0].imd_val_q[0][11]_i_117/O
                         net (fo=2, unplaced)         0.186     6.286    u_cve2_core/ex_block_i/gen_multdiv_fast.multdiv_i/gen_intermediate_val_reg[0].imd_val_q[0][11]_i_117_n_0
                                                                      r  u_cve2_core/ex_block_i/gen_multdiv_fast.multdiv_i/gen_intermediate_val_reg[0].imd_val_q[0][11]_i_125/I3
                         LUT4 (Prop_LUT4_I3_O)        0.037     6.323 r  u_cve2_core/ex_block_i/gen_multdiv_fast.multdiv_i/gen_intermediate_val_reg[0].imd_val_q[0][11]_i_125/O
                         net (fo=1, unplaced)         0.029     6.352    u_cve2_core/ex_block_i/gen_multdiv_fast.multdiv_i/gen_intermediate_val_reg[0].imd_val_q[0][11]_i_125_n_0
                                                                      r  u_cve2_core/ex_block_i/gen_multdiv_fast.multdiv_i/gen_intermediate_val_reg[0].imd_val_q_reg[0][11]_i_67/S[5]
                         CARRY8 (Prop_CARRY8_S[5]_CO[7])
                                                      0.166     6.518 r  u_cve2_core/ex_block_i/gen_multdiv_fast.multdiv_i/gen_intermediate_val_reg[0].imd_val_q_reg[0][11]_i_67/CO[7]
                         net (fo=1, unplaced)         0.005     6.523    u_cve2_core/ex_block_i/gen_multdiv_fast.multdiv_i/gen_intermediate_val_reg[0].imd_val_q_reg[0][11]_i_67_n_0
                                                                      r  u_cve2_core/ex_block_i/gen_multdiv_fast.multdiv_i/gen_intermediate_val_reg[0].imd_val_q_reg[0][11]_i_233/CI
                         CARRY8 (Prop_CARRY8_CI_O[0])
                                                      0.056     6.579 r  u_cve2_core/ex_block_i/gen_multdiv_fast.multdiv_i/gen_intermediate_val_reg[0].imd_val_q_reg[0][11]_i_233/O[0]
                         net (fo=3, unplaced)         0.192     6.771    u_cve2_core/vec_unit_i/gen_intermediate_val_reg[0].imd_val_q[0][23]_i_37[0]
                                                                      r  u_cve2_core/vec_unit_i/gen_intermediate_val_reg[0].imd_val_q[0][23]_i_79/I4
                         LUT6 (Prop_LUT6_I4_O)        0.038     6.809 r  u_cve2_core/vec_unit_i/gen_intermediate_val_reg[0].imd_val_q[0][23]_i_79/O
                         net (fo=3, unplaced)         0.192     7.001    u_cve2_core/ex_block_i/gen_multdiv_fast.multdiv_i/gen_intermediate_val_reg[0].imd_val_q_reg[0][23]_i_26_1
                                                                      r  u_cve2_core/ex_block_i/gen_multdiv_fast.multdiv_i/gen_intermediate_val_reg[0].imd_val_q[0][23]_i_51/I0
                         LUT6 (Prop_LUT6_I0_O)        0.038     7.039 r  u_cve2_core/ex_block_i/gen_multdiv_fast.multdiv_i/gen_intermediate_val_reg[0].imd_val_q[0][23]_i_51/O
                         net (fo=1, unplaced)         0.020     7.059    u_cve2_core/ex_block_i/gen_multdiv_fast.multdiv_i/gen_intermediate_val_reg[0].imd_val_q[0][23]_i_51_n_0
                                                                      r  u_cve2_core/ex_block_i/gen_multdiv_fast.multdiv_i/gen_intermediate_val_reg[0].imd_val_q_reg[0][23]_i_26/S[0]
                         CARRY8 (Prop_CARRY8_S[0]_O[0])
                                                      0.065     7.124 r  u_cve2_core/ex_block_i/gen_multdiv_fast.multdiv_i/gen_intermediate_val_reg[0].imd_val_q_reg[0][23]_i_26/O[0]
                         net (fo=2, unplaced)         0.137     7.261    u_cve2_core/ex_block_i/gen_multdiv_fast.multdiv_i/gen_mult_single_cycle.mult1_res[16]
                                                                      r  u_cve2_core/ex_block_i/gen_multdiv_fast.multdiv_i/gen_intermediate_val_reg[0].imd_val_q[0][23]_i_24/I1
                         LUT3 (Prop_LUT3_I1_O)        0.053     7.314 r  u_cve2_core/ex_block_i/gen_multdiv_fast.multdiv_i/gen_intermediate_val_reg[0].imd_val_q[0][23]_i_24/O
                         net (fo=1, unplaced)         0.020     7.334    u_cve2_core/ex_block_i/gen_multdiv_fast.multdiv_i/gen_intermediate_val_reg[0].imd_val_q[0][23]_i_24_n_0
                                                                      r  u_cve2_core/ex_block_i/gen_multdiv_fast.multdiv_i/gen_intermediate_val_reg[0].imd_val_q_reg[0][23]_i_7/S[0]
                         CARRY8 (Prop_CARRY8_S[0]_O[0])
                                                      0.065     7.399 r  u_cve2_core/ex_block_i/gen_multdiv_fast.multdiv_i/gen_intermediate_val_reg[0].imd_val_q_reg[0][23]_i_7/O[0]
                         net (fo=4, unplaced)         0.198     7.597    u_cve2_core/if_stage_i/P[0]
                                                                      r  u_cve2_core/if_stage_i/g_rf_flops[31].rf_reg_q[31][0]_i_14/I3
                         LUT6 (Prop_LUT6_I3_O)        0.038     7.635 r  u_cve2_core/if_stage_i/g_rf_flops[31].rf_reg_q[31][0]_i_14/O
                         net (fo=1, unplaced)         0.186     7.821    u_cve2_core/if_stage_i/g_rf_flops[31].rf_reg_q[31][0]_i_14_n_0
                                                                      r  u_cve2_core/if_stage_i/g_rf_flops[31].rf_reg_q[31][0]_i_5/I0
                         LUT6 (Prop_LUT6_I0_O)        0.038     7.859 r  u_cve2_core/if_stage_i/g_rf_flops[31].rf_reg_q[31][0]_i_5/O
                         net (fo=1, unplaced)         0.186     8.045    u_cve2_core/if_stage_i/g_rf_flops[31].rf_reg_q[31][0]_i_5_n_0
                                                                      r  u_cve2_core/if_stage_i/g_rf_flops[31].rf_reg_q[31][0]_i_2/I0
                         LUT6 (Prop_LUT6_I0_O)        0.038     8.083 r  u_cve2_core/if_stage_i/g_rf_flops[31].rf_reg_q[31][0]_i_2/O
                         net (fo=4, unplaced)         0.198     8.281    u_cve2_core/vec_unit_i/i_vrf/result_ex[0]
                                                                      r  u_cve2_core/vec_unit_i/i_vrf/vrf_mem_reg_1_bram_0_i_59/I1
                         LUT6 (Prop_LUT6_I1_O)        0.038     8.319 f  u_cve2_core/vec_unit_i/i_vrf/vrf_mem_reg_1_bram_0_i_59/O
                         net (fo=14, unplaced)        0.227     8.546    u_cve2_core/vec_unit_i/i_vrf/vrf_mem_reg_1_bram_0_i_59_n_0
                                                                      f  u_cve2_core/vec_unit_i/i_vrf/data_addr_o_OBUF[31]_inst_i_3/I0
                         LUT5 (Prop_LUT5_I0_O)        0.038     8.584 r  u_cve2_core/vec_unit_i/i_vrf/data_addr_o_OBUF[31]_inst_i_3/O
                         net (fo=36, unplaced)        0.248     8.832    u_cve2_core/vec_unit_i/i_vrf/FSM_sequential_state_q_reg[0]
                                                                      r  u_cve2_core/vec_unit_i/i_vrf/data_we_o_OBUF_inst_i_2/I4
                         LUT5 (Prop_LUT5_I4_O)        0.038     8.870 r  u_cve2_core/vec_unit_i/i_vrf/data_we_o_OBUF_inst_i_2/O
                         net (fo=33, unplaced)        0.246     9.116    u_cve2_core/vec_unit_i/i_vrf/vec_data_we
                                                                      r  u_cve2_core/vec_unit_i/i_vrf/data_wdata_o_OBUF[17]_inst_i_1/I2
                         LUT5 (Prop_LUT5_I2_O)        0.038     9.154 r  u_cve2_core/vec_unit_i/i_vrf/data_wdata_o_OBUF[17]_inst_i_1/O
                         net (fo=1, unplaced)         0.553     9.707    data_wdata_o_OBUF[17]
                                                                      r  data_wdata_o_OBUF[17]_inst/I
                         OBUF (Prop_OBUF_I_O)         0.959    10.666 r  data_wdata_o_OBUF[17]_inst/O
                         net (fo=0)                   0.000    10.666    data_wdata_o[17]
                                                                      r  data_wdata_o[17] (OUT)
  -------------------------------------------------------------------    -------------------

Slack:                    inf
  Source:                 u_cve2_core/register_file_i/g_rf_flops[27].rf_reg_q_reg[27][2]/C
                            (rising edge-triggered cell FDCE clocked by clk_i  {rise@0.000ns fall@4.000ns period=8.000ns})
  Destination:            data_wdata_o[18]
                            (output port)
  Path Group:             (none)
  Path Type:              Max at Slow Process Corner
  Data Path Delay:        6.632ns  (logic 2.683ns (40.455%)  route 3.949ns (59.545%))
  Logic Levels:           25  (CARRY8=6 LUT3=3 LUT4=1 LUT5=3 LUT6=10 MUXF7=1 OBUF=1)
  Clock Uncertainty:      0.025ns  ((TSJ^2 + TIJ^2)^1/2 + DJ) / 2 + PE
    Total System Jitter     (TSJ):    0.050ns
    Total Input Jitter      (TIJ):    0.000ns
    Discrete Jitter          (DJ):    0.000ns
    Phase Error              (PE):    0.000ns

    Location             Delay type                Incr(ns)  Path(ns)    Netlist Resource(s)
  -------------------------------------------------------------------    -------------------
                         (clock clk_i rise edge)      0.000     0.000 r  
                                                      0.000     0.000 r  clk_i (IN)
                         net (fo=0)                   0.000     0.000    clk_i_IBUF_inst/I
                                                                      r  clk_i_IBUF_inst/INBUF_INST/PAD
                         INBUF (Prop_INBUF_PAD_O)     0.582     0.582 r  clk_i_IBUF_inst/INBUF_INST/O
                         net (fo=1, unplaced)         0.000     0.582    clk_i_IBUF_inst/OUT
                                                                      r  clk_i_IBUF_inst/IBUFCTRL_INST/I
                         IBUFCTRL (Prop_IBUFCTRL_I_O)
                                                      0.000     0.582 r  clk_i_IBUF_inst/IBUFCTRL_INST/O
                         net (fo=2, unplaced)         0.403     0.985    core_clock_gate_i/clk_i_IBUF
                                                                      r  core_clock_gate_i/clk_BUFG_inst_i_1/I0
                         LUT2 (Prop_LUT2_I0_O)        0.053     1.038 r  core_clock_gate_i/clk_BUFG_inst_i_1/O
                         net (fo=1, unplaced)         0.384     1.422    clk
                                                                      r  clk_BUFG_inst/I
                         BUFGCE (Prop_BUFGCE_I_O)     0.028     1.450 r  clk_BUFG_inst/O
                         net (fo=5360, unplaced)      2.584     4.034    u_cve2_core/register_file_i/clk_BUFG
                         FDCE                                         r  u_cve2_core/register_file_i/g_rf_flops[27].rf_reg_q_reg[27][2]/C
  -------------------------------------------------------------------    -------------------
                         FDCE (Prop_FDCE_C_Q)         0.077     4.111 r  u_cve2_core/register_file_i/g_rf_flops[27].rf_reg_q_reg[27][2]/Q
                         net (fo=2, unplaced)         0.154     4.265    u_cve2_core/register_file_i/g_rf_flops[27].rf_reg_q_reg[27]_4[2]
                                                                      r  u_cve2_core/register_file_i/act_scale_hi_q[2]_i_6/I0
                         LUT6 (Prop_LUT6_I0_O)        0.149     4.414 r  u_cve2_core/register_file_i/act_scale_hi_q[2]_i_6/O
                         net (fo=1, unplaced)         0.024     4.438    u_cve2_core/register_file_i/act_scale_hi_q[2]_i_6_n_0
                                                                      r  u_cve2_core/register_file_i/act_scale_hi_q_reg[2]_i_2/I0
                         MUXF7 (Prop_MUXF7_I0_O)      0.067     4.505 r  u_cve2_core/register_file_i/act_scale_hi_q_reg[2]_i_2/O
                         net (fo=2, unplaced)         0.139     4.644    u_cve2_core/register_file_i/act_scale_hi_q_reg[2]_i_2_n_0
                                                                      r  u_cve2_core/register_file_i/act_scale_hi_q[2]_i_1/I0
                         LUT6 (Prop_LUT6_I0_O)        0.100     4.744 r  u_cve2_core/register_file_i/act_scale_hi_q[2]_i_1/O
                         net (fo=18, unplaced)        0.233     4.977    u_cve2_core/vec_unit_i/rf_rdata_b[2]
                                                                      r  u_cve2_core/vec_unit_i/gen_intermediate_val_reg[1].imd_val_q[1][2]_i_2/I1
                         LUT3 (Prop_LUT3_I1_O)        0.070     5.047 r  u_cve2_core/vec_unit_i/gen_intermediate_val_reg[1].imd_val_q[1][2]_i_2/O
                         net (fo=44, unplaced)        0.172     5.219    u_cve2_core/ex_block_i/gen_multdiv_fast.multdiv_i/multdiv_operand_b_ex_mux[2]
                                                                      r  u_cve2_core/ex_block_i/gen_multdiv_fast.multdiv_i/gen_intermediate_val_reg[0].imd_val_q[0][11]_i_487/I0
                         LUT6 (Prop_LUT6_I0_O)        0.150     5.369 r  u_cve2_core/ex_block_i/gen_multdiv_fast.multdiv_i/gen_intermediate_val_reg[0].imd_val_q[0][11]_i_487/O
                         net (fo=2, unplaced)         0.186     5.555    u_cve2_core/vec_unit_i/gen_intermediate_val_reg[0].imd_val_q_reg[0][11]_i_243[1]
                                                                      r  u_cve2_core/vec_unit_i/gen_intermediate_val_reg[0].imd_val_q[0][11]_i_494/I0
                         LUT6 (Prop_LUT6_I0_O)        0.037     5.592 r  u_cve2_core/vec_unit_i/gen_intermediate_val_reg[0].imd_val_q[0][11]_i_494/O
                         net (fo=1, unplaced)         0.029     5.621    u_cve2_core/ex_block_i/gen_multdiv_fast.multdiv_i/gen_intermediate_val_reg[0].imd_val_q[0][11]_i_157_1[5]
                                                                      r  u_cve2_core/ex_block_i/gen_multdiv_fast.multdiv_i/gen_intermediate_val_reg[0].imd_val_q_reg[0][11]_i_243/S[5]
                         CARRY8 (Prop_CARRY8_S[5]_CO[7])
                                                      0.166     5.787 r  u_cve2_core/ex_block_i/gen_multdiv_fast.multdiv_i/gen_intermediate_val_reg[0].imd_val_q_reg[0][11]_i_243/CO[7]
                         net (fo=1, unplaced)         0.005     5.792    u_cve2_core/ex_block_i/gen_multdiv_fast.multdiv_i/gen_intermediate_val_reg[0].imd_val_q_reg[0][11]_i_243_n_0
                                                                      r  u_cve2_core/ex_block_i/gen_multdiv_fast.multdiv_i/gen_intermediate_val_reg[0].imd_val_q_reg[0][11]_i_240/CI
                         CARRY8 (Prop_CARRY8_CI_O[4])
                                                      0.086     5.878 r  u_cve2_core/ex_block_i/gen_multdiv_fast.multdiv_i/gen_intermediate_val_reg[0].imd_val_q_reg[0][11]_i_240/O[4]
                         net (fo=2, unplaced)         0.184     6.062    u_cve2_core/ex_block_i/gen_multdiv_fast.multdiv_i/gen_intermediate_val_reg[0].imd_val_q_reg[0][11]_i_240_n_11
                                                                      r  u_cve2_core/ex_block_i/gen_multdiv_fast.multdiv_i/gen_intermediate_val_reg[0].imd_val_q[0][11]_i_117/I2
                         LUT3 (Prop_LUT3_I2_O)        0.038     6.100 r  u_cve2_core/ex_block_i/gen_multdiv_fast.multdiv_i/gen_intermediate_val_reg[0].imd_val_q[0][11]_i_117/O
                         net (fo=2, unplaced)         0.186     6.286    u_cve2_core/ex_block_i/gen_multdiv_fast.multdiv_i/gen_intermediate_val_reg[0].imd_val_q[0][11]_i_117_n_0
                                                                      r  u_cve2_core/ex_block_i/gen_multdiv_fast.multdiv_i/gen_intermediate_val_reg[0].imd_val_q[0][11]_i_125/I3
                         LUT4 (Prop_LUT4_I3_O)        0.037     6.323 r  u_cve2_core/ex_block_i/gen_multdiv_fast.multdiv_i/gen_intermediate_val_reg[0].imd_val_q[0][11]_i_125/O
                         net (fo=1, unplaced)         0.029     6.352    u_cve2_core/ex_block_i/gen_multdiv_fast.multdiv_i/gen_intermediate_val_reg[0].imd_val_q[0][11]_i_125_n_0
                                                                      r  u_cve2_core/ex_block_i/gen_multdiv_fast.multdiv_i/gen_intermediate_val_reg[0].imd_val_q_reg[0][11]_i_67/S[5]
                         CARRY8 (Prop_CARRY8_S[5]_CO[7])
                                                      0.166     6.518 r  u_cve2_core/ex_block_i/gen_multdiv_fast.multdiv_i/gen_intermediate_val_reg[0].imd_val_q_reg[0][11]_i_67/CO[7]
                         net (fo=1, unplaced)         0.005     6.523    u_cve2_core/ex_block_i/gen_multdiv_fast.multdiv_i/gen_intermediate_val_reg[0].imd_val_q_reg[0][11]_i_67_n_0
                                                                      r  u_cve2_core/ex_block_i/gen_multdiv_fast.multdiv_i/gen_intermediate_val_reg[0].imd_val_q_reg[0][11]_i_233/CI
                         CARRY8 (Prop_CARRY8_CI_O[0])
                                                      0.056     6.579 r  u_cve2_core/ex_block_i/gen_multdiv_fast.multdiv_i/gen_intermediate_val_reg[0].imd_val_q_reg[0][11]_i_233/O[0]
                         net (fo=3, unplaced)         0.192     6.771    u_cve2_core/vec_unit_i/gen_intermediate_val_reg[0].imd_val_q[0][23]_i_37[0]
                                                                      r  u_cve2_core/vec_unit_i/gen_intermediate_val_reg[0].imd_val_q[0][23]_i_79/I4
                         LUT6 (Prop_LUT6_I4_O)        0.038     6.809 r  u_cve2_core/vec_unit_i/gen_intermediate_val_reg[0].imd_val_q[0][23]_i_79/O
                         net (fo=3, unplaced)         0.192     7.001    u_cve2_core/ex_block_i/gen_multdiv_fast.multdiv_i/gen_intermediate_val_reg[0].imd_val_q_reg[0][23]_i_26_1
                                                                      r  u_cve2_core/ex_block_i/gen_multdiv_fast.multdiv_i/gen_intermediate_val_reg[0].imd_val_q[0][23]_i_51/I0
                         LUT6 (Prop_LUT6_I0_O)        0.038     7.039 r  u_cve2_core/ex_block_i/gen_multdiv_fast.multdiv_i/gen_intermediate_val_reg[0].imd_val_q[0][23]_i_51/O
                         net (fo=1, unplaced)         0.020     7.059    u_cve2_core/ex_block_i/gen_multdiv_fast.multdiv_i/gen_intermediate_val_reg[0].imd_val_q[0][23]_i_51_n_0
                                                                      r  u_cve2_core/ex_block_i/gen_multdiv_fast.multdiv_i/gen_intermediate_val_reg[0].imd_val_q_reg[0][23]_i_26/S[0]
                         CARRY8 (Prop_CARRY8_S[0]_O[0])
                                                      0.065     7.124 r  u_cve2_core/ex_block_i/gen_multdiv_fast.multdiv_i/gen_intermediate_val_reg[0].imd_val_q_reg[0][23]_i_26/O[0]
                         net (fo=2, unplaced)         0.137     7.261    u_cve2_core/ex_block_i/gen_multdiv_fast.multdiv_i/gen_mult_single_cycle.mult1_res[16]
                                                                      r  u_cve2_core/ex_block_i/gen_multdiv_fast.multdiv_i/gen_intermediate_val_reg[0].imd_val_q[0][23]_i_24/I1
                         LUT3 (Prop_LUT3_I1_O)        0.053     7.314 r  u_cve2_core/ex_block_i/gen_multdiv_fast.multdiv_i/gen_intermediate_val_reg[0].imd_val_q[0][23]_i_24/O
                         net (fo=1, unplaced)         0.020     7.334    u_cve2_core/ex_block_i/gen_multdiv_fast.multdiv_i/gen_intermediate_val_reg[0].imd_val_q[0][23]_i_24_n_0
                                                                      r  u_cve2_core/ex_block_i/gen_multdiv_fast.multdiv_i/gen_intermediate_val_reg[0].imd_val_q_reg[0][23]_i_7/S[0]
                         CARRY8 (Prop_CARRY8_S[0]_O[0])
                                                      0.065     7.399 r  u_cve2_core/ex_block_i/gen_multdiv_fast.multdiv_i/gen_intermediate_val_reg[0].imd_val_q_reg[0][23]_i_7/O[0]
                         net (fo=4, unplaced)         0.198     7.597    u_cve2_core/if_stage_i/P[0]
                                                                      r  u_cve2_core/if_stage_i/g_rf_flops[31].rf_reg_q[31][0]_i_14/I3
                         LUT6 (Prop_LUT6_I3_O)        0.038     7.635 r  u_cve2_core/if_stage_i/g_rf_flops[31].rf_reg_q[31][0]_i_14/O
                         net (fo=1, unplaced)         0.186     7.821    u_cve2_core/if_stage_i/g_rf_flops[31].rf_reg_q[31][0]_i_14_n_0
                                                                      r  u_cve2_core/if_stage_i/g_rf_flops[31].rf_reg_q[31][0]_i_5/I0
                         LUT6 (Prop_LUT6_I0_O)        0.038     7.859 r  u_cve2_core/if_stage_i/g_rf_flops[31].rf_reg_q[31][0]_i_5/O
                         net (fo=1, unplaced)         0.186     8.045    u_cve2_core/if_stage_i/g_rf_flops[31].rf_reg_q[31][0]_i_5_n_0
                                                                      r  u_cve2_core/if_stage_i/g_rf_flops[31].rf_reg_q[31][0]_i_2/I0
                         LUT6 (Prop_LUT6_I0_O)        0.038     8.083 r  u_cve2_core/if_stage_i/g_rf_flops[31].rf_reg_q[31][0]_i_2/O
                         net (fo=4, unplaced)         0.198     8.281    u_cve2_core/vec_unit_i/i_vrf/result_ex[0]
                                                                      r  u_cve2_core/vec_unit_i/i_vrf/vrf_mem_reg_1_bram_0_i_59/I1
                         LUT6 (Prop_LUT6_I1_O)        0.038     8.319 f  u_cve2_core/vec_unit_i/i_vrf/vrf_mem_reg_1_bram_0_i_59/O
                         net (fo=14, unplaced)        0.227     8.546    u_cve2_core/vec_unit_i/i_vrf/vrf_mem_reg_1_bram_0_i_59_n_0
                                                                      f  u_cve2_core/vec_unit_i/i_vrf/data_addr_o_OBUF[31]_inst_i_3/I0
                         LUT5 (Prop_LUT5_I0_O)        0.038     8.584 r  u_cve2_core/vec_unit_i/i_vrf/data_addr_o_OBUF[31]_inst_i_3/O
                         net (fo=36, unplaced)        0.248     8.832    u_cve2_core/vec_unit_i/i_vrf/FSM_sequential_state_q_reg[0]
                                                                      r  u_cve2_core/vec_unit_i/i_vrf/data_we_o_OBUF_inst_i_2/I4
                         LUT5 (Prop_LUT5_I4_O)        0.038     8.870 r  u_cve2_core/vec_unit_i/i_vrf/data_we_o_OBUF_inst_i_2/O
                         net (fo=33, unplaced)        0.246     9.116    u_cve2_core/vec_unit_i/i_vrf/vec_data_we
                                                                      r  u_cve2_core/vec_unit_i/i_vrf/data_wdata_o_OBUF[18]_inst_i_1/I2
                         LUT5 (Prop_LUT5_I2_O)        0.038     9.154 r  u_cve2_core/vec_unit_i/i_vrf/data_wdata_o_OBUF[18]_inst_i_1/O
                         net (fo=1, unplaced)         0.553     9.707    data_wdata_o_OBUF[18]
                                                                      r  data_wdata_o_OBUF[18]_inst/I
                         OBUF (Prop_OBUF_I_O)         0.959    10.666 r  data_wdata_o_OBUF[18]_inst/O
                         net (fo=0)                   0.000    10.666    data_wdata_o[18]
                                                                      r  data_wdata_o[18] (OUT)
  -------------------------------------------------------------------    -------------------





Min Delay Paths
--------------------------------------------------------------------------------------
Slack:                    inf
  Source:                 fetch_enable_q_reg/C
                            (rising edge-triggered cell FDCE clocked by clk_i  {rise@0.000ns fall@4.000ns period=8.000ns})
  Destination:            core_sleep_o
                            (output port)
  Path Group:             (none)
  Path Type:              Min at Fast Process Corner
  Data Path Delay:        0.825ns  (logic 0.511ns (61.954%)  route 0.314ns (38.046%))
  Logic Levels:           2  (LUT5=1 OBUF=1)
  Clock Uncertainty:      0.025ns  ((TSJ^2 + TIJ^2)^1/2 + DJ) / 2 + PE
    Total System Jitter     (TSJ):    0.050ns
    Total Input Jitter      (TIJ):    0.000ns
    Discrete Jitter          (DJ):    0.000ns
    Phase Error              (PE):    0.000ns

    Location             Delay type                Incr(ns)  Path(ns)    Netlist Resource(s)
  -------------------------------------------------------------------    -------------------
                         (clock clk_i rise edge)      0.000     0.000 r  
                                                      0.000     0.000 r  clk_i (IN)
                         net (fo=0)                   0.000     0.000    clk_i_IBUF_inst/I
                                                                      r  clk_i_IBUF_inst/INBUF_INST/PAD
                         INBUF (Prop_INBUF_PAD_O)     0.216     0.216 r  clk_i_IBUF_inst/INBUF_INST/O
                         net (fo=1, unplaced)         0.000     0.216    clk_i_IBUF_inst/OUT
                                                                      r  clk_i_IBUF_inst/IBUFCTRL_INST/I
                         IBUFCTRL (Prop_IBUFCTRL_I_O)
                                                      0.000     0.216 r  clk_i_IBUF_inst/IBUFCTRL_INST/O
                         net (fo=2, unplaced)         0.066     0.282    clk_i_IBUF
                                                                      r  clk_i_IBUF_BUFG_inst/I
                         BUFGCE (Prop_BUFGCE_I_O)     0.017     0.299 r  clk_i_IBUF_BUFG_inst/O
                         net (fo=3, unplaced)         1.114     1.413    clk_i_IBUF_BUFG
                         FDCE                                         r  fetch_enable_q_reg/C
  -------------------------------------------------------------------    -------------------
                         FDCE (Prop_FDCE_C_Q)         0.038     1.451 r  fetch_enable_q_reg/Q
                         net (fo=4, unplaced)         0.053     1.504    u_cve2_core/cs_registers_i/u_mie_csr/fetch_enable_q
                                                                      r  u_cve2_core/cs_registers_i/u_mie_csr/core_sleep_o_OBUF_inst_i_1/I4
                         LUT5 (Prop_LUT5_I4_O)        0.023     1.527 r  u_cve2_core/cs_registers_i/u_mie_csr/core_sleep_o_OBUF_inst_i_1/O
                         net (fo=1, unplaced)         0.261     1.788    core_sleep_o_OBUF
                                                                      r  core_sleep_o_OBUF_inst/I
                         OBUF (Prop_OBUF_I_O)         0.450     2.239 r  core_sleep_o_OBUF_inst/O
                         net (fo=0)                   0.000     2.239    core_sleep_o
                                                                      r  core_sleep_o (OUT)
  -------------------------------------------------------------------    -------------------

Slack:                    inf
  Source:                 u_cve2_core/load_store_unit_i/addr_last_q_reg[1]/C
                            (rising edge-triggered cell FDCE clocked by clk_i  {rise@0.000ns fall@4.000ns period=8.000ns})
  Destination:            crash_dump_o[last_data_addr][1]
                            (output port)
  Path Group:             (none)
  Path Type:              Min at Fast Process Corner
  Data Path Delay:        0.728ns  (logic 0.488ns (67.047%)  route 0.240ns (32.953%))
  Logic Levels:           1  (OBUF=1)
  Clock Uncertainty:      0.025ns  ((TSJ^2 + TIJ^2)^1/2 + DJ) / 2 + PE
    Total System Jitter     (TSJ):    0.050ns
    Total Input Jitter      (TIJ):    0.000ns
    Discrete Jitter          (DJ):    0.000ns
    Phase Error              (PE):    0.000ns

    Location             Delay type                Incr(ns)  Path(ns)    Netlist Resource(s)
  -------------------------------------------------------------------    -------------------
                         (clock clk_i rise edge)      0.000     0.000 r  
                                                      0.000     0.000 r  clk_i (IN)
                         net (fo=0)                   0.000     0.000    clk_i_IBUF_inst/I
                                                                      r  clk_i_IBUF_inst/INBUF_INST/PAD
                         INBUF (Prop_INBUF_PAD_O)     0.216     0.216 r  clk_i_IBUF_inst/INBUF_INST/O
                         net (fo=1, unplaced)         0.000     0.216    clk_i_IBUF_inst/OUT
                                                                      r  clk_i_IBUF_inst/IBUFCTRL_INST/I
                         IBUFCTRL (Prop_IBUFCTRL_I_O)
                                                      0.000     0.216 r  clk_i_IBUF_inst/IBUFCTRL_INST/O
                         net (fo=2, unplaced)         0.197     0.413    core_clock_gate_i/clk_i_IBUF
                                                                      r  core_clock_gate_i/clk_BUFG_inst_i_1/I0
                         LUT2 (Prop_LUT2_I0_O)        0.023     0.436 r  core_clock_gate_i/clk_BUFG_inst_i_1/O
                         net (fo=1, unplaced)         0.204     0.640    clk
                                                                      r  clk_BUFG_inst/I
                         BUFGCE (Prop_BUFGCE_I_O)     0.017     0.657 r  clk_BUFG_inst/O
                         net (fo=5360, unplaced)      1.114     1.771    u_cve2_core/load_store_unit_i/clk_BUFG
                         FDCE                                         r  u_cve2_core/load_store_unit_i/addr_last_q_reg[1]/C
  -------------------------------------------------------------------    -------------------
                         FDCE (Prop_FDCE_C_Q)         0.038     1.809 r  u_cve2_core/load_store_unit_i/addr_last_q_reg[1]/Q
                         net (fo=3, unplaced)         0.240     2.049    crash_dump_o[last_data_addr]_OBUF[1]
                                                                      r  crash_dump_o[last_data_addr][1]_INST_0/I
                         OBUF (Prop_OBUF_I_O)         0.450     2.500 r  crash_dump_o[last_data_addr][1]_INST_0/O
                         net (fo=0)                   0.000     2.500    crash_dump_o[last_data_addr][1]
                                                                      r  crash_dump_o[last_data_addr][1] (OUT)
  -------------------------------------------------------------------    -------------------

Slack:                    inf
  Source:                 u_cve2_core/load_store_unit_i/addr_last_q_reg[4]/C
                            (rising edge-triggered cell FDCE clocked by clk_i  {rise@0.000ns fall@4.000ns period=8.000ns})
  Destination:            crash_dump_o[last_data_addr][4]
                            (output port)
  Path Group:             (none)
  Path Type:              Min at Fast Process Corner
  Data Path Delay:        0.728ns  (logic 0.488ns (67.047%)  route 0.240ns (32.953%))
  Logic Levels:           1  (OBUF=1)
  Clock Uncertainty:      0.025ns  ((TSJ^2 + TIJ^2)^1/2 + DJ) / 2 + PE
    Total System Jitter     (TSJ):    0.050ns
    Total Input Jitter      (TIJ):    0.000ns
    Discrete Jitter          (DJ):    0.000ns
    Phase Error              (PE):    0.000ns

    Location             Delay type                Incr(ns)  Path(ns)    Netlist Resource(s)
  -------------------------------------------------------------------    -------------------
                         (clock clk_i rise edge)      0.000     0.000 r  
                                                      0.000     0.000 r  clk_i (IN)
                         net (fo=0)                   0.000     0.000    clk_i_IBUF_inst/I
                                                                      r  clk_i_IBUF_inst/INBUF_INST/PAD
                         INBUF (Prop_INBUF_PAD_O)     0.216     0.216 r  clk_i_IBUF_inst/INBUF_INST/O
                         net (fo=1, unplaced)         0.000     0.216    clk_i_IBUF_inst/OUT
                                                                      r  clk_i_IBUF_inst/IBUFCTRL_INST/I
                         IBUFCTRL (Prop_IBUFCTRL_I_O)
                                                      0.000     0.216 r  clk_i_IBUF_inst/IBUFCTRL_INST/O
                         net (fo=2, unplaced)         0.197     0.413    core_clock_gate_i/clk_i_IBUF
                                                                      r  core_clock_gate_i/clk_BUFG_inst_i_1/I0
                         LUT2 (Prop_LUT2_I0_O)        0.023     0.436 r  core_clock_gate_i/clk_BUFG_inst_i_1/O
                         net (fo=1, unplaced)         0.204     0.640    clk
                                                                      r  clk_BUFG_inst/I
                         BUFGCE (Prop_BUFGCE_I_O)     0.017     0.657 r  clk_BUFG_inst/O
                         net (fo=5360, unplaced)      1.114     1.771    u_cve2_core/load_store_unit_i/clk_BUFG
                         FDCE                                         r  u_cve2_core/load_store_unit_i/addr_last_q_reg[4]/C
  -------------------------------------------------------------------    -------------------
                         FDCE (Prop_FDCE_C_Q)         0.038     1.809 r  u_cve2_core/load_store_unit_i/addr_last_q_reg[4]/Q
                         net (fo=3, unplaced)         0.240     2.049    crash_dump_o[last_data_addr]_OBUF[4]
                                                                      r  crash_dump_o[last_data_addr][4]_INST_0/I
                         OBUF (Prop_OBUF_I_O)         0.450     2.500 r  crash_dump_o[last_data_addr][4]_INST_0/O
                         net (fo=0)                   0.000     2.500    crash_dump_o[last_data_addr][4]
                                                                      r  crash_dump_o[last_data_addr][4] (OUT)
  -------------------------------------------------------------------    -------------------

Slack:                    inf
  Source:                 u_cve2_core/load_store_unit_i/addr_last_q_reg[2]/C
                            (rising edge-triggered cell FDCE clocked by clk_i  {rise@0.000ns fall@4.000ns period=8.000ns})
  Destination:            crash_dump_o[last_data_addr][2]
                            (output port)
  Path Group:             (none)
  Path Type:              Min at Fast Process Corner
  Data Path Delay:        0.729ns  (logic 0.489ns (67.093%)  route 0.240ns (32.908%))
  Logic Levels:           1  (OBUF=1)
  Clock Uncertainty:      0.025ns  ((TSJ^2 + TIJ^2)^1/2 + DJ) / 2 + PE
    Total System Jitter     (TSJ):    0.050ns
    Total Input Jitter      (TIJ):    0.000ns
    Discrete Jitter          (DJ):    0.000ns
    Phase Error              (PE):    0.000ns

    Location             Delay type                Incr(ns)  Path(ns)    Netlist Resource(s)
  -------------------------------------------------------------------    -------------------
                         (clock clk_i rise edge)      0.000     0.000 r  
                                                      0.000     0.000 r  clk_i (IN)
                         net (fo=0)                   0.000     0.000    clk_i_IBUF_inst/I
                                                                      r  clk_i_IBUF_inst/INBUF_INST/PAD
                         INBUF (Prop_INBUF_PAD_O)     0.216     0.216 r  clk_i_IBUF_inst/INBUF_INST/O
                         net (fo=1, unplaced)         0.000     0.216    clk_i_IBUF_inst/OUT
                                                                      r  clk_i_IBUF_inst/IBUFCTRL_INST/I
                         IBUFCTRL (Prop_IBUFCTRL_I_O)
                                                      0.000     0.216 r  clk_i_IBUF_inst/IBUFCTRL_INST/O
                         net (fo=2, unplaced)         0.197     0.413    core_clock_gate_i/clk_i_IBUF
                                                                      r  core_clock_gate_i/clk_BUFG_inst_i_1/I0
                         LUT2 (Prop_LUT2_I0_O)        0.023     0.436 r  core_clock_gate_i/clk_BUFG_inst_i_1/O
                         net (fo=1, unplaced)         0.204     0.640    clk
                                                                      r  clk_BUFG_inst/I
                         BUFGCE (Prop_BUFGCE_I_O)     0.017     0.657 r  clk_BUFG_inst/O
                         net (fo=5360, unplaced)      1.114     1.771    u_cve2_core/load_store_unit_i/clk_BUFG
                         FDCE                                         r  u_cve2_core/load_store_unit_i/addr_last_q_reg[2]/C
  -------------------------------------------------------------------    -------------------
                         FDCE (Prop_FDCE_C_Q)         0.039     1.810 r  u_cve2_core/load_store_unit_i/addr_last_q_reg[2]/Q
                         net (fo=3, unplaced)         0.240     2.050    crash_dump_o[last_data_addr]_OBUF[2]
                                                                      r  crash_dump_o[last_data_addr][2]_INST_0/I
                         OBUF (Prop_OBUF_I_O)         0.450     2.501 r  crash_dump_o[last_data_addr][2]_INST_0/O
                         net (fo=0)                   0.000     2.501    crash_dump_o[last_data_addr][2]
                                                                      r  crash_dump_o[last_data_addr][2] (OUT)
  -------------------------------------------------------------------    -------------------

Slack:                    inf
  Source:                 u_cve2_core/load_store_unit_i/addr_last_q_reg[13]/C
                            (rising edge-triggered cell FDCE clocked by clk_i  {rise@0.000ns fall@4.000ns period=8.000ns})
  Destination:            crash_dump_o[last_data_addr][13]
                            (output port)
  Path Group:             (none)
  Path Type:              Min at Fast Process Corner
  Data Path Delay:        0.730ns  (logic 0.487ns (66.727%)  route 0.243ns (33.273%))
  Logic Levels:           1  (OBUF=1)
  Clock Uncertainty:      0.025ns  ((TSJ^2 + TIJ^2)^1/2 + DJ) / 2 + PE
    Total System Jitter     (TSJ):    0.050ns
    Total Input Jitter      (TIJ):    0.000ns
    Discrete Jitter          (DJ):    0.000ns
    Phase Error              (PE):    0.000ns

    Location             Delay type                Incr(ns)  Path(ns)    Netlist Resource(s)
  -------------------------------------------------------------------    -------------------
                         (clock clk_i rise edge)      0.000     0.000 r  
                                                      0.000     0.000 r  clk_i (IN)
                         net (fo=0)                   0.000     0.000    clk_i_IBUF_inst/I
                                                                      r  clk_i_IBUF_inst/INBUF_INST/PAD
                         INBUF (Prop_INBUF_PAD_O)     0.216     0.216 r  clk_i_IBUF_inst/INBUF_INST/O
                         net (fo=1, unplaced)         0.000     0.216    clk_i_IBUF_inst/OUT
                                                                      r  clk_i_IBUF_inst/IBUFCTRL_INST/I
                         IBUFCTRL (Prop_IBUFCTRL_I_O)
                                                      0.000     0.216 r  clk_i_IBUF_inst/IBUFCTRL_INST/O
                         net (fo=2, unplaced)         0.197     0.413    core_clock_gate_i/clk_i_IBUF
                                                                      r  core_clock_gate_i/clk_BUFG_inst_i_1/I0
                         LUT2 (Prop_LUT2_I0_O)        0.023     0.436 r  core_clock_gate_i/clk_BUFG_inst_i_1/O
                         net (fo=1, unplaced)         0.204     0.640    clk
                                                                      r  clk_BUFG_inst/I
                         BUFGCE (Prop_BUFGCE_I_O)     0.017     0.657 r  clk_BUFG_inst/O
                         net (fo=5360, unplaced)      1.114     1.771    u_cve2_core/load_store_unit_i/clk_BUFG
                         FDCE                                         r  u_cve2_core/load_store_unit_i/addr_last_q_reg[13]/C
  -------------------------------------------------------------------    -------------------
                         FDCE (Prop_FDCE_C_Q)         0.037     1.808 r  u_cve2_core/load_store_unit_i/addr_last_q_reg[13]/Q
                         net (fo=4, unplaced)         0.243     2.051    crash_dump_o[last_data_addr]_OBUF[13]
                                                                      r  crash_dump_o[last_data_addr][13]_INST_0/I
                         OBUF (Prop_OBUF_I_O)         0.450     2.502 r  crash_dump_o[last_data_addr][13]_INST_0/O
                         net (fo=0)                   0.000     2.502    crash_dump_o[last_data_addr][13]
                                                                      r  crash_dump_o[last_data_addr][13] (OUT)
  -------------------------------------------------------------------    -------------------

Slack:                    inf
  Source:                 u_cve2_core/load_store_unit_i/addr_last_q_reg[21]/C
                            (rising edge-triggered cell FDCE clocked by clk_i  {rise@0.000ns fall@4.000ns period=8.000ns})
  Destination:            crash_dump_o[last_data_addr][21]
                            (output port)
  Path Group:             (none)
  Path Type:              Min at Fast Process Corner
  Data Path Delay:        0.730ns  (logic 0.487ns (66.727%)  route 0.243ns (33.273%))
  Logic Levels:           1  (OBUF=1)
  Clock Uncertainty:      0.025ns  ((TSJ^2 + TIJ^2)^1/2 + DJ) / 2 + PE
    Total System Jitter     (TSJ):    0.050ns
    Total Input Jitter      (TIJ):    0.000ns
    Discrete Jitter          (DJ):    0.000ns
    Phase Error              (PE):    0.000ns

    Location             Delay type                Incr(ns)  Path(ns)    Netlist Resource(s)
  -------------------------------------------------------------------    -------------------
                         (clock clk_i rise edge)      0.000     0.000 r  
                                                      0.000     0.000 r  clk_i (IN)
                         net (fo=0)                   0.000     0.000    clk_i_IBUF_inst/I
                                                                      r  clk_i_IBUF_inst/INBUF_INST/PAD
                         INBUF (Prop_INBUF_PAD_O)     0.216     0.216 r  clk_i_IBUF_inst/INBUF_INST/O
                         net (fo=1, unplaced)         0.000     0.216    clk_i_IBUF_inst/OUT
                                                                      r  clk_i_IBUF_inst/IBUFCTRL_INST/I
                         IBUFCTRL (Prop_IBUFCTRL_I_O)
                                                      0.000     0.216 r  clk_i_IBUF_inst/IBUFCTRL_INST/O
                         net (fo=2, unplaced)         0.197     0.413    core_clock_gate_i/clk_i_IBUF
                                                                      r  core_clock_gate_i/clk_BUFG_inst_i_1/I0
                         LUT2 (Prop_LUT2_I0_O)        0.023     0.436 r  core_clock_gate_i/clk_BUFG_inst_i_1/O
                         net (fo=1, unplaced)         0.204     0.640    clk
                                                                      r  clk_BUFG_inst/I
                         BUFGCE (Prop_BUFGCE_I_O)     0.017     0.657 r  clk_BUFG_inst/O
                         net (fo=5360, unplaced)      1.114     1.771    u_cve2_core/load_store_unit_i/clk_BUFG
                         FDCE                                         r  u_cve2_core/load_store_unit_i/addr_last_q_reg[21]/C
  -------------------------------------------------------------------    -------------------
                         FDCE (Prop_FDCE_C_Q)         0.037     1.808 r  u_cve2_core/load_store_unit_i/addr_last_q_reg[21]/Q
                         net (fo=4, unplaced)         0.243     2.051    crash_dump_o[last_data_addr]_OBUF[21]
                                                                      r  crash_dump_o[last_data_addr][21]_INST_0/I
                         OBUF (Prop_OBUF_I_O)         0.450     2.502 r  crash_dump_o[last_data_addr][21]_INST_0/O
                         net (fo=0)                   0.000     2.502    crash_dump_o[last_data_addr][21]
                                                                      r  crash_dump_o[last_data_addr][21] (OUT)
  -------------------------------------------------------------------    -------------------

Slack:                    inf
  Source:                 u_cve2_core/load_store_unit_i/addr_last_q_reg[29]/C
                            (rising edge-triggered cell FDCE clocked by clk_i  {rise@0.000ns fall@4.000ns period=8.000ns})
  Destination:            crash_dump_o[last_data_addr][29]
                            (output port)
  Path Group:             (none)
  Path Type:              Min at Fast Process Corner
  Data Path Delay:        0.730ns  (logic 0.487ns (66.727%)  route 0.243ns (33.273%))
  Logic Levels:           1  (OBUF=1)
  Clock Uncertainty:      0.025ns  ((TSJ^2 + TIJ^2)^1/2 + DJ) / 2 + PE
    Total System Jitter     (TSJ):    0.050ns
    Total Input Jitter      (TIJ):    0.000ns
    Discrete Jitter          (DJ):    0.000ns
    Phase Error              (PE):    0.000ns

    Location             Delay type                Incr(ns)  Path(ns)    Netlist Resource(s)
  -------------------------------------------------------------------    -------------------
                         (clock clk_i rise edge)      0.000     0.000 r  
                                                      0.000     0.000 r  clk_i (IN)
                         net (fo=0)                   0.000     0.000    clk_i_IBUF_inst/I
                                                                      r  clk_i_IBUF_inst/INBUF_INST/PAD
                         INBUF (Prop_INBUF_PAD_O)     0.216     0.216 r  clk_i_IBUF_inst/INBUF_INST/O
                         net (fo=1, unplaced)         0.000     0.216    clk_i_IBUF_inst/OUT
                                                                      r  clk_i_IBUF_inst/IBUFCTRL_INST/I
                         IBUFCTRL (Prop_IBUFCTRL_I_O)
                                                      0.000     0.216 r  clk_i_IBUF_inst/IBUFCTRL_INST/O
                         net (fo=2, unplaced)         0.197     0.413    core_clock_gate_i/clk_i_IBUF
                                                                      r  core_clock_gate_i/clk_BUFG_inst_i_1/I0
                         LUT2 (Prop_LUT2_I0_O)        0.023     0.436 r  core_clock_gate_i/clk_BUFG_inst_i_1/O
                         net (fo=1, unplaced)         0.204     0.640    clk
                                                                      r  clk_BUFG_inst/I
                         BUFGCE (Prop_BUFGCE_I_O)     0.017     0.657 r  clk_BUFG_inst/O
                         net (fo=5360, unplaced)      1.114     1.771    u_cve2_core/load_store_unit_i/clk_BUFG
                         FDCE                                         r  u_cve2_core/load_store_unit_i/addr_last_q_reg[29]/C
  -------------------------------------------------------------------    -------------------
                         FDCE (Prop_FDCE_C_Q)         0.037     1.808 r  u_cve2_core/load_store_unit_i/addr_last_q_reg[29]/Q
                         net (fo=4, unplaced)         0.243     2.051    crash_dump_o[last_data_addr]_OBUF[29]
                                                                      r  crash_dump_o[last_data_addr][29]_INST_0/I
                         OBUF (Prop_OBUF_I_O)         0.450     2.502 r  crash_dump_o[last_data_addr][29]_INST_0/O
                         net (fo=0)                   0.000     2.502    crash_dump_o[last_data_addr][29]
                                                                      r  crash_dump_o[last_data_addr][29] (OUT)
  -------------------------------------------------------------------    -------------------

Slack:                    inf
  Source:                 u_cve2_core/load_store_unit_i/addr_last_q_reg[5]/C
                            (rising edge-triggered cell FDCE clocked by clk_i  {rise@0.000ns fall@4.000ns period=8.000ns})
  Destination:            crash_dump_o[last_data_addr][5]
                            (output port)
  Path Group:             (none)
  Path Type:              Min at Fast Process Corner
  Data Path Delay:        0.730ns  (logic 0.487ns (66.727%)  route 0.243ns (33.273%))
  Logic Levels:           1  (OBUF=1)
  Clock Uncertainty:      0.025ns  ((TSJ^2 + TIJ^2)^1/2 + DJ) / 2 + PE
    Total System Jitter     (TSJ):    0.050ns
    Total Input Jitter      (TIJ):    0.000ns
    Discrete Jitter          (DJ):    0.000ns
    Phase Error              (PE):    0.000ns

    Location             Delay type                Incr(ns)  Path(ns)    Netlist Resource(s)
  -------------------------------------------------------------------    -------------------
                         (clock clk_i rise edge)      0.000     0.000 r  
                                                      0.000     0.000 r  clk_i (IN)
                         net (fo=0)                   0.000     0.000    clk_i_IBUF_inst/I
                                                                      r  clk_i_IBUF_inst/INBUF_INST/PAD
                         INBUF (Prop_INBUF_PAD_O)     0.216     0.216 r  clk_i_IBUF_inst/INBUF_INST/O
                         net (fo=1, unplaced)         0.000     0.216    clk_i_IBUF_inst/OUT
                                                                      r  clk_i_IBUF_inst/IBUFCTRL_INST/I
                         IBUFCTRL (Prop_IBUFCTRL_I_O)
                                                      0.000     0.216 r  clk_i_IBUF_inst/IBUFCTRL_INST/O
                         net (fo=2, unplaced)         0.197     0.413    core_clock_gate_i/clk_i_IBUF
                                                                      r  core_clock_gate_i/clk_BUFG_inst_i_1/I0
                         LUT2 (Prop_LUT2_I0_O)        0.023     0.436 r  core_clock_gate_i/clk_BUFG_inst_i_1/O
                         net (fo=1, unplaced)         0.204     0.640    clk
                                                                      r  clk_BUFG_inst/I
                         BUFGCE (Prop_BUFGCE_I_O)     0.017     0.657 r  clk_BUFG_inst/O
                         net (fo=5360, unplaced)      1.114     1.771    u_cve2_core/load_store_unit_i/clk_BUFG
                         FDCE                                         r  u_cve2_core/load_store_unit_i/addr_last_q_reg[5]/C
  -------------------------------------------------------------------    -------------------
                         FDCE (Prop_FDCE_C_Q)         0.037     1.808 r  u_cve2_core/load_store_unit_i/addr_last_q_reg[5]/Q
                         net (fo=4, unplaced)         0.243     2.051    crash_dump_o[last_data_addr]_OBUF[5]
                                                                      r  crash_dump_o[last_data_addr][5]_INST_0/I
                         OBUF (Prop_OBUF_I_O)         0.450     2.502 r  crash_dump_o[last_data_addr][5]_INST_0/O
                         net (fo=0)                   0.000     2.502    crash_dump_o[last_data_addr][5]
                                                                      r  crash_dump_o[last_data_addr][5] (OUT)
  -------------------------------------------------------------------    -------------------

Slack:                    inf
  Source:                 u_cve2_core/cs_registers_i/u_mepc_csr/rdata_q_reg[10]/C
                            (rising edge-triggered cell FDCE clocked by clk_i  {rise@0.000ns fall@4.000ns period=8.000ns})
  Destination:            crash_dump_o[exception_addr][10]
                            (output port)
  Path Group:             (none)
  Path Type:              Min at Fast Process Corner
  Data Path Delay:        0.731ns  (logic 0.488ns (66.772%)  route 0.243ns (33.228%))
  Logic Levels:           1  (OBUF=1)
  Clock Uncertainty:      0.025ns  ((TSJ^2 + TIJ^2)^1/2 + DJ) / 2 + PE
    Total System Jitter     (TSJ):    0.050ns
    Total Input Jitter      (TIJ):    0.000ns
    Discrete Jitter          (DJ):    0.000ns
    Phase Error              (PE):    0.000ns

    Location             Delay type                Incr(ns)  Path(ns)    Netlist Resource(s)
  -------------------------------------------------------------------    -------------------
                         (clock clk_i rise edge)      0.000     0.000 r  
                                                      0.000     0.000 r  clk_i (IN)
                         net (fo=0)                   0.000     0.000    clk_i_IBUF_inst/I
                                                                      r  clk_i_IBUF_inst/INBUF_INST/PAD
                         INBUF (Prop_INBUF_PAD_O)     0.216     0.216 r  clk_i_IBUF_inst/INBUF_INST/O
                         net (fo=1, unplaced)         0.000     0.216    clk_i_IBUF_inst/OUT
                                                                      r  clk_i_IBUF_inst/IBUFCTRL_INST/I
                         IBUFCTRL (Prop_IBUFCTRL_I_O)
                                                      0.000     0.216 r  clk_i_IBUF_inst/IBUFCTRL_INST/O
                         net (fo=2, unplaced)         0.197     0.413    core_clock_gate_i/clk_i_IBUF
                                                                      r  core_clock_gate_i/clk_BUFG_inst_i_1/I0
                         LUT2 (Prop_LUT2_I0_O)        0.023     0.436 r  core_clock_gate_i/clk_BUFG_inst_i_1/O
                         net (fo=1, unplaced)         0.204     0.640    clk
                                                                      r  clk_BUFG_inst/I
                         BUFGCE (Prop_BUFGCE_I_O)     0.017     0.657 r  clk_BUFG_inst/O
                         net (fo=5360, unplaced)      1.114     1.771    u_cve2_core/cs_registers_i/u_mepc_csr/clk_BUFG
                         FDCE                                         r  u_cve2_core/cs_registers_i/u_mepc_csr/rdata_q_reg[10]/C
  -------------------------------------------------------------------    -------------------
                         FDCE (Prop_FDCE_C_Q)         0.038     1.809 r  u_cve2_core/cs_registers_i/u_mepc_csr/rdata_q_reg[10]/Q
                         net (fo=4, unplaced)         0.243     2.052    crash_dump_o[exception_addr]_OBUF[10]
                                                                      r  crash_dump_o[exception_addr][10]_INST_0/I
                         OBUF (Prop_OBUF_I_O)         0.450     2.503 r  crash_dump_o[exception_addr][10]_INST_0/O
                         net (fo=0)                   0.000     2.503    crash_dump_o[exception_addr][10]
                                                                      r  crash_dump_o[exception_addr][10] (OUT)
  -------------------------------------------------------------------    -------------------

Slack:                    inf
  Source:                 u_cve2_core/cs_registers_i/u_mepc_csr/rdata_q_reg[11]/C
                            (rising edge-triggered cell FDCE clocked by clk_i  {rise@0.000ns fall@4.000ns period=8.000ns})
  Destination:            crash_dump_o[exception_addr][11]
                            (output port)
  Path Group:             (none)
  Path Type:              Min at Fast Process Corner
  Data Path Delay:        0.731ns  (logic 0.488ns (66.772%)  route 0.243ns (33.228%))
  Logic Levels:           1  (OBUF=1)
  Clock Uncertainty:      0.025ns  ((TSJ^2 + TIJ^2)^1/2 + DJ) / 2 + PE
    Total System Jitter     (TSJ):    0.050ns
    Total Input Jitter      (TIJ):    0.000ns
    Discrete Jitter          (DJ):    0.000ns
    Phase Error              (PE):    0.000ns

    Location             Delay type                Incr(ns)  Path(ns)    Netlist Resource(s)
  -------------------------------------------------------------------    -------------------
                         (clock clk_i rise edge)      0.000     0.000 r  
                                                      0.000     0.000 r  clk_i (IN)
                         net (fo=0)                   0.000     0.000    clk_i_IBUF_inst/I
                                                                      r  clk_i_IBUF_inst/INBUF_INST/PAD
                         INBUF (Prop_INBUF_PAD_O)     0.216     0.216 r  clk_i_IBUF_inst/INBUF_INST/O
                         net (fo=1, unplaced)         0.000     0.216    clk_i_IBUF_inst/OUT
                                                                      r  clk_i_IBUF_inst/IBUFCTRL_INST/I
                         IBUFCTRL (Prop_IBUFCTRL_I_O)
                                                      0.000     0.216 r  clk_i_IBUF_inst/IBUFCTRL_INST/O
                         net (fo=2, unplaced)         0.197     0.413    core_clock_gate_i/clk_i_IBUF
                                                                      r  core_clock_gate_i/clk_BUFG_inst_i_1/I0
                         LUT2 (Prop_LUT2_I0_O)        0.023     0.436 r  core_clock_gate_i/clk_BUFG_inst_i_1/O
                         net (fo=1, unplaced)         0.204     0.640    clk
                                                                      r  clk_BUFG_inst/I
                         BUFGCE (Prop_BUFGCE_I_O)     0.017     0.657 r  clk_BUFG_inst/O
                         net (fo=5360, unplaced)      1.114     1.771    u_cve2_core/cs_registers_i/u_mepc_csr/clk_BUFG
                         FDCE                                         r  u_cve2_core/cs_registers_i/u_mepc_csr/rdata_q_reg[11]/C
  -------------------------------------------------------------------    -------------------
                         FDCE (Prop_FDCE_C_Q)         0.038     1.809 r  u_cve2_core/cs_registers_i/u_mepc_csr/rdata_q_reg[11]/Q
                         net (fo=4, unplaced)         0.243     2.052    crash_dump_o[exception_addr]_OBUF[11]
                                                                      r  crash_dump_o[exception_addr][11]_INST_0/I
                         OBUF (Prop_OBUF_I_O)         0.450     2.503 r  crash_dump_o[exception_addr][11]_INST_0/O
                         net (fo=0)                   0.000     2.503    crash_dump_o[exception_addr][11]
                                                                      r  crash_dump_o[exception_addr][11] (OUT)
  -------------------------------------------------------------------    -------------------





--------------------------------------------------------------------------------------
Path Group:  (none)
From Clock:  
  To Clock:  clk_i

Max Delay          6685 Endpoints
Min Delay          6685 Endpoints
--------------------------------------------------------------------------------------


Max Delay Paths
--------------------------------------------------------------------------------------
Slack:                    inf
  Source:                 data_err_i
                            (input port)
  Destination:            u_cve2_core/cs_registers_i/gen_cntrs[2].gen_imp.mcounters_variable_i/counter_q_reg[0]/CE
                            (rising edge-triggered cell FDRE clocked by clk_i  {rise@0.000ns fall@4.000ns period=8.000ns})
  Path Group:             (none)
  Path Type:              Setup (Max at Slow Process Corner)
  Data Path Delay:        4.419ns  (logic 1.289ns (29.169%)  route 3.130ns (70.831%))
  Logic Levels:           15  (IBUFCTRL=1 INBUF=1 LUT2=1 LUT3=2 LUT4=1 LUT5=3 LUT6=6)
  Clock Path Skew:        3.404ns (DCD - SCD + CPR)
    Destination Clock Delay (DCD):    3.404ns
    Source Clock Delay      (SCD):    0.000ns
    Clock Pessimism Removal (CPR):    0.000ns
  Clock Uncertainty:      0.025ns  ((TSJ^2 + TIJ^2)^1/2 + DJ) / 2 + PE
    Total System Jitter     (TSJ):    0.050ns
    Total Input Jitter      (TIJ):    0.000ns
    Discrete Jitter          (DJ):    0.000ns
    Phase Error              (PE):    0.000ns

    Location             Delay type                Incr(ns)  Path(ns)    Netlist Resource(s)
  -------------------------------------------------------------------    -------------------
                                                      0.000     0.000 f  data_err_i (IN)
                         net (fo=0)                   0.000     0.000    data_err_i_IBUF_inst/I
                                                                      f  data_err_i_IBUF_inst/INBUF_INST/PAD
                         INBUF (Prop_INBUF_PAD_O)     0.582     0.582 f  data_err_i_IBUF_inst/INBUF_INST/O
                         net (fo=1, unplaced)         0.000     0.582    data_err_i_IBUF_inst/OUT
                                                                      f  data_err_i_IBUF_inst/IBUFCTRL_INST/I
                         IBUFCTRL (Prop_IBUFCTRL_I_O)
                                                      0.000     0.582 f  data_err_i_IBUF_inst/IBUFCTRL_INST/O
                         net (fo=8, unplaced)         0.480     1.062    u_cve2_core/vec_unit_i/i_vrf/data_err_i_IBUF
                                                                      f  u_cve2_core/vec_unit_i/i_vrf/FSM_sequential_state_q[1]_i_10/I0
                         LUT3 (Prop_LUT3_I0_O)        0.090     1.152 f  u_cve2_core/vec_unit_i/i_vrf/FSM_sequential_state_q[1]_i_10/O
                         net (fo=5, unplaced)         0.204     1.356    u_cve2_core/vec_unit_i/i_vrf/req_valid_q_reg
                                                                      f  u_cve2_core/vec_unit_i/i_vrf/vrf_mem_reg_1_bram_0_i_91/I0
                         LUT5 (Prop_LUT5_I0_O)        0.070     1.426 f  u_cve2_core/vec_unit_i/i_vrf/vrf_mem_reg_1_bram_0_i_91/O
                         net (fo=2, unplaced)         0.186     1.612    u_cve2_core/vec_unit_i/i_vrf/vrf_mem_reg_1_bram_0_i_91_n_0
                                                                      f  u_cve2_core/vec_unit_i/i_vrf/vrf_mem_reg_1_bram_0_i_55/I1
                         LUT5 (Prop_LUT5_I1_O)        0.038     1.650 f  u_cve2_core/vec_unit_i/i_vrf/vrf_mem_reg_1_bram_0_i_55/O
                         net (fo=58, unplaced)        0.210     1.860    u_cve2_core/vec_unit_i/i_vrf_n_177
                                                                      f  u_cve2_core/vec_unit_i/counter_q[31]_i_9/I1
                         LUT4 (Prop_LUT4_I1_O)        0.053     1.913 f  u_cve2_core/vec_unit_i/counter_q[31]_i_9/O
                         net (fo=1, unplaced)         0.141     2.054    u_cve2_core/vec_unit_i/i_vrf/counter_q[31]_i_6_0
                                                                      f  u_cve2_core/vec_unit_i/i_vrf/counter_q[31]_i_8/I1
                         LUT6 (Prop_LUT6_I1_O)        0.100     2.154 f  u_cve2_core/vec_unit_i/i_vrf/counter_q[31]_i_8/O
                         net (fo=1, unplaced)         0.140     2.294    u_cve2_core/vec_unit_i/i_vrf/counter_q[31]_i_8_n_0
                                                                      f  u_cve2_core/vec_unit_i/i_vrf/counter_q[31]_i_6/I0
                         LUT6 (Prop_LUT6_I0_O)        0.090     2.384 r  u_cve2_core/vec_unit_i/i_vrf/counter_q[31]_i_6/O
                         net (fo=1, unplaced)         0.186     2.570    u_cve2_core/if_stage_i/counter_q[31]_i_3
                                                                      r  u_cve2_core/if_stage_i/counter_q[31]_i_5/I4
                         LUT6 (Prop_LUT6_I4_O)        0.038     2.608 r  u_cve2_core/if_stage_i/counter_q[31]_i_5/O
                         net (fo=2, unplaced)         0.186     2.794    u_cve2_core/id_stage_i/controller_i/counter_q_reg[0]_0
                                                                      r  u_cve2_core/id_stage_i/controller_i/counter_q[31]_i_3/I4
                         LUT5 (Prop_LUT5_I4_O)        0.038     2.832 r  u_cve2_core/id_stage_i/controller_i/counter_q[31]_i_3/O
                         net (fo=4, unplaced)         0.198     3.030    u_cve2_core/id_stage_i/controller_i/id_fsm_q_reg_2
                                                                      r  u_cve2_core/id_stage_i/controller_i/perf_instr_ret_wb_o_i_14/I5
                         LUT6 (Prop_LUT6_I5_O)        0.038     3.068 f  u_cve2_core/id_stage_i/controller_i/perf_instr_ret_wb_o_i_14/O
                         net (fo=7, unplaced)         0.211     3.279    u_cve2_core/if_stage_i/ctrl_fsm_cs_reg[1]_0
                                                                      f  u_cve2_core/if_stage_i/counter_q[39]_i_4/I1
                         LUT6 (Prop_LUT6_I1_O)        0.038     3.317 r  u_cve2_core/if_stage_i/counter_q[39]_i_4/O
                         net (fo=66, unplaced)        0.262     3.579    u_cve2_core/if_stage_i/ctrl_fsm_cs_reg[1]
                                                                      r  u_cve2_core/if_stage_i/counter_q[39]_i_3__1/I1
                         LUT2 (Prop_LUT2_I1_O)        0.038     3.617 f  u_cve2_core/if_stage_i/counter_q[39]_i_3__1/O
                         net (fo=111, unplaced)       0.274     3.891    u_cve2_core/if_stage_i/counter_q[39]_i_3__1_n_0
                                                                      f  u_cve2_core/if_stage_i/counter_q[39]_i_3__0/I5
                         LUT6 (Prop_LUT6_I5_O)        0.038     3.929 r  u_cve2_core/if_stage_i/counter_q[39]_i_3__0/O
                         net (fo=42, unplaced)        0.252     4.181    u_cve2_core/if_stage_i/cs_registers_i/gen_cntrs[2].gen_imp.mcounters_variable_i/we
                                                                      r  u_cve2_core/if_stage_i/counter_q[31]_i_1__3/I1
                         LUT3 (Prop_LUT3_I1_O)        0.038     4.219 r  u_cve2_core/if_stage_i/counter_q[31]_i_1__3/O
                         net (fo=32, unplaced)        0.200     4.419    u_cve2_core/cs_registers_i/gen_cntrs[2].gen_imp.mcounters_variable_i/counter_q_reg[32]_0[0]
                         FDRE                                         r  u_cve2_core/cs_registers_i/gen_cntrs[2].gen_imp.mcounters_variable_i/counter_q_reg[0]/CE
  -------------------------------------------------------------------    -------------------

                         (clock clk_i rise edge)      0.000     0.000 r  
                                                      0.000     0.000 r  clk_i (IN)
                         net (fo=0)                   0.000     0.000    clk_i_IBUF_inst/I
                                                                      r  clk_i_IBUF_inst/INBUF_INST/PAD
                         INBUF (Prop_INBUF_PAD_O)     0.331     0.331 r  clk_i_IBUF_inst/INBUF_INST/O
                         net (fo=1, unplaced)         0.000     0.331    clk_i_IBUF_inst/OUT
                                                                      r  clk_i_IBUF_inst/IBUFCTRL_INST/I
                         IBUFCTRL (Prop_IBUFCTRL_I_O)
                                                      0.000     0.331 r  clk_i_IBUF_inst/IBUFCTRL_INST/O
                         net (fo=2, unplaced)         0.292     0.623    core_clock_gate_i/clk_i_IBUF
                                                                      r  core_clock_gate_i/clk_BUFG_inst_i_1/I0
                         LUT2 (Prop_LUT2_I0_O)        0.036     0.659 r  core_clock_gate_i/clk_BUFG_inst_i_1/O
                         net (fo=1, unplaced)         0.282     0.941    clk
                                                                      r  clk_BUFG_inst/I
                         BUFGCE (Prop_BUFGCE_I_O)     0.024     0.965 r  clk_BUFG_inst/O
                         net (fo=5360, unplaced)      2.439     3.404    u_cve2_core/cs_registers_i/gen_cntrs[2].gen_imp.mcounters_variable_i/clk_BUFG
                         FDRE                                         r  u_cve2_core/cs_registers_i/gen_cntrs[2].gen_imp.mcounters_variable_i/counter_q_reg[0]/C

Slack:                    inf
  Source:                 data_err_i
                            (input port)
  Destination:            u_cve2_core/cs_registers_i/gen_cntrs[2].gen_imp.mcounters_variable_i/counter_q_reg[10]/CE
                            (rising edge-triggered cell FDRE clocked by clk_i  {rise@0.000ns fall@4.000ns period=8.000ns})
  Path Group:             (none)
  Path Type:              Setup (Max at Slow Process Corner)
  Data Path Delay:        4.419ns  (logic 1.289ns (29.169%)  route 3.130ns (70.831%))
  Logic Levels:           15  (IBUFCTRL=1 INBUF=1 LUT2=1 LUT3=2 LUT4=1 LUT5=3 LUT6=6)
  Clock Path Skew:        3.404ns (DCD - SCD + CPR)
    Destination Clock Delay (DCD):    3.404ns
    Source Clock Delay      (SCD):    0.000ns
    Clock Pessimism Removal (CPR):    0.000ns
  Clock Uncertainty:      0.025ns  ((TSJ^2 + TIJ^2)^1/2 + DJ) / 2 + PE
    Total System Jitter     (TSJ):    0.050ns
    Total Input Jitter      (TIJ):    0.000ns
    Discrete Jitter          (DJ):    0.000ns
    Phase Error              (PE):    0.000ns

    Location             Delay type                Incr(ns)  Path(ns)    Netlist Resource(s)
  -------------------------------------------------------------------    -------------------
                                                      0.000     0.000 f  data_err_i (IN)
                         net (fo=0)                   0.000     0.000    data_err_i_IBUF_inst/I
                                                                      f  data_err_i_IBUF_inst/INBUF_INST/PAD
                         INBUF (Prop_INBUF_PAD_O)     0.582     0.582 f  data_err_i_IBUF_inst/INBUF_INST/O
                         net (fo=1, unplaced)         0.000     0.582    data_err_i_IBUF_inst/OUT
                                                                      f  data_err_i_IBUF_inst/IBUFCTRL_INST/I
                         IBUFCTRL (Prop_IBUFCTRL_I_O)
                                                      0.000     0.582 f  data_err_i_IBUF_inst/IBUFCTRL_INST/O
                         net (fo=8, unplaced)         0.480     1.062    u_cve2_core/vec_unit_i/i_vrf/data_err_i_IBUF
                                                                      f  u_cve2_core/vec_unit_i/i_vrf/FSM_sequential_state_q[1]_i_10/I0
                         LUT3 (Prop_LUT3_I0_O)        0.090     1.152 f  u_cve2_core/vec_unit_i/i_vrf/FSM_sequential_state_q[1]_i_10/O
                         net (fo=5, unplaced)         0.204     1.356    u_cve2_core/vec_unit_i/i_vrf/req_valid_q_reg
                                                                      f  u_cve2_core/vec_unit_i/i_vrf/vrf_mem_reg_1_bram_0_i_91/I0
                         LUT5 (Prop_LUT5_I0_O)        0.070     1.426 f  u_cve2_core/vec_unit_i/i_vrf/vrf_mem_reg_1_bram_0_i_91/O
                         net (fo=2, unplaced)         0.186     1.612    u_cve2_core/vec_unit_i/i_vrf/vrf_mem_reg_1_bram_0_i_91_n_0
                                                                      f  u_cve2_core/vec_unit_i/i_vrf/vrf_mem_reg_1_bram_0_i_55/I1
                         LUT5 (Prop_LUT5_I1_O)        0.038     1.650 f  u_cve2_core/vec_unit_i/i_vrf/vrf_mem_reg_1_bram_0_i_55/O
                         net (fo=58, unplaced)        0.210     1.860    u_cve2_core/vec_unit_i/i_vrf_n_177
                                                                      f  u_cve2_core/vec_unit_i/counter_q[31]_i_9/I1
                         LUT4 (Prop_LUT4_I1_O)        0.053     1.913 f  u_cve2_core/vec_unit_i/counter_q[31]_i_9/O
                         net (fo=1, unplaced)         0.141     2.054    u_cve2_core/vec_unit_i/i_vrf/counter_q[31]_i_6_0
                                                                      f  u_cve2_core/vec_unit_i/i_vrf/counter_q[31]_i_8/I1
                         LUT6 (Prop_LUT6_I1_O)        0.100     2.154 f  u_cve2_core/vec_unit_i/i_vrf/counter_q[31]_i_8/O
                         net (fo=1, unplaced)         0.140     2.294    u_cve2_core/vec_unit_i/i_vrf/counter_q[31]_i_8_n_0
                                                                      f  u_cve2_core/vec_unit_i/i_vrf/counter_q[31]_i_6/I0
                         LUT6 (Prop_LUT6_I0_O)        0.090     2.384 r  u_cve2_core/vec_unit_i/i_vrf/counter_q[31]_i_6/O
                         net (fo=1, unplaced)         0.186     2.570    u_cve2_core/if_stage_i/counter_q[31]_i_3
                                                                      r  u_cve2_core/if_stage_i/counter_q[31]_i_5/I4
                         LUT6 (Prop_LUT6_I4_O)        0.038     2.608 r  u_cve2_core/if_stage_i/counter_q[31]_i_5/O
                         net (fo=2, unplaced)         0.186     2.794    u_cve2_core/id_stage_i/controller_i/counter_q_reg[0]_0
                                                                      r  u_cve2_core/id_stage_i/controller_i/counter_q[31]_i_3/I4
                         LUT5 (Prop_LUT5_I4_O)        0.038     2.832 r  u_cve2_core/id_stage_i/controller_i/counter_q[31]_i_3/O
                         net (fo=4, unplaced)         0.198     3.030    u_cve2_core/id_stage_i/controller_i/id_fsm_q_reg_2
                                                                      r  u_cve2_core/id_stage_i/controller_i/perf_instr_ret_wb_o_i_14/I5
                         LUT6 (Prop_LUT6_I5_O)        0.038     3.068 f  u_cve2_core/id_stage_i/controller_i/perf_instr_ret_wb_o_i_14/O
                         net (fo=7, unplaced)         0.211     3.279    u_cve2_core/if_stage_i/ctrl_fsm_cs_reg[1]_0
                                                                      f  u_cve2_core/if_stage_i/counter_q[39]_i_4/I1
                         LUT6 (Prop_LUT6_I1_O)        0.038     3.317 r  u_cve2_core/if_stage_i/counter_q[39]_i_4/O
                         net (fo=66, unplaced)        0.262     3.579    u_cve2_core/if_stage_i/ctrl_fsm_cs_reg[1]
                                                                      r  u_cve2_core/if_stage_i/counter_q[39]_i_3__1/I1
                         LUT2 (Prop_LUT2_I1_O)        0.038     3.617 f  u_cve2_core/if_stage_i/counter_q[39]_i_3__1/O
                         net (fo=111, unplaced)       0.274     3.891    u_cve2_core/if_stage_i/counter_q[39]_i_3__1_n_0
                                                                      f  u_cve2_core/if_stage_i/counter_q[39]_i_3__0/I5
                         LUT6 (Prop_LUT6_I5_O)        0.038     3.929 r  u_cve2_core/if_stage_i/counter_q[39]_i_3__0/O
                         net (fo=42, unplaced)        0.252     4.181    u_cve2_core/if_stage_i/cs_registers_i/gen_cntrs[2].gen_imp.mcounters_variable_i/we
                                                                      r  u_cve2_core/if_stage_i/counter_q[31]_i_1__3/I1
                         LUT3 (Prop_LUT3_I1_O)        0.038     4.219 r  u_cve2_core/if_stage_i/counter_q[31]_i_1__3/O
                         net (fo=32, unplaced)        0.200     4.419    u_cve2_core/cs_registers_i/gen_cntrs[2].gen_imp.mcounters_variable_i/counter_q_reg[32]_0[0]
                         FDRE                                         r  u_cve2_core/cs_registers_i/gen_cntrs[2].gen_imp.mcounters_variable_i/counter_q_reg[10]/CE
  -------------------------------------------------------------------    -------------------

                         (clock clk_i rise edge)      0.000     0.000 r  
                                                      0.000     0.000 r  clk_i (IN)
                         net (fo=0)                   0.000     0.000    clk_i_IBUF_inst/I
                                                                      r  clk_i_IBUF_inst/INBUF_INST/PAD
                         INBUF (Prop_INBUF_PAD_O)     0.331     0.331 r  clk_i_IBUF_inst/INBUF_INST/O
                         net (fo=1, unplaced)         0.000     0.331    clk_i_IBUF_inst/OUT
                                                                      r  clk_i_IBUF_inst/IBUFCTRL_INST/I
                         IBUFCTRL (Prop_IBUFCTRL_I_O)
                                                      0.000     0.331 r  clk_i_IBUF_inst/IBUFCTRL_INST/O
                         net (fo=2, unplaced)         0.292     0.623    core_clock_gate_i/clk_i_IBUF
                                                                      r  core_clock_gate_i/clk_BUFG_inst_i_1/I0
                         LUT2 (Prop_LUT2_I0_O)        0.036     0.659 r  core_clock_gate_i/clk_BUFG_inst_i_1/O
                         net (fo=1, unplaced)         0.282     0.941    clk
                                                                      r  clk_BUFG_inst/I
                         BUFGCE (Prop_BUFGCE_I_O)     0.024     0.965 r  clk_BUFG_inst/O
                         net (fo=5360, unplaced)      2.439     3.404    u_cve2_core/cs_registers_i/gen_cntrs[2].gen_imp.mcounters_variable_i/clk_BUFG
                         FDRE                                         r  u_cve2_core/cs_registers_i/gen_cntrs[2].gen_imp.mcounters_variable_i/counter_q_reg[10]/C

Slack:                    inf
  Source:                 data_err_i
                            (input port)
  Destination:            u_cve2_core/cs_registers_i/gen_cntrs[2].gen_imp.mcounters_variable_i/counter_q_reg[11]/CE
                            (rising edge-triggered cell FDRE clocked by clk_i  {rise@0.000ns fall@4.000ns period=8.000ns})
  Path Group:             (none)
  Path Type:              Setup (Max at Slow Process Corner)
  Data Path Delay:        4.419ns  (logic 1.289ns (29.169%)  route 3.130ns (70.831%))
  Logic Levels:           15  (IBUFCTRL=1 INBUF=1 LUT2=1 LUT3=2 LUT4=1 LUT5=3 LUT6=6)
  Clock Path Skew:        3.404ns (DCD - SCD + CPR)
    Destination Clock Delay (DCD):    3.404ns
    Source Clock Delay      (SCD):    0.000ns
    Clock Pessimism Removal (CPR):    0.000ns
  Clock Uncertainty:      0.025ns  ((TSJ^2 + TIJ^2)^1/2 + DJ) / 2 + PE
    Total System Jitter     (TSJ):    0.050ns
    Total Input Jitter      (TIJ):    0.000ns
    Discrete Jitter          (DJ):    0.000ns
    Phase Error              (PE):    0.000ns

    Location             Delay type                Incr(ns)  Path(ns)    Netlist Resource(s)
  -------------------------------------------------------------------    -------------------
                                                      0.000     0.000 f  data_err_i (IN)
                         net (fo=0)                   0.000     0.000    data_err_i_IBUF_inst/I
                                                                      f  data_err_i_IBUF_inst/INBUF_INST/PAD
                         INBUF (Prop_INBUF_PAD_O)     0.582     0.582 f  data_err_i_IBUF_inst/INBUF_INST/O
                         net (fo=1, unplaced)         0.000     0.582    data_err_i_IBUF_inst/OUT
                                                                      f  data_err_i_IBUF_inst/IBUFCTRL_INST/I
                         IBUFCTRL (Prop_IBUFCTRL_I_O)
                                                      0.000     0.582 f  data_err_i_IBUF_inst/IBUFCTRL_INST/O
                         net (fo=8, unplaced)         0.480     1.062    u_cve2_core/vec_unit_i/i_vrf/data_err_i_IBUF
                                                                      f  u_cve2_core/vec_unit_i/i_vrf/FSM_sequential_state_q[1]_i_10/I0
                         LUT3 (Prop_LUT3_I0_O)        0.090     1.152 f  u_cve2_core/vec_unit_i/i_vrf/FSM_sequential_state_q[1]_i_10/O
                         net (fo=5, unplaced)         0.204     1.356    u_cve2_core/vec_unit_i/i_vrf/req_valid_q_reg
                                                                      f  u_cve2_core/vec_unit_i/i_vrf/vrf_mem_reg_1_bram_0_i_91/I0
                         LUT5 (Prop_LUT5_I0_O)        0.070     1.426 f  u_cve2_core/vec_unit_i/i_vrf/vrf_mem_reg_1_bram_0_i_91/O
                         net (fo=2, unplaced)         0.186     1.612    u_cve2_core/vec_unit_i/i_vrf/vrf_mem_reg_1_bram_0_i_91_n_0
                                                                      f  u_cve2_core/vec_unit_i/i_vrf/vrf_mem_reg_1_bram_0_i_55/I1
                         LUT5 (Prop_LUT5_I1_O)        0.038     1.650 f  u_cve2_core/vec_unit_i/i_vrf/vrf_mem_reg_1_bram_0_i_55/O
                         net (fo=58, unplaced)        0.210     1.860    u_cve2_core/vec_unit_i/i_vrf_n_177
                                                                      f  u_cve2_core/vec_unit_i/counter_q[31]_i_9/I1
                         LUT4 (Prop_LUT4_I1_O)        0.053     1.913 f  u_cve2_core/vec_unit_i/counter_q[31]_i_9/O
                         net (fo=1, unplaced)         0.141     2.054    u_cve2_core/vec_unit_i/i_vrf/counter_q[31]_i_6_0
                                                                      f  u_cve2_core/vec_unit_i/i_vrf/counter_q[31]_i_8/I1
                         LUT6 (Prop_LUT6_I1_O)        0.100     2.154 f  u_cve2_core/vec_unit_i/i_vrf/counter_q[31]_i_8/O
                         net (fo=1, unplaced)         0.140     2.294    u_cve2_core/vec_unit_i/i_vrf/counter_q[31]_i_8_n_0
                                                                      f  u_cve2_core/vec_unit_i/i_vrf/counter_q[31]_i_6/I0
                         LUT6 (Prop_LUT6_I0_O)        0.090     2.384 r  u_cve2_core/vec_unit_i/i_vrf/counter_q[31]_i_6/O
                         net (fo=1, unplaced)         0.186     2.570    u_cve2_core/if_stage_i/counter_q[31]_i_3
                                                                      r  u_cve2_core/if_stage_i/counter_q[31]_i_5/I4
                         LUT6 (Prop_LUT6_I4_O)        0.038     2.608 r  u_cve2_core/if_stage_i/counter_q[31]_i_5/O
                         net (fo=2, unplaced)         0.186     2.794    u_cve2_core/id_stage_i/controller_i/counter_q_reg[0]_0
                                                                      r  u_cve2_core/id_stage_i/controller_i/counter_q[31]_i_3/I4
                         LUT5 (Prop_LUT5_I4_O)        0.038     2.832 r  u_cve2_core/id_stage_i/controller_i/counter_q[31]_i_3/O
                         net (fo=4, unplaced)         0.198     3.030    u_cve2_core/id_stage_i/controller_i/id_fsm_q_reg_2
                                                                      r  u_cve2_core/id_stage_i/controller_i/perf_instr_ret_wb_o_i_14/I5
                         LUT6 (Prop_LUT6_I5_O)        0.038     3.068 f  u_cve2_core/id_stage_i/controller_i/perf_instr_ret_wb_o_i_14/O
                         net (fo=7, unplaced)         0.211     3.279    u_cve2_core/if_stage_i/ctrl_fsm_cs_reg[1]_0
                                                                      f  u_cve2_core/if_stage_i/counter_q[39]_i_4/I1
                         LUT6 (Prop_LUT6_I1_O)        0.038     3.317 r  u_cve2_core/if_stage_i/counter_q[39]_i_4/O
                         net (fo=66, unplaced)        0.262     3.579    u_cve2_core/if_stage_i/ctrl_fsm_cs_reg[1]
                                                                      r  u_cve2_core/if_stage_i/counter_q[39]_i_3__1/I1
                         LUT2 (Prop_LUT2_I1_O)        0.038     3.617 f  u_cve2_core/if_stage_i/counter_q[39]_i_3__1/O
                         net (fo=111, unplaced)       0.274     3.891    u_cve2_core/if_stage_i/counter_q[39]_i_3__1_n_0
                                                                      f  u_cve2_core/if_stage_i/counter_q[39]_i_3__0/I5
                         LUT6 (Prop_LUT6_I5_O)        0.038     3.929 r  u_cve2_core/if_stage_i/counter_q[39]_i_3__0/O
                         net (fo=42, unplaced)        0.252     4.181    u_cve2_core/if_stage_i/cs_registers_i/gen_cntrs[2].gen_imp.mcounters_variable_i/we
                                                                      r  u_cve2_core/if_stage_i/counter_q[31]_i_1__3/I1
                         LUT3 (Prop_LUT3_I1_O)        0.038     4.219 r  u_cve2_core/if_stage_i/counter_q[31]_i_1__3/O
                         net (fo=32, unplaced)        0.200     4.419    u_cve2_core/cs_registers_i/gen_cntrs[2].gen_imp.mcounters_variable_i/counter_q_reg[32]_0[0]
                         FDRE                                         r  u_cve2_core/cs_registers_i/gen_cntrs[2].gen_imp.mcounters_variable_i/counter_q_reg[11]/CE
  -------------------------------------------------------------------    -------------------

                         (clock clk_i rise edge)      0.000     0.000 r  
                                                      0.000     0.000 r  clk_i (IN)
                         net (fo=0)                   0.000     0.000    clk_i_IBUF_inst/I
                                                                      r  clk_i_IBUF_inst/INBUF_INST/PAD
                         INBUF (Prop_INBUF_PAD_O)     0.331     0.331 r  clk_i_IBUF_inst/INBUF_INST/O
                         net (fo=1, unplaced)         0.000     0.331    clk_i_IBUF_inst/OUT
                                                                      r  clk_i_IBUF_inst/IBUFCTRL_INST/I
                         IBUFCTRL (Prop_IBUFCTRL_I_O)
                                                      0.000     0.331 r  clk_i_IBUF_inst/IBUFCTRL_INST/O
                         net (fo=2, unplaced)         0.292     0.623    core_clock_gate_i/clk_i_IBUF
                                                                      r  core_clock_gate_i/clk_BUFG_inst_i_1/I0
                         LUT2 (Prop_LUT2_I0_O)        0.036     0.659 r  core_clock_gate_i/clk_BUFG_inst_i_1/O
                         net (fo=1, unplaced)         0.282     0.941    clk
                                                                      r  clk_BUFG_inst/I
                         BUFGCE (Prop_BUFGCE_I_O)     0.024     0.965 r  clk_BUFG_inst/O
                         net (fo=5360, unplaced)      2.439     3.404    u_cve2_core/cs_registers_i/gen_cntrs[2].gen_imp.mcounters_variable_i/clk_BUFG
                         FDRE                                         r  u_cve2_core/cs_registers_i/gen_cntrs[2].gen_imp.mcounters_variable_i/counter_q_reg[11]/C

Slack:                    inf
  Source:                 data_err_i
                            (input port)
  Destination:            u_cve2_core/cs_registers_i/gen_cntrs[2].gen_imp.mcounters_variable_i/counter_q_reg[12]/CE
                            (rising edge-triggered cell FDRE clocked by clk_i  {rise@0.000ns fall@4.000ns period=8.000ns})
  Path Group:             (none)
  Path Type:              Setup (Max at Slow Process Corner)
  Data Path Delay:        4.419ns  (logic 1.289ns (29.169%)  route 3.130ns (70.831%))
  Logic Levels:           15  (IBUFCTRL=1 INBUF=1 LUT2=1 LUT3=2 LUT4=1 LUT5=3 LUT6=6)
  Clock Path Skew:        3.404ns (DCD - SCD + CPR)
    Destination Clock Delay (DCD):    3.404ns
    Source Clock Delay      (SCD):    0.000ns
    Clock Pessimism Removal (CPR):    0.000ns
  Clock Uncertainty:      0.025ns  ((TSJ^2 + TIJ^2)^1/2 + DJ) / 2 + PE
    Total System Jitter     (TSJ):    0.050ns
    Total Input Jitter      (TIJ):    0.000ns
    Discrete Jitter          (DJ):    0.000ns
    Phase Error              (PE):    0.000ns

    Location             Delay type                Incr(ns)  Path(ns)    Netlist Resource(s)
  -------------------------------------------------------------------    -------------------
                                                      0.000     0.000 f  data_err_i (IN)
                         net (fo=0)                   0.000     0.000    data_err_i_IBUF_inst/I
                                                                      f  data_err_i_IBUF_inst/INBUF_INST/PAD
                         INBUF (Prop_INBUF_PAD_O)     0.582     0.582 f  data_err_i_IBUF_inst/INBUF_INST/O
                         net (fo=1, unplaced)         0.000     0.582    data_err_i_IBUF_inst/OUT
                                                                      f  data_err_i_IBUF_inst/IBUFCTRL_INST/I
                         IBUFCTRL (Prop_IBUFCTRL_I_O)
                                                      0.000     0.582 f  data_err_i_IBUF_inst/IBUFCTRL_INST/O
                         net (fo=8, unplaced)         0.480     1.062    u_cve2_core/vec_unit_i/i_vrf/data_err_i_IBUF
                                                                      f  u_cve2_core/vec_unit_i/i_vrf/FSM_sequential_state_q[1]_i_10/I0
                         LUT3 (Prop_LUT3_I0_O)        0.090     1.152 f  u_cve2_core/vec_unit_i/i_vrf/FSM_sequential_state_q[1]_i_10/O
                         net (fo=5, unplaced)         0.204     1.356    u_cve2_core/vec_unit_i/i_vrf/req_valid_q_reg
                                                                      f  u_cve2_core/vec_unit_i/i_vrf/vrf_mem_reg_1_bram_0_i_91/I0
                         LUT5 (Prop_LUT5_I0_O)        0.070     1.426 f  u_cve2_core/vec_unit_i/i_vrf/vrf_mem_reg_1_bram_0_i_91/O
                         net (fo=2, unplaced)         0.186     1.612    u_cve2_core/vec_unit_i/i_vrf/vrf_mem_reg_1_bram_0_i_91_n_0
                                                                      f  u_cve2_core/vec_unit_i/i_vrf/vrf_mem_reg_1_bram_0_i_55/I1
                         LUT5 (Prop_LUT5_I1_O)        0.038     1.650 f  u_cve2_core/vec_unit_i/i_vrf/vrf_mem_reg_1_bram_0_i_55/O
                         net (fo=58, unplaced)        0.210     1.860    u_cve2_core/vec_unit_i/i_vrf_n_177
                                                                      f  u_cve2_core/vec_unit_i/counter_q[31]_i_9/I1
                         LUT4 (Prop_LUT4_I1_O)        0.053     1.913 f  u_cve2_core/vec_unit_i/counter_q[31]_i_9/O
                         net (fo=1, unplaced)         0.141     2.054    u_cve2_core/vec_unit_i/i_vrf/counter_q[31]_i_6_0
                                                                      f  u_cve2_core/vec_unit_i/i_vrf/counter_q[31]_i_8/I1
                         LUT6 (Prop_LUT6_I1_O)        0.100     2.154 f  u_cve2_core/vec_unit_i/i_vrf/counter_q[31]_i_8/O
                         net (fo=1, unplaced)         0.140     2.294    u_cve2_core/vec_unit_i/i_vrf/counter_q[31]_i_8_n_0
                                                                      f  u_cve2_core/vec_unit_i/i_vrf/counter_q[31]_i_6/I0
                         LUT6 (Prop_LUT6_I0_O)        0.090     2.384 r  u_cve2_core/vec_unit_i/i_vrf/counter_q[31]_i_6/O
                         net (fo=1, unplaced)         0.186     2.570    u_cve2_core/if_stage_i/counter_q[31]_i_3
                                                                      r  u_cve2_core/if_stage_i/counter_q[31]_i_5/I4
                         LUT6 (Prop_LUT6_I4_O)        0.038     2.608 r  u_cve2_core/if_stage_i/counter_q[31]_i_5/O
                         net (fo=2, unplaced)         0.186     2.794    u_cve2_core/id_stage_i/controller_i/counter_q_reg[0]_0
                                                                      r  u_cve2_core/id_stage_i/controller_i/counter_q[31]_i_3/I4
                         LUT5 (Prop_LUT5_I4_O)        0.038     2.832 r  u_cve2_core/id_stage_i/controller_i/counter_q[31]_i_3/O
                         net (fo=4, unplaced)         0.198     3.030    u_cve2_core/id_stage_i/controller_i/id_fsm_q_reg_2
                                                                      r  u_cve2_core/id_stage_i/controller_i/perf_instr_ret_wb_o_i_14/I5
                         LUT6 (Prop_LUT6_I5_O)        0.038     3.068 f  u_cve2_core/id_stage_i/controller_i/perf_instr_ret_wb_o_i_14/O
                         net (fo=7, unplaced)         0.211     3.279    u_cve2_core/if_stage_i/ctrl_fsm_cs_reg[1]_0
                                                                      f  u_cve2_core/if_stage_i/counter_q[39]_i_4/I1
                         LUT6 (Prop_LUT6_I1_O)        0.038     3.317 r  u_cve2_core/if_stage_i/counter_q[39]_i_4/O
                         net (fo=66, unplaced)        0.262     3.579    u_cve2_core/if_stage_i/ctrl_fsm_cs_reg[1]
                                                                      r  u_cve2_core/if_stage_i/counter_q[39]_i_3__1/I1
                         LUT2 (Prop_LUT2_I1_O)        0.038     3.617 f  u_cve2_core/if_stage_i/counter_q[39]_i_3__1/O
                         net (fo=111, unplaced)       0.274     3.891    u_cve2_core/if_stage_i/counter_q[39]_i_3__1_n_0
                                                                      f  u_cve2_core/if_stage_i/counter_q[39]_i_3__0/I5
                         LUT6 (Prop_LUT6_I5_O)        0.038     3.929 r  u_cve2_core/if_stage_i/counter_q[39]_i_3__0/O
                         net (fo=42, unplaced)        0.252     4.181    u_cve2_core/if_stage_i/cs_registers_i/gen_cntrs[2].gen_imp.mcounters_variable_i/we
                                                                      r  u_cve2_core/if_stage_i/counter_q[31]_i_1__3/I1
                         LUT3 (Prop_LUT3_I1_O)        0.038     4.219 r  u_cve2_core/if_stage_i/counter_q[31]_i_1__3/O
                         net (fo=32, unplaced)        0.200     4.419    u_cve2_core/cs_registers_i/gen_cntrs[2].gen_imp.mcounters_variable_i/counter_q_reg[32]_0[0]
                         FDRE                                         r  u_cve2_core/cs_registers_i/gen_cntrs[2].gen_imp.mcounters_variable_i/counter_q_reg[12]/CE
  -------------------------------------------------------------------    -------------------

                         (clock clk_i rise edge)      0.000     0.000 r  
                                                      0.000     0.000 r  clk_i (IN)
                         net (fo=0)                   0.000     0.000    clk_i_IBUF_inst/I
                                                                      r  clk_i_IBUF_inst/INBUF_INST/PAD
                         INBUF (Prop_INBUF_PAD_O)     0.331     0.331 r  clk_i_IBUF_inst/INBUF_INST/O
                         net (fo=1, unplaced)         0.000     0.331    clk_i_IBUF_inst/OUT
                                                                      r  clk_i_IBUF_inst/IBUFCTRL_INST/I
                         IBUFCTRL (Prop_IBUFCTRL_I_O)
                                                      0.000     0.331 r  clk_i_IBUF_inst/IBUFCTRL_INST/O
                         net (fo=2, unplaced)         0.292     0.623    core_clock_gate_i/clk_i_IBUF
                                                                      r  core_clock_gate_i/clk_BUFG_inst_i_1/I0
                         LUT2 (Prop_LUT2_I0_O)        0.036     0.659 r  core_clock_gate_i/clk_BUFG_inst_i_1/O
                         net (fo=1, unplaced)         0.282     0.941    clk
                                                                      r  clk_BUFG_inst/I
                         BUFGCE (Prop_BUFGCE_I_O)     0.024     0.965 r  clk_BUFG_inst/O
                         net (fo=5360, unplaced)      2.439     3.404    u_cve2_core/cs_registers_i/gen_cntrs[2].gen_imp.mcounters_variable_i/clk_BUFG
                         FDRE                                         r  u_cve2_core/cs_registers_i/gen_cntrs[2].gen_imp.mcounters_variable_i/counter_q_reg[12]/C

Slack:                    inf
  Source:                 data_err_i
                            (input port)
  Destination:            u_cve2_core/cs_registers_i/gen_cntrs[2].gen_imp.mcounters_variable_i/counter_q_reg[13]/CE
                            (rising edge-triggered cell FDRE clocked by clk_i  {rise@0.000ns fall@4.000ns period=8.000ns})
  Path Group:             (none)
  Path Type:              Setup (Max at Slow Process Corner)
  Data Path Delay:        4.419ns  (logic 1.289ns (29.169%)  route 3.130ns (70.831%))
  Logic Levels:           15  (IBUFCTRL=1 INBUF=1 LUT2=1 LUT3=2 LUT4=1 LUT5=3 LUT6=6)
  Clock Path Skew:        3.404ns (DCD - SCD + CPR)
    Destination Clock Delay (DCD):    3.404ns
    Source Clock Delay      (SCD):    0.000ns
    Clock Pessimism Removal (CPR):    0.000ns
  Clock Uncertainty:      0.025ns  ((TSJ^2 + TIJ^2)^1/2 + DJ) / 2 + PE
    Total System Jitter     (TSJ):    0.050ns
    Total Input Jitter      (TIJ):    0.000ns
    Discrete Jitter          (DJ):    0.000ns
    Phase Error              (PE):    0.000ns

    Location             Delay type                Incr(ns)  Path(ns)    Netlist Resource(s)
  -------------------------------------------------------------------    -------------------
                                                      0.000     0.000 f  data_err_i (IN)
                         net (fo=0)                   0.000     0.000    data_err_i_IBUF_inst/I
                                                                      f  data_err_i_IBUF_inst/INBUF_INST/PAD
                         INBUF (Prop_INBUF_PAD_O)     0.582     0.582 f  data_err_i_IBUF_inst/INBUF_INST/O
                         net (fo=1, unplaced)         0.000     0.582    data_err_i_IBUF_inst/OUT
                                                                      f  data_err_i_IBUF_inst/IBUFCTRL_INST/I
                         IBUFCTRL (Prop_IBUFCTRL_I_O)
                                                      0.000     0.582 f  data_err_i_IBUF_inst/IBUFCTRL_INST/O
                         net (fo=8, unplaced)         0.480     1.062    u_cve2_core/vec_unit_i/i_vrf/data_err_i_IBUF
                                                                      f  u_cve2_core/vec_unit_i/i_vrf/FSM_sequential_state_q[1]_i_10/I0
                         LUT3 (Prop_LUT3_I0_O)        0.090     1.152 f  u_cve2_core/vec_unit_i/i_vrf/FSM_sequential_state_q[1]_i_10/O
                         net (fo=5, unplaced)         0.204     1.356    u_cve2_core/vec_unit_i/i_vrf/req_valid_q_reg
                                                                      f  u_cve2_core/vec_unit_i/i_vrf/vrf_mem_reg_1_bram_0_i_91/I0
                         LUT5 (Prop_LUT5_I0_O)        0.070     1.426 f  u_cve2_core/vec_unit_i/i_vrf/vrf_mem_reg_1_bram_0_i_91/O
                         net (fo=2, unplaced)         0.186     1.612    u_cve2_core/vec_unit_i/i_vrf/vrf_mem_reg_1_bram_0_i_91_n_0
                                                                      f  u_cve2_core/vec_unit_i/i_vrf/vrf_mem_reg_1_bram_0_i_55/I1
                         LUT5 (Prop_LUT5_I1_O)        0.038     1.650 f  u_cve2_core/vec_unit_i/i_vrf/vrf_mem_reg_1_bram_0_i_55/O
                         net (fo=58, unplaced)        0.210     1.860    u_cve2_core/vec_unit_i/i_vrf_n_177
                                                                      f  u_cve2_core/vec_unit_i/counter_q[31]_i_9/I1
                         LUT4 (Prop_LUT4_I1_O)        0.053     1.913 f  u_cve2_core/vec_unit_i/counter_q[31]_i_9/O
                         net (fo=1, unplaced)         0.141     2.054    u_cve2_core/vec_unit_i/i_vrf/counter_q[31]_i_6_0
                                                                      f  u_cve2_core/vec_unit_i/i_vrf/counter_q[31]_i_8/I1
                         LUT6 (Prop_LUT6_I1_O)        0.100     2.154 f  u_cve2_core/vec_unit_i/i_vrf/counter_q[31]_i_8/O
                         net (fo=1, unplaced)         0.140     2.294    u_cve2_core/vec_unit_i/i_vrf/counter_q[31]_i_8_n_0
                                                                      f  u_cve2_core/vec_unit_i/i_vrf/counter_q[31]_i_6/I0
                         LUT6 (Prop_LUT6_I0_O)        0.090     2.384 r  u_cve2_core/vec_unit_i/i_vrf/counter_q[31]_i_6/O
                         net (fo=1, unplaced)         0.186     2.570    u_cve2_core/if_stage_i/counter_q[31]_i_3
                                                                      r  u_cve2_core/if_stage_i/counter_q[31]_i_5/I4
                         LUT6 (Prop_LUT6_I4_O)        0.038     2.608 r  u_cve2_core/if_stage_i/counter_q[31]_i_5/O
                         net (fo=2, unplaced)         0.186     2.794    u_cve2_core/id_stage_i/controller_i/counter_q_reg[0]_0
                                                                      r  u_cve2_core/id_stage_i/controller_i/counter_q[31]_i_3/I4
                         LUT5 (Prop_LUT5_I4_O)        0.038     2.832 r  u_cve2_core/id_stage_i/controller_i/counter_q[31]_i_3/O
                         net (fo=4, unplaced)         0.198     3.030    u_cve2_core/id_stage_i/controller_i/id_fsm_q_reg_2
                                                                      r  u_cve2_core/id_stage_i/controller_i/perf_instr_ret_wb_o_i_14/I5
                         LUT6 (Prop_LUT6_I5_O)        0.038     3.068 f  u_cve2_core/id_stage_i/controller_i/perf_instr_ret_wb_o_i_14/O
                         net (fo=7, unplaced)         0.211     3.279    u_cve2_core/if_stage_i/ctrl_fsm_cs_reg[1]_0
                                                                      f  u_cve2_core/if_stage_i/counter_q[39]_i_4/I1
                         LUT6 (Prop_LUT6_I1_O)        0.038     3.317 r  u_cve2_core/if_stage_i/counter_q[39]_i_4/O
                         net (fo=66, unplaced)        0.262     3.579    u_cve2_core/if_stage_i/ctrl_fsm_cs_reg[1]
                                                                      r  u_cve2_core/if_stage_i/counter_q[39]_i_3__1/I1
                         LUT2 (Prop_LUT2_I1_O)        0.038     3.617 f  u_cve2_core/if_stage_i/counter_q[39]_i_3__1/O
                         net (fo=111, unplaced)       0.274     3.891    u_cve2_core/if_stage_i/counter_q[39]_i_3__1_n_0
                                                                      f  u_cve2_core/if_stage_i/counter_q[39]_i_3__0/I5
                         LUT6 (Prop_LUT6_I5_O)        0.038     3.929 r  u_cve2_core/if_stage_i/counter_q[39]_i_3__0/O
                         net (fo=42, unplaced)        0.252     4.181    u_cve2_core/if_stage_i/cs_registers_i/gen_cntrs[2].gen_imp.mcounters_variable_i/we
                                                                      r  u_cve2_core/if_stage_i/counter_q[31]_i_1__3/I1
                         LUT3 (Prop_LUT3_I1_O)        0.038     4.219 r  u_cve2_core/if_stage_i/counter_q[31]_i_1__3/O
                         net (fo=32, unplaced)        0.200     4.419    u_cve2_core/cs_registers_i/gen_cntrs[2].gen_imp.mcounters_variable_i/counter_q_reg[32]_0[0]
                         FDRE                                         r  u_cve2_core/cs_registers_i/gen_cntrs[2].gen_imp.mcounters_variable_i/counter_q_reg[13]/CE
  -------------------------------------------------------------------    -------------------

                         (clock clk_i rise edge)      0.000     0.000 r  
                                                      0.000     0.000 r  clk_i (IN)
                         net (fo=0)                   0.000     0.000    clk_i_IBUF_inst/I
                                                                      r  clk_i_IBUF_inst/INBUF_INST/PAD
                         INBUF (Prop_INBUF_PAD_O)     0.331     0.331 r  clk_i_IBUF_inst/INBUF_INST/O
                         net (fo=1, unplaced)         0.000     0.331    clk_i_IBUF_inst/OUT
                                                                      r  clk_i_IBUF_inst/IBUFCTRL_INST/I
                         IBUFCTRL (Prop_IBUFCTRL_I_O)
                                                      0.000     0.331 r  clk_i_IBUF_inst/IBUFCTRL_INST/O
                         net (fo=2, unplaced)         0.292     0.623    core_clock_gate_i/clk_i_IBUF
                                                                      r  core_clock_gate_i/clk_BUFG_inst_i_1/I0
                         LUT2 (Prop_LUT2_I0_O)        0.036     0.659 r  core_clock_gate_i/clk_BUFG_inst_i_1/O
                         net (fo=1, unplaced)         0.282     0.941    clk
                                                                      r  clk_BUFG_inst/I
                         BUFGCE (Prop_BUFGCE_I_O)     0.024     0.965 r  clk_BUFG_inst/O
                         net (fo=5360, unplaced)      2.439     3.404    u_cve2_core/cs_registers_i/gen_cntrs[2].gen_imp.mcounters_variable_i/clk_BUFG
                         FDRE                                         r  u_cve2_core/cs_registers_i/gen_cntrs[2].gen_imp.mcounters_variable_i/counter_q_reg[13]/C

Slack:                    inf
  Source:                 data_err_i
                            (input port)
  Destination:            u_cve2_core/cs_registers_i/gen_cntrs[2].gen_imp.mcounters_variable_i/counter_q_reg[14]/CE
                            (rising edge-triggered cell FDRE clocked by clk_i  {rise@0.000ns fall@4.000ns period=8.000ns})
  Path Group:             (none)
  Path Type:              Setup (Max at Slow Process Corner)
  Data Path Delay:        4.419ns  (logic 1.289ns (29.169%)  route 3.130ns (70.831%))
  Logic Levels:           15  (IBUFCTRL=1 INBUF=1 LUT2=1 LUT3=2 LUT4=1 LUT5=3 LUT6=6)
  Clock Path Skew:        3.404ns (DCD - SCD + CPR)
    Destination Clock Delay (DCD):    3.404ns
    Source Clock Delay      (SCD):    0.000ns
    Clock Pessimism Removal (CPR):    0.000ns
  Clock Uncertainty:      0.025ns  ((TSJ^2 + TIJ^2)^1/2 + DJ) / 2 + PE
    Total System Jitter     (TSJ):    0.050ns
    Total Input Jitter      (TIJ):    0.000ns
    Discrete Jitter          (DJ):    0.000ns
    Phase Error              (PE):    0.000ns

    Location             Delay type                Incr(ns)  Path(ns)    Netlist Resource(s)
  -------------------------------------------------------------------    -------------------
                                                      0.000     0.000 f  data_err_i (IN)
                         net (fo=0)                   0.000     0.000    data_err_i_IBUF_inst/I
                                                                      f  data_err_i_IBUF_inst/INBUF_INST/PAD
                         INBUF (Prop_INBUF_PAD_O)     0.582     0.582 f  data_err_i_IBUF_inst/INBUF_INST/O
                         net (fo=1, unplaced)         0.000     0.582    data_err_i_IBUF_inst/OUT
                                                                      f  data_err_i_IBUF_inst/IBUFCTRL_INST/I
                         IBUFCTRL (Prop_IBUFCTRL_I_O)
                                                      0.000     0.582 f  data_err_i_IBUF_inst/IBUFCTRL_INST/O
                         net (fo=8, unplaced)         0.480     1.062    u_cve2_core/vec_unit_i/i_vrf/data_err_i_IBUF
                                                                      f  u_cve2_core/vec_unit_i/i_vrf/FSM_sequential_state_q[1]_i_10/I0
                         LUT3 (Prop_LUT3_I0_O)        0.090     1.152 f  u_cve2_core/vec_unit_i/i_vrf/FSM_sequential_state_q[1]_i_10/O
                         net (fo=5, unplaced)         0.204     1.356    u_cve2_core/vec_unit_i/i_vrf/req_valid_q_reg
                                                                      f  u_cve2_core/vec_unit_i/i_vrf/vrf_mem_reg_1_bram_0_i_91/I0
                         LUT5 (Prop_LUT5_I0_O)        0.070     1.426 f  u_cve2_core/vec_unit_i/i_vrf/vrf_mem_reg_1_bram_0_i_91/O
                         net (fo=2, unplaced)         0.186     1.612    u_cve2_core/vec_unit_i/i_vrf/vrf_mem_reg_1_bram_0_i_91_n_0
                                                                      f  u_cve2_core/vec_unit_i/i_vrf/vrf_mem_reg_1_bram_0_i_55/I1
                         LUT5 (Prop_LUT5_I1_O)        0.038     1.650 f  u_cve2_core/vec_unit_i/i_vrf/vrf_mem_reg_1_bram_0_i_55/O
                         net (fo=58, unplaced)        0.210     1.860    u_cve2_core/vec_unit_i/i_vrf_n_177
                                                                      f  u_cve2_core/vec_unit_i/counter_q[31]_i_9/I1
                         LUT4 (Prop_LUT4_I1_O)        0.053     1.913 f  u_cve2_core/vec_unit_i/counter_q[31]_i_9/O
                         net (fo=1, unplaced)         0.141     2.054    u_cve2_core/vec_unit_i/i_vrf/counter_q[31]_i_6_0
                                                                      f  u_cve2_core/vec_unit_i/i_vrf/counter_q[31]_i_8/I1
                         LUT6 (Prop_LUT6_I1_O)        0.100     2.154 f  u_cve2_core/vec_unit_i/i_vrf/counter_q[31]_i_8/O
                         net (fo=1, unplaced)         0.140     2.294    u_cve2_core/vec_unit_i/i_vrf/counter_q[31]_i_8_n_0
                                                                      f  u_cve2_core/vec_unit_i/i_vrf/counter_q[31]_i_6/I0
                         LUT6 (Prop_LUT6_I0_O)        0.090     2.384 r  u_cve2_core/vec_unit_i/i_vrf/counter_q[31]_i_6/O
                         net (fo=1, unplaced)         0.186     2.570    u_cve2_core/if_stage_i/counter_q[31]_i_3
                                                                      r  u_cve2_core/if_stage_i/counter_q[31]_i_5/I4
                         LUT6 (Prop_LUT6_I4_O)        0.038     2.608 r  u_cve2_core/if_stage_i/counter_q[31]_i_5/O
                         net (fo=2, unplaced)         0.186     2.794    u_cve2_core/id_stage_i/controller_i/counter_q_reg[0]_0
                                                                      r  u_cve2_core/id_stage_i/controller_i/counter_q[31]_i_3/I4
                         LUT5 (Prop_LUT5_I4_O)        0.038     2.832 r  u_cve2_core/id_stage_i/controller_i/counter_q[31]_i_3/O
                         net (fo=4, unplaced)         0.198     3.030    u_cve2_core/id_stage_i/controller_i/id_fsm_q_reg_2
                                                                      r  u_cve2_core/id_stage_i/controller_i/perf_instr_ret_wb_o_i_14/I5
                         LUT6 (Prop_LUT6_I5_O)        0.038     3.068 f  u_cve2_core/id_stage_i/controller_i/perf_instr_ret_wb_o_i_14/O
                         net (fo=7, unplaced)         0.211     3.279    u_cve2_core/if_stage_i/ctrl_fsm_cs_reg[1]_0
                                                                      f  u_cve2_core/if_stage_i/counter_q[39]_i_4/I1
                         LUT6 (Prop_LUT6_I1_O)        0.038     3.317 r  u_cve2_core/if_stage_i/counter_q[39]_i_4/O
                         net (fo=66, unplaced)        0.262     3.579    u_cve2_core/if_stage_i/ctrl_fsm_cs_reg[1]
                                                                      r  u_cve2_core/if_stage_i/counter_q[39]_i_3__1/I1
                         LUT2 (Prop_LUT2_I1_O)        0.038     3.617 f  u_cve2_core/if_stage_i/counter_q[39]_i_3__1/O
                         net (fo=111, unplaced)       0.274     3.891    u_cve2_core/if_stage_i/counter_q[39]_i_3__1_n_0
                                                                      f  u_cve2_core/if_stage_i/counter_q[39]_i_3__0/I5
                         LUT6 (Prop_LUT6_I5_O)        0.038     3.929 r  u_cve2_core/if_stage_i/counter_q[39]_i_3__0/O
                         net (fo=42, unplaced)        0.252     4.181    u_cve2_core/if_stage_i/cs_registers_i/gen_cntrs[2].gen_imp.mcounters_variable_i/we
                                                                      r  u_cve2_core/if_stage_i/counter_q[31]_i_1__3/I1
                         LUT3 (Prop_LUT3_I1_O)        0.038     4.219 r  u_cve2_core/if_stage_i/counter_q[31]_i_1__3/O
                         net (fo=32, unplaced)        0.200     4.419    u_cve2_core/cs_registers_i/gen_cntrs[2].gen_imp.mcounters_variable_i/counter_q_reg[32]_0[0]
                         FDRE                                         r  u_cve2_core/cs_registers_i/gen_cntrs[2].gen_imp.mcounters_variable_i/counter_q_reg[14]/CE
  -------------------------------------------------------------------    -------------------

                         (clock clk_i rise edge)      0.000     0.000 r  
                                                      0.000     0.000 r  clk_i (IN)
                         net (fo=0)                   0.000     0.000    clk_i_IBUF_inst/I
                                                                      r  clk_i_IBUF_inst/INBUF_INST/PAD
                         INBUF (Prop_INBUF_PAD_O)     0.331     0.331 r  clk_i_IBUF_inst/INBUF_INST/O
                         net (fo=1, unplaced)         0.000     0.331    clk_i_IBUF_inst/OUT
                                                                      r  clk_i_IBUF_inst/IBUFCTRL_INST/I
                         IBUFCTRL (Prop_IBUFCTRL_I_O)
                                                      0.000     0.331 r  clk_i_IBUF_inst/IBUFCTRL_INST/O
                         net (fo=2, unplaced)         0.292     0.623    core_clock_gate_i/clk_i_IBUF
                                                                      r  core_clock_gate_i/clk_BUFG_inst_i_1/I0
                         LUT2 (Prop_LUT2_I0_O)        0.036     0.659 r  core_clock_gate_i/clk_BUFG_inst_i_1/O
                         net (fo=1, unplaced)         0.282     0.941    clk
                                                                      r  clk_BUFG_inst/I
                         BUFGCE (Prop_BUFGCE_I_O)     0.024     0.965 r  clk_BUFG_inst/O
                         net (fo=5360, unplaced)      2.439     3.404    u_cve2_core/cs_registers_i/gen_cntrs[2].gen_imp.mcounters_variable_i/clk_BUFG
                         FDRE                                         r  u_cve2_core/cs_registers_i/gen_cntrs[2].gen_imp.mcounters_variable_i/counter_q_reg[14]/C

Slack:                    inf
  Source:                 data_err_i
                            (input port)
  Destination:            u_cve2_core/cs_registers_i/gen_cntrs[2].gen_imp.mcounters_variable_i/counter_q_reg[15]/CE
                            (rising edge-triggered cell FDRE clocked by clk_i  {rise@0.000ns fall@4.000ns period=8.000ns})
  Path Group:             (none)
  Path Type:              Setup (Max at Slow Process Corner)
  Data Path Delay:        4.419ns  (logic 1.289ns (29.169%)  route 3.130ns (70.831%))
  Logic Levels:           15  (IBUFCTRL=1 INBUF=1 LUT2=1 LUT3=2 LUT4=1 LUT5=3 LUT6=6)
  Clock Path Skew:        3.404ns (DCD - SCD + CPR)
    Destination Clock Delay (DCD):    3.404ns
    Source Clock Delay      (SCD):    0.000ns
    Clock Pessimism Removal (CPR):    0.000ns
  Clock Uncertainty:      0.025ns  ((TSJ^2 + TIJ^2)^1/2 + DJ) / 2 + PE
    Total System Jitter     (TSJ):    0.050ns
    Total Input Jitter      (TIJ):    0.000ns
    Discrete Jitter          (DJ):    0.000ns
    Phase Error              (PE):    0.000ns

    Location             Delay type                Incr(ns)  Path(ns)    Netlist Resource(s)
  -------------------------------------------------------------------    -------------------
                                                      0.000     0.000 f  data_err_i (IN)
                         net (fo=0)                   0.000     0.000    data_err_i_IBUF_inst/I
                                                                      f  data_err_i_IBUF_inst/INBUF_INST/PAD
                         INBUF (Prop_INBUF_PAD_O)     0.582     0.582 f  data_err_i_IBUF_inst/INBUF_INST/O
                         net (fo=1, unplaced)         0.000     0.582    data_err_i_IBUF_inst/OUT
                                                                      f  data_err_i_IBUF_inst/IBUFCTRL_INST/I
                         IBUFCTRL (Prop_IBUFCTRL_I_O)
                                                      0.000     0.582 f  data_err_i_IBUF_inst/IBUFCTRL_INST/O
                         net (fo=8, unplaced)         0.480     1.062    u_cve2_core/vec_unit_i/i_vrf/data_err_i_IBUF
                                                                      f  u_cve2_core/vec_unit_i/i_vrf/FSM_sequential_state_q[1]_i_10/I0
                         LUT3 (Prop_LUT3_I0_O)        0.090     1.152 f  u_cve2_core/vec_unit_i/i_vrf/FSM_sequential_state_q[1]_i_10/O
                         net (fo=5, unplaced)         0.204     1.356    u_cve2_core/vec_unit_i/i_vrf/req_valid_q_reg
                                                                      f  u_cve2_core/vec_unit_i/i_vrf/vrf_mem_reg_1_bram_0_i_91/I0
                         LUT5 (Prop_LUT5_I0_O)        0.070     1.426 f  u_cve2_core/vec_unit_i/i_vrf/vrf_mem_reg_1_bram_0_i_91/O
                         net (fo=2, unplaced)         0.186     1.612    u_cve2_core/vec_unit_i/i_vrf/vrf_mem_reg_1_bram_0_i_91_n_0
                                                                      f  u_cve2_core/vec_unit_i/i_vrf/vrf_mem_reg_1_bram_0_i_55/I1
                         LUT5 (Prop_LUT5_I1_O)        0.038     1.650 f  u_cve2_core/vec_unit_i/i_vrf/vrf_mem_reg_1_bram_0_i_55/O
                         net (fo=58, unplaced)        0.210     1.860    u_cve2_core/vec_unit_i/i_vrf_n_177
                                                                      f  u_cve2_core/vec_unit_i/counter_q[31]_i_9/I1
                         LUT4 (Prop_LUT4_I1_O)        0.053     1.913 f  u_cve2_core/vec_unit_i/counter_q[31]_i_9/O
                         net (fo=1, unplaced)         0.141     2.054    u_cve2_core/vec_unit_i/i_vrf/counter_q[31]_i_6_0
                                                                      f  u_cve2_core/vec_unit_i/i_vrf/counter_q[31]_i_8/I1
                         LUT6 (Prop_LUT6_I1_O)        0.100     2.154 f  u_cve2_core/vec_unit_i/i_vrf/counter_q[31]_i_8/O
                         net (fo=1, unplaced)         0.140     2.294    u_cve2_core/vec_unit_i/i_vrf/counter_q[31]_i_8_n_0
                                                                      f  u_cve2_core/vec_unit_i/i_vrf/counter_q[31]_i_6/I0
                         LUT6 (Prop_LUT6_I0_O)        0.090     2.384 r  u_cve2_core/vec_unit_i/i_vrf/counter_q[31]_i_6/O
                         net (fo=1, unplaced)         0.186     2.570    u_cve2_core/if_stage_i/counter_q[31]_i_3
                                                                      r  u_cve2_core/if_stage_i/counter_q[31]_i_5/I4
                         LUT6 (Prop_LUT6_I4_O)        0.038     2.608 r  u_cve2_core/if_stage_i/counter_q[31]_i_5/O
                         net (fo=2, unplaced)         0.186     2.794    u_cve2_core/id_stage_i/controller_i/counter_q_reg[0]_0
                                                                      r  u_cve2_core/id_stage_i/controller_i/counter_q[31]_i_3/I4
                         LUT5 (Prop_LUT5_I4_O)        0.038     2.832 r  u_cve2_core/id_stage_i/controller_i/counter_q[31]_i_3/O
                         net (fo=4, unplaced)         0.198     3.030    u_cve2_core/id_stage_i/controller_i/id_fsm_q_reg_2
                                                                      r  u_cve2_core/id_stage_i/controller_i/perf_instr_ret_wb_o_i_14/I5
                         LUT6 (Prop_LUT6_I5_O)        0.038     3.068 f  u_cve2_core/id_stage_i/controller_i/perf_instr_ret_wb_o_i_14/O
                         net (fo=7, unplaced)         0.211     3.279    u_cve2_core/if_stage_i/ctrl_fsm_cs_reg[1]_0
                                                                      f  u_cve2_core/if_stage_i/counter_q[39]_i_4/I1
                         LUT6 (Prop_LUT6_I1_O)        0.038     3.317 r  u_cve2_core/if_stage_i/counter_q[39]_i_4/O
                         net (fo=66, unplaced)        0.262     3.579    u_cve2_core/if_stage_i/ctrl_fsm_cs_reg[1]
                                                                      r  u_cve2_core/if_stage_i/counter_q[39]_i_3__1/I1
                         LUT2 (Prop_LUT2_I1_O)        0.038     3.617 f  u_cve2_core/if_stage_i/counter_q[39]_i_3__1/O
                         net (fo=111, unplaced)       0.274     3.891    u_cve2_core/if_stage_i/counter_q[39]_i_3__1_n_0
                                                                      f  u_cve2_core/if_stage_i/counter_q[39]_i_3__0/I5
                         LUT6 (Prop_LUT6_I5_O)        0.038     3.929 r  u_cve2_core/if_stage_i/counter_q[39]_i_3__0/O
                         net (fo=42, unplaced)        0.252     4.181    u_cve2_core/if_stage_i/cs_registers_i/gen_cntrs[2].gen_imp.mcounters_variable_i/we
                                                                      r  u_cve2_core/if_stage_i/counter_q[31]_i_1__3/I1
                         LUT3 (Prop_LUT3_I1_O)        0.038     4.219 r  u_cve2_core/if_stage_i/counter_q[31]_i_1__3/O
                         net (fo=32, unplaced)        0.200     4.419    u_cve2_core/cs_registers_i/gen_cntrs[2].gen_imp.mcounters_variable_i/counter_q_reg[32]_0[0]
                         FDRE                                         r  u_cve2_core/cs_registers_i/gen_cntrs[2].gen_imp.mcounters_variable_i/counter_q_reg[15]/CE
  -------------------------------------------------------------------    -------------------

                         (clock clk_i rise edge)      0.000     0.000 r  
                                                      0.000     0.000 r  clk_i (IN)
                         net (fo=0)                   0.000     0.000    clk_i_IBUF_inst/I
                                                                      r  clk_i_IBUF_inst/INBUF_INST/PAD
                         INBUF (Prop_INBUF_PAD_O)     0.331     0.331 r  clk_i_IBUF_inst/INBUF_INST/O
                         net (fo=1, unplaced)         0.000     0.331    clk_i_IBUF_inst/OUT
                                                                      r  clk_i_IBUF_inst/IBUFCTRL_INST/I
                         IBUFCTRL (Prop_IBUFCTRL_I_O)
                                                      0.000     0.331 r  clk_i_IBUF_inst/IBUFCTRL_INST/O
                         net (fo=2, unplaced)         0.292     0.623    core_clock_gate_i/clk_i_IBUF
                                                                      r  core_clock_gate_i/clk_BUFG_inst_i_1/I0
                         LUT2 (Prop_LUT2_I0_O)        0.036     0.659 r  core_clock_gate_i/clk_BUFG_inst_i_1/O
                         net (fo=1, unplaced)         0.282     0.941    clk
                                                                      r  clk_BUFG_inst/I
                         BUFGCE (Prop_BUFGCE_I_O)     0.024     0.965 r  clk_BUFG_inst/O
                         net (fo=5360, unplaced)      2.439     3.404    u_cve2_core/cs_registers_i/gen_cntrs[2].gen_imp.mcounters_variable_i/clk_BUFG
                         FDRE                                         r  u_cve2_core/cs_registers_i/gen_cntrs[2].gen_imp.mcounters_variable_i/counter_q_reg[15]/C

Slack:                    inf
  Source:                 data_err_i
                            (input port)
  Destination:            u_cve2_core/cs_registers_i/gen_cntrs[2].gen_imp.mcounters_variable_i/counter_q_reg[16]/CE
                            (rising edge-triggered cell FDRE clocked by clk_i  {rise@0.000ns fall@4.000ns period=8.000ns})
  Path Group:             (none)
  Path Type:              Setup (Max at Slow Process Corner)
  Data Path Delay:        4.419ns  (logic 1.289ns (29.169%)  route 3.130ns (70.831%))
  Logic Levels:           15  (IBUFCTRL=1 INBUF=1 LUT2=1 LUT3=2 LUT4=1 LUT5=3 LUT6=6)
  Clock Path Skew:        3.404ns (DCD - SCD + CPR)
    Destination Clock Delay (DCD):    3.404ns
    Source Clock Delay      (SCD):    0.000ns
    Clock Pessimism Removal (CPR):    0.000ns
  Clock Uncertainty:      0.025ns  ((TSJ^2 + TIJ^2)^1/2 + DJ) / 2 + PE
    Total System Jitter     (TSJ):    0.050ns
    Total Input Jitter      (TIJ):    0.000ns
    Discrete Jitter          (DJ):    0.000ns
    Phase Error              (PE):    0.000ns

    Location             Delay type                Incr(ns)  Path(ns)    Netlist Resource(s)
  -------------------------------------------------------------------    -------------------
                                                      0.000     0.000 f  data_err_i (IN)
                         net (fo=0)                   0.000     0.000    data_err_i_IBUF_inst/I
                                                                      f  data_err_i_IBUF_inst/INBUF_INST/PAD
                         INBUF (Prop_INBUF_PAD_O)     0.582     0.582 f  data_err_i_IBUF_inst/INBUF_INST/O
                         net (fo=1, unplaced)         0.000     0.582    data_err_i_IBUF_inst/OUT
                                                                      f  data_err_i_IBUF_inst/IBUFCTRL_INST/I
                         IBUFCTRL (Prop_IBUFCTRL_I_O)
                                                      0.000     0.582 f  data_err_i_IBUF_inst/IBUFCTRL_INST/O
                         net (fo=8, unplaced)         0.480     1.062    u_cve2_core/vec_unit_i/i_vrf/data_err_i_IBUF
                                                                      f  u_cve2_core/vec_unit_i/i_vrf/FSM_sequential_state_q[1]_i_10/I0
                         LUT3 (Prop_LUT3_I0_O)        0.090     1.152 f  u_cve2_core/vec_unit_i/i_vrf/FSM_sequential_state_q[1]_i_10/O
                         net (fo=5, unplaced)         0.204     1.356    u_cve2_core/vec_unit_i/i_vrf/req_valid_q_reg
                                                                      f  u_cve2_core/vec_unit_i/i_vrf/vrf_mem_reg_1_bram_0_i_91/I0
                         LUT5 (Prop_LUT5_I0_O)        0.070     1.426 f  u_cve2_core/vec_unit_i/i_vrf/vrf_mem_reg_1_bram_0_i_91/O
                         net (fo=2, unplaced)         0.186     1.612    u_cve2_core/vec_unit_i/i_vrf/vrf_mem_reg_1_bram_0_i_91_n_0
                                                                      f  u_cve2_core/vec_unit_i/i_vrf/vrf_mem_reg_1_bram_0_i_55/I1
                         LUT5 (Prop_LUT5_I1_O)        0.038     1.650 f  u_cve2_core/vec_unit_i/i_vrf/vrf_mem_reg_1_bram_0_i_55/O
                         net (fo=58, unplaced)        0.210     1.860    u_cve2_core/vec_unit_i/i_vrf_n_177
                                                                      f  u_cve2_core/vec_unit_i/counter_q[31]_i_9/I1
                         LUT4 (Prop_LUT4_I1_O)        0.053     1.913 f  u_cve2_core/vec_unit_i/counter_q[31]_i_9/O
                         net (fo=1, unplaced)         0.141     2.054    u_cve2_core/vec_unit_i/i_vrf/counter_q[31]_i_6_0
                                                                      f  u_cve2_core/vec_unit_i/i_vrf/counter_q[31]_i_8/I1
                         LUT6 (Prop_LUT6_I1_O)        0.100     2.154 f  u_cve2_core/vec_unit_i/i_vrf/counter_q[31]_i_8/O
                         net (fo=1, unplaced)         0.140     2.294    u_cve2_core/vec_unit_i/i_vrf/counter_q[31]_i_8_n_0
                                                                      f  u_cve2_core/vec_unit_i/i_vrf/counter_q[31]_i_6/I0
                         LUT6 (Prop_LUT6_I0_O)        0.090     2.384 r  u_cve2_core/vec_unit_i/i_vrf/counter_q[31]_i_6/O
                         net (fo=1, unplaced)         0.186     2.570    u_cve2_core/if_stage_i/counter_q[31]_i_3
                                                                      r  u_cve2_core/if_stage_i/counter_q[31]_i_5/I4
                         LUT6 (Prop_LUT6_I4_O)        0.038     2.608 r  u_cve2_core/if_stage_i/counter_q[31]_i_5/O
                         net (fo=2, unplaced)         0.186     2.794    u_cve2_core/id_stage_i/controller_i/counter_q_reg[0]_0
                                                                      r  u_cve2_core/id_stage_i/controller_i/counter_q[31]_i_3/I4
                         LUT5 (Prop_LUT5_I4_O)        0.038     2.832 r  u_cve2_core/id_stage_i/controller_i/counter_q[31]_i_3/O
                         net (fo=4, unplaced)         0.198     3.030    u_cve2_core/id_stage_i/controller_i/id_fsm_q_reg_2
                                                                      r  u_cve2_core/id_stage_i/controller_i/perf_instr_ret_wb_o_i_14/I5
                         LUT6 (Prop_LUT6_I5_O)        0.038     3.068 f  u_cve2_core/id_stage_i/controller_i/perf_instr_ret_wb_o_i_14/O
                         net (fo=7, unplaced)         0.211     3.279    u_cve2_core/if_stage_i/ctrl_fsm_cs_reg[1]_0
                                                                      f  u_cve2_core/if_stage_i/counter_q[39]_i_4/I1
                         LUT6 (Prop_LUT6_I1_O)        0.038     3.317 r  u_cve2_core/if_stage_i/counter_q[39]_i_4/O
                         net (fo=66, unplaced)        0.262     3.579    u_cve2_core/if_stage_i/ctrl_fsm_cs_reg[1]
                                                                      r  u_cve2_core/if_stage_i/counter_q[39]_i_3__1/I1
                         LUT2 (Prop_LUT2_I1_O)        0.038     3.617 f  u_cve2_core/if_stage_i/counter_q[39]_i_3__1/O
                         net (fo=111, unplaced)       0.274     3.891    u_cve2_core/if_stage_i/counter_q[39]_i_3__1_n_0
                                                                      f  u_cve2_core/if_stage_i/counter_q[39]_i_3__0/I5
                         LUT6 (Prop_LUT6_I5_O)        0.038     3.929 r  u_cve2_core/if_stage_i/counter_q[39]_i_3__0/O
                         net (fo=42, unplaced)        0.252     4.181    u_cve2_core/if_stage_i/cs_registers_i/gen_cntrs[2].gen_imp.mcounters_variable_i/we
                                                                      r  u_cve2_core/if_stage_i/counter_q[31]_i_1__3/I1
                         LUT3 (Prop_LUT3_I1_O)        0.038     4.219 r  u_cve2_core/if_stage_i/counter_q[31]_i_1__3/O
                         net (fo=32, unplaced)        0.200     4.419    u_cve2_core/cs_registers_i/gen_cntrs[2].gen_imp.mcounters_variable_i/counter_q_reg[32]_0[0]
                         FDRE                                         r  u_cve2_core/cs_registers_i/gen_cntrs[2].gen_imp.mcounters_variable_i/counter_q_reg[16]/CE
  -------------------------------------------------------------------    -------------------

                         (clock clk_i rise edge)      0.000     0.000 r  
                                                      0.000     0.000 r  clk_i (IN)
                         net (fo=0)                   0.000     0.000    clk_i_IBUF_inst/I
                                                                      r  clk_i_IBUF_inst/INBUF_INST/PAD
                         INBUF (Prop_INBUF_PAD_O)     0.331     0.331 r  clk_i_IBUF_inst/INBUF_INST/O
                         net (fo=1, unplaced)         0.000     0.331    clk_i_IBUF_inst/OUT
                                                                      r  clk_i_IBUF_inst/IBUFCTRL_INST/I
                         IBUFCTRL (Prop_IBUFCTRL_I_O)
                                                      0.000     0.331 r  clk_i_IBUF_inst/IBUFCTRL_INST/O
                         net (fo=2, unplaced)         0.292     0.623    core_clock_gate_i/clk_i_IBUF
                                                                      r  core_clock_gate_i/clk_BUFG_inst_i_1/I0
                         LUT2 (Prop_LUT2_I0_O)        0.036     0.659 r  core_clock_gate_i/clk_BUFG_inst_i_1/O
                         net (fo=1, unplaced)         0.282     0.941    clk
                                                                      r  clk_BUFG_inst/I
                         BUFGCE (Prop_BUFGCE_I_O)     0.024     0.965 r  clk_BUFG_inst/O
                         net (fo=5360, unplaced)      2.439     3.404    u_cve2_core/cs_registers_i/gen_cntrs[2].gen_imp.mcounters_variable_i/clk_BUFG
                         FDRE                                         r  u_cve2_core/cs_registers_i/gen_cntrs[2].gen_imp.mcounters_variable_i/counter_q_reg[16]/C

Slack:                    inf
  Source:                 data_err_i
                            (input port)
  Destination:            u_cve2_core/cs_registers_i/gen_cntrs[2].gen_imp.mcounters_variable_i/counter_q_reg[17]/CE
                            (rising edge-triggered cell FDRE clocked by clk_i  {rise@0.000ns fall@4.000ns period=8.000ns})
  Path Group:             (none)
  Path Type:              Setup (Max at Slow Process Corner)
  Data Path Delay:        4.419ns  (logic 1.289ns (29.169%)  route 3.130ns (70.831%))
  Logic Levels:           15  (IBUFCTRL=1 INBUF=1 LUT2=1 LUT3=2 LUT4=1 LUT5=3 LUT6=6)
  Clock Path Skew:        3.404ns (DCD - SCD + CPR)
    Destination Clock Delay (DCD):    3.404ns
    Source Clock Delay      (SCD):    0.000ns
    Clock Pessimism Removal (CPR):    0.000ns
  Clock Uncertainty:      0.025ns  ((TSJ^2 + TIJ^2)^1/2 + DJ) / 2 + PE
    Total System Jitter     (TSJ):    0.050ns
    Total Input Jitter      (TIJ):    0.000ns
    Discrete Jitter          (DJ):    0.000ns
    Phase Error              (PE):    0.000ns

    Location             Delay type                Incr(ns)  Path(ns)    Netlist Resource(s)
  -------------------------------------------------------------------    -------------------
                                                      0.000     0.000 f  data_err_i (IN)
                         net (fo=0)                   0.000     0.000    data_err_i_IBUF_inst/I
                                                                      f  data_err_i_IBUF_inst/INBUF_INST/PAD
                         INBUF (Prop_INBUF_PAD_O)     0.582     0.582 f  data_err_i_IBUF_inst/INBUF_INST/O
                         net (fo=1, unplaced)         0.000     0.582    data_err_i_IBUF_inst/OUT
                                                                      f  data_err_i_IBUF_inst/IBUFCTRL_INST/I
                         IBUFCTRL (Prop_IBUFCTRL_I_O)
                                                      0.000     0.582 f  data_err_i_IBUF_inst/IBUFCTRL_INST/O
                         net (fo=8, unplaced)         0.480     1.062    u_cve2_core/vec_unit_i/i_vrf/data_err_i_IBUF
                                                                      f  u_cve2_core/vec_unit_i/i_vrf/FSM_sequential_state_q[1]_i_10/I0
                         LUT3 (Prop_LUT3_I0_O)        0.090     1.152 f  u_cve2_core/vec_unit_i/i_vrf/FSM_sequential_state_q[1]_i_10/O
                         net (fo=5, unplaced)         0.204     1.356    u_cve2_core/vec_unit_i/i_vrf/req_valid_q_reg
                                                                      f  u_cve2_core/vec_unit_i/i_vrf/vrf_mem_reg_1_bram_0_i_91/I0
                         LUT5 (Prop_LUT5_I0_O)        0.070     1.426 f  u_cve2_core/vec_unit_i/i_vrf/vrf_mem_reg_1_bram_0_i_91/O
                         net (fo=2, unplaced)         0.186     1.612    u_cve2_core/vec_unit_i/i_vrf/vrf_mem_reg_1_bram_0_i_91_n_0
                                                                      f  u_cve2_core/vec_unit_i/i_vrf/vrf_mem_reg_1_bram_0_i_55/I1
                         LUT5 (Prop_LUT5_I1_O)        0.038     1.650 f  u_cve2_core/vec_unit_i/i_vrf/vrf_mem_reg_1_bram_0_i_55/O
                         net (fo=58, unplaced)        0.210     1.860    u_cve2_core/vec_unit_i/i_vrf_n_177
                                                                      f  u_cve2_core/vec_unit_i/counter_q[31]_i_9/I1
                         LUT4 (Prop_LUT4_I1_O)        0.053     1.913 f  u_cve2_core/vec_unit_i/counter_q[31]_i_9/O
                         net (fo=1, unplaced)         0.141     2.054    u_cve2_core/vec_unit_i/i_vrf/counter_q[31]_i_6_0
                                                                      f  u_cve2_core/vec_unit_i/i_vrf/counter_q[31]_i_8/I1
                         LUT6 (Prop_LUT6_I1_O)        0.100     2.154 f  u_cve2_core/vec_unit_i/i_vrf/counter_q[31]_i_8/O
                         net (fo=1, unplaced)         0.140     2.294    u_cve2_core/vec_unit_i/i_vrf/counter_q[31]_i_8_n_0
                                                                      f  u_cve2_core/vec_unit_i/i_vrf/counter_q[31]_i_6/I0
                         LUT6 (Prop_LUT6_I0_O)        0.090     2.384 r  u_cve2_core/vec_unit_i/i_vrf/counter_q[31]_i_6/O
                         net (fo=1, unplaced)         0.186     2.570    u_cve2_core/if_stage_i/counter_q[31]_i_3
                                                                      r  u_cve2_core/if_stage_i/counter_q[31]_i_5/I4
                         LUT6 (Prop_LUT6_I4_O)        0.038     2.608 r  u_cve2_core/if_stage_i/counter_q[31]_i_5/O
                         net (fo=2, unplaced)         0.186     2.794    u_cve2_core/id_stage_i/controller_i/counter_q_reg[0]_0
                                                                      r  u_cve2_core/id_stage_i/controller_i/counter_q[31]_i_3/I4
                         LUT5 (Prop_LUT5_I4_O)        0.038     2.832 r  u_cve2_core/id_stage_i/controller_i/counter_q[31]_i_3/O
                         net (fo=4, unplaced)         0.198     3.030    u_cve2_core/id_stage_i/controller_i/id_fsm_q_reg_2
                                                                      r  u_cve2_core/id_stage_i/controller_i/perf_instr_ret_wb_o_i_14/I5
                         LUT6 (Prop_LUT6_I5_O)        0.038     3.068 f  u_cve2_core/id_stage_i/controller_i/perf_instr_ret_wb_o_i_14/O
                         net (fo=7, unplaced)         0.211     3.279    u_cve2_core/if_stage_i/ctrl_fsm_cs_reg[1]_0
                                                                      f  u_cve2_core/if_stage_i/counter_q[39]_i_4/I1
                         LUT6 (Prop_LUT6_I1_O)        0.038     3.317 r  u_cve2_core/if_stage_i/counter_q[39]_i_4/O
                         net (fo=66, unplaced)        0.262     3.579    u_cve2_core/if_stage_i/ctrl_fsm_cs_reg[1]
                                                                      r  u_cve2_core/if_stage_i/counter_q[39]_i_3__1/I1
                         LUT2 (Prop_LUT2_I1_O)        0.038     3.617 f  u_cve2_core/if_stage_i/counter_q[39]_i_3__1/O
                         net (fo=111, unplaced)       0.274     3.891    u_cve2_core/if_stage_i/counter_q[39]_i_3__1_n_0
                                                                      f  u_cve2_core/if_stage_i/counter_q[39]_i_3__0/I5
                         LUT6 (Prop_LUT6_I5_O)        0.038     3.929 r  u_cve2_core/if_stage_i/counter_q[39]_i_3__0/O
                         net (fo=42, unplaced)        0.252     4.181    u_cve2_core/if_stage_i/cs_registers_i/gen_cntrs[2].gen_imp.mcounters_variable_i/we
                                                                      r  u_cve2_core/if_stage_i/counter_q[31]_i_1__3/I1
                         LUT3 (Prop_LUT3_I1_O)        0.038     4.219 r  u_cve2_core/if_stage_i/counter_q[31]_i_1__3/O
                         net (fo=32, unplaced)        0.200     4.419    u_cve2_core/cs_registers_i/gen_cntrs[2].gen_imp.mcounters_variable_i/counter_q_reg[32]_0[0]
                         FDRE                                         r  u_cve2_core/cs_registers_i/gen_cntrs[2].gen_imp.mcounters_variable_i/counter_q_reg[17]/CE
  -------------------------------------------------------------------    -------------------

                         (clock clk_i rise edge)      0.000     0.000 r  
                                                      0.000     0.000 r  clk_i (IN)
                         net (fo=0)                   0.000     0.000    clk_i_IBUF_inst/I
                                                                      r  clk_i_IBUF_inst/INBUF_INST/PAD
                         INBUF (Prop_INBUF_PAD_O)     0.331     0.331 r  clk_i_IBUF_inst/INBUF_INST/O
                         net (fo=1, unplaced)         0.000     0.331    clk_i_IBUF_inst/OUT
                                                                      r  clk_i_IBUF_inst/IBUFCTRL_INST/I
                         IBUFCTRL (Prop_IBUFCTRL_I_O)
                                                      0.000     0.331 r  clk_i_IBUF_inst/IBUFCTRL_INST/O
                         net (fo=2, unplaced)         0.292     0.623    core_clock_gate_i/clk_i_IBUF
                                                                      r  core_clock_gate_i/clk_BUFG_inst_i_1/I0
                         LUT2 (Prop_LUT2_I0_O)        0.036     0.659 r  core_clock_gate_i/clk_BUFG_inst_i_1/O
                         net (fo=1, unplaced)         0.282     0.941    clk
                                                                      r  clk_BUFG_inst/I
                         BUFGCE (Prop_BUFGCE_I_O)     0.024     0.965 r  clk_BUFG_inst/O
                         net (fo=5360, unplaced)      2.439     3.404    u_cve2_core/cs_registers_i/gen_cntrs[2].gen_imp.mcounters_variable_i/clk_BUFG
                         FDRE                                         r  u_cve2_core/cs_registers_i/gen_cntrs[2].gen_imp.mcounters_variable_i/counter_q_reg[17]/C

Slack:                    inf
  Source:                 data_err_i
                            (input port)
  Destination:            u_cve2_core/cs_registers_i/gen_cntrs[2].gen_imp.mcounters_variable_i/counter_q_reg[18]/CE
                            (rising edge-triggered cell FDRE clocked by clk_i  {rise@0.000ns fall@4.000ns period=8.000ns})
  Path Group:             (none)
  Path Type:              Setup (Max at Slow Process Corner)
  Data Path Delay:        4.419ns  (logic 1.289ns (29.169%)  route 3.130ns (70.831%))
  Logic Levels:           15  (IBUFCTRL=1 INBUF=1 LUT2=1 LUT3=2 LUT4=1 LUT5=3 LUT6=6)
  Clock Path Skew:        3.404ns (DCD - SCD + CPR)
    Destination Clock Delay (DCD):    3.404ns
    Source Clock Delay      (SCD):    0.000ns
    Clock Pessimism Removal (CPR):    0.000ns
  Clock Uncertainty:      0.025ns  ((TSJ^2 + TIJ^2)^1/2 + DJ) / 2 + PE
    Total System Jitter     (TSJ):    0.050ns
    Total Input Jitter      (TIJ):    0.000ns
    Discrete Jitter          (DJ):    0.000ns
    Phase Error              (PE):    0.000ns

    Location             Delay type                Incr(ns)  Path(ns)    Netlist Resource(s)
  -------------------------------------------------------------------    -------------------
                                                      0.000     0.000 f  data_err_i (IN)
                         net (fo=0)                   0.000     0.000    data_err_i_IBUF_inst/I
                                                                      f  data_err_i_IBUF_inst/INBUF_INST/PAD
                         INBUF (Prop_INBUF_PAD_O)     0.582     0.582 f  data_err_i_IBUF_inst/INBUF_INST/O
                         net (fo=1, unplaced)         0.000     0.582    data_err_i_IBUF_inst/OUT
                                                                      f  data_err_i_IBUF_inst/IBUFCTRL_INST/I
                         IBUFCTRL (Prop_IBUFCTRL_I_O)
                                                      0.000     0.582 f  data_err_i_IBUF_inst/IBUFCTRL_INST/O
                         net (fo=8, unplaced)         0.480     1.062    u_cve2_core/vec_unit_i/i_vrf/data_err_i_IBUF
                                                                      f  u_cve2_core/vec_unit_i/i_vrf/FSM_sequential_state_q[1]_i_10/I0
                         LUT3 (Prop_LUT3_I0_O)        0.090     1.152 f  u_cve2_core/vec_unit_i/i_vrf/FSM_sequential_state_q[1]_i_10/O
                         net (fo=5, unplaced)         0.204     1.356    u_cve2_core/vec_unit_i/i_vrf/req_valid_q_reg
                                                                      f  u_cve2_core/vec_unit_i/i_vrf/vrf_mem_reg_1_bram_0_i_91/I0
                         LUT5 (Prop_LUT5_I0_O)        0.070     1.426 f  u_cve2_core/vec_unit_i/i_vrf/vrf_mem_reg_1_bram_0_i_91/O
                         net (fo=2, unplaced)         0.186     1.612    u_cve2_core/vec_unit_i/i_vrf/vrf_mem_reg_1_bram_0_i_91_n_0
                                                                      f  u_cve2_core/vec_unit_i/i_vrf/vrf_mem_reg_1_bram_0_i_55/I1
                         LUT5 (Prop_LUT5_I1_O)        0.038     1.650 f  u_cve2_core/vec_unit_i/i_vrf/vrf_mem_reg_1_bram_0_i_55/O
                         net (fo=58, unplaced)        0.210     1.860    u_cve2_core/vec_unit_i/i_vrf_n_177
                                                                      f  u_cve2_core/vec_unit_i/counter_q[31]_i_9/I1
                         LUT4 (Prop_LUT4_I1_O)        0.053     1.913 f  u_cve2_core/vec_unit_i/counter_q[31]_i_9/O
                         net (fo=1, unplaced)         0.141     2.054    u_cve2_core/vec_unit_i/i_vrf/counter_q[31]_i_6_0
                                                                      f  u_cve2_core/vec_unit_i/i_vrf/counter_q[31]_i_8/I1
                         LUT6 (Prop_LUT6_I1_O)        0.100     2.154 f  u_cve2_core/vec_unit_i/i_vrf/counter_q[31]_i_8/O
                         net (fo=1, unplaced)         0.140     2.294    u_cve2_core/vec_unit_i/i_vrf/counter_q[31]_i_8_n_0
                                                                      f  u_cve2_core/vec_unit_i/i_vrf/counter_q[31]_i_6/I0
                         LUT6 (Prop_LUT6_I0_O)        0.090     2.384 r  u_cve2_core/vec_unit_i/i_vrf/counter_q[31]_i_6/O
                         net (fo=1, unplaced)         0.186     2.570    u_cve2_core/if_stage_i/counter_q[31]_i_3
                                                                      r  u_cve2_core/if_stage_i/counter_q[31]_i_5/I4
                         LUT6 (Prop_LUT6_I4_O)        0.038     2.608 r  u_cve2_core/if_stage_i/counter_q[31]_i_5/O
                         net (fo=2, unplaced)         0.186     2.794    u_cve2_core/id_stage_i/controller_i/counter_q_reg[0]_0
                                                                      r  u_cve2_core/id_stage_i/controller_i/counter_q[31]_i_3/I4
                         LUT5 (Prop_LUT5_I4_O)        0.038     2.832 r  u_cve2_core/id_stage_i/controller_i/counter_q[31]_i_3/O
                         net (fo=4, unplaced)         0.198     3.030    u_cve2_core/id_stage_i/controller_i/id_fsm_q_reg_2
                                                                      r  u_cve2_core/id_stage_i/controller_i/perf_instr_ret_wb_o_i_14/I5
                         LUT6 (Prop_LUT6_I5_O)        0.038     3.068 f  u_cve2_core/id_stage_i/controller_i/perf_instr_ret_wb_o_i_14/O
                         net (fo=7, unplaced)         0.211     3.279    u_cve2_core/if_stage_i/ctrl_fsm_cs_reg[1]_0
                                                                      f  u_cve2_core/if_stage_i/counter_q[39]_i_4/I1
                         LUT6 (Prop_LUT6_I1_O)        0.038     3.317 r  u_cve2_core/if_stage_i/counter_q[39]_i_4/O
                         net (fo=66, unplaced)        0.262     3.579    u_cve2_core/if_stage_i/ctrl_fsm_cs_reg[1]
                                                                      r  u_cve2_core/if_stage_i/counter_q[39]_i_3__1/I1
                         LUT2 (Prop_LUT2_I1_O)        0.038     3.617 f  u_cve2_core/if_stage_i/counter_q[39]_i_3__1/O
                         net (fo=111, unplaced)       0.274     3.891    u_cve2_core/if_stage_i/counter_q[39]_i_3__1_n_0
                                                                      f  u_cve2_core/if_stage_i/counter_q[39]_i_3__0/I5
                         LUT6 (Prop_LUT6_I5_O)        0.038     3.929 r  u_cve2_core/if_stage_i/counter_q[39]_i_3__0/O
                         net (fo=42, unplaced)        0.252     4.181    u_cve2_core/if_stage_i/cs_registers_i/gen_cntrs[2].gen_imp.mcounters_variable_i/we
                                                                      r  u_cve2_core/if_stage_i/counter_q[31]_i_1__3/I1
                         LUT3 (Prop_LUT3_I1_O)        0.038     4.219 r  u_cve2_core/if_stage_i/counter_q[31]_i_1__3/O
                         net (fo=32, unplaced)        0.200     4.419    u_cve2_core/cs_registers_i/gen_cntrs[2].gen_imp.mcounters_variable_i/counter_q_reg[32]_0[0]
                         FDRE                                         r  u_cve2_core/cs_registers_i/gen_cntrs[2].gen_imp.mcounters_variable_i/counter_q_reg[18]/CE
  -------------------------------------------------------------------    -------------------

                         (clock clk_i rise edge)      0.000     0.000 r  
                                                      0.000     0.000 r  clk_i (IN)
                         net (fo=0)                   0.000     0.000    clk_i_IBUF_inst/I
                                                                      r  clk_i_IBUF_inst/INBUF_INST/PAD
                         INBUF (Prop_INBUF_PAD_O)     0.331     0.331 r  clk_i_IBUF_inst/INBUF_INST/O
                         net (fo=1, unplaced)         0.000     0.331    clk_i_IBUF_inst/OUT
                                                                      r  clk_i_IBUF_inst/IBUFCTRL_INST/I
                         IBUFCTRL (Prop_IBUFCTRL_I_O)
                                                      0.000     0.331 r  clk_i_IBUF_inst/IBUFCTRL_INST/O
                         net (fo=2, unplaced)         0.292     0.623    core_clock_gate_i/clk_i_IBUF
                                                                      r  core_clock_gate_i/clk_BUFG_inst_i_1/I0
                         LUT2 (Prop_LUT2_I0_O)        0.036     0.659 r  core_clock_gate_i/clk_BUFG_inst_i_1/O
                         net (fo=1, unplaced)         0.282     0.941    clk
                                                                      r  clk_BUFG_inst/I
                         BUFGCE (Prop_BUFGCE_I_O)     0.024     0.965 r  clk_BUFG_inst/O
                         net (fo=5360, unplaced)      2.439     3.404    u_cve2_core/cs_registers_i/gen_cntrs[2].gen_imp.mcounters_variable_i/clk_BUFG
                         FDRE                                         r  u_cve2_core/cs_registers_i/gen_cntrs[2].gen_imp.mcounters_variable_i/counter_q_reg[18]/C





Min Delay Paths
--------------------------------------------------------------------------------------
Slack:                    inf
  Source:                 instr_rdata_i[10]
                            (input port)
  Destination:            u_cve2_core/if_stage_i/prefetch_buffer_i/fifo_i/g_fifo_regs[0].rdata_q_reg[0][10]/D
                            (rising edge-triggered cell FDCE clocked by clk_i  {rise@0.000ns fall@4.000ns period=8.000ns})
  Path Group:             (none)
  Path Type:              Hold (Min at Fast Process Corner)
  Data Path Delay:        0.451ns  (logic 0.230ns (51.032%)  route 0.221ns (48.968%))
  Logic Levels:           3  (IBUFCTRL=1 INBUF=1 LUT3=1)
  Clock Path Skew:        2.287ns (DCD - SCD - CPR)
    Destination Clock Delay (DCD):    2.287ns
    Source Clock Delay      (SCD):    0.000ns
    Clock Pessimism Removal (CPR):    -0.000ns

    Location             Delay type                Incr(ns)  Path(ns)    Netlist Resource(s)
  -------------------------------------------------------------------    -------------------
                                                      0.000     0.000 r  instr_rdata_i[10] (IN)
                         net (fo=0)                   0.000     0.000    instr_rdata_i_IBUF[10]_inst/I
                                                                      r  instr_rdata_i_IBUF[10]_inst/INBUF_INST/PAD
                         INBUF (Prop_INBUF_PAD_O)     0.216     0.216 r  instr_rdata_i_IBUF[10]_inst/INBUF_INST/O
                         net (fo=1, unplaced)         0.000     0.216    instr_rdata_i_IBUF[10]_inst/OUT
                                                                      r  instr_rdata_i_IBUF[10]_inst/IBUFCTRL_INST/I
                         IBUFCTRL (Prop_IBUFCTRL_I_O)
                                                      0.000     0.216 r  instr_rdata_i_IBUF[10]_inst/IBUFCTRL_INST/O
                         net (fo=5, unplaced)         0.205     0.421    u_cve2_core/if_stage_i/prefetch_buffer_i/fifo_i/instr_rdata_i_IBUF[10]
                                                                      r  u_cve2_core/if_stage_i/prefetch_buffer_i/fifo_i/g_fifo_regs[0].rdata_q[0][10]_i_1/I2
                         LUT3 (Prop_LUT3_I2_O)        0.014     0.435 r  u_cve2_core/if_stage_i/prefetch_buffer_i/fifo_i/g_fifo_regs[0].rdata_q[0][10]_i_1/O
                         net (fo=1, unplaced)         0.016     0.451    u_cve2_core/if_stage_i/prefetch_buffer_i/fifo_i/rdata_d[0]_37[10]
                         FDCE                                         r  u_cve2_core/if_stage_i/prefetch_buffer_i/fifo_i/g_fifo_regs[0].rdata_q_reg[0][10]/D
  -------------------------------------------------------------------    -------------------

                         (clock clk_i rise edge)      0.000     0.000 r  
                                                      0.000     0.000 r  clk_i (IN)
                         net (fo=0)                   0.000     0.000    clk_i_IBUF_inst/I
                                                                      r  clk_i_IBUF_inst/INBUF_INST/PAD
                         INBUF (Prop_INBUF_PAD_O)     0.402     0.402 r  clk_i_IBUF_inst/INBUF_INST/O
                         net (fo=1, unplaced)         0.000     0.402    clk_i_IBUF_inst/OUT
                                                                      r  clk_i_IBUF_inst/IBUFCTRL_INST/I
                         IBUFCTRL (Prop_IBUFCTRL_I_O)
                                                      0.000     0.402 r  clk_i_IBUF_inst/IBUFCTRL_INST/O
                         net (fo=2, unplaced)         0.304     0.706    core_clock_gate_i/clk_i_IBUF
                                                                      r  core_clock_gate_i/clk_BUFG_inst_i_1/I0
                         LUT2 (Prop_LUT2_I0_O)        0.034     0.740 r  core_clock_gate_i/clk_BUFG_inst_i_1/O
                         net (fo=1, unplaced)         0.269     1.009    clk
                                                                      r  clk_BUFG_inst/I
                         BUFGCE (Prop_BUFGCE_I_O)     0.019     1.028 r  clk_BUFG_inst/O
                         net (fo=5360, unplaced)      1.259     2.287    u_cve2_core/if_stage_i/prefetch_buffer_i/fifo_i/clk_BUFG
                         FDCE                                         r  u_cve2_core/if_stage_i/prefetch_buffer_i/fifo_i/g_fifo_regs[0].rdata_q_reg[0][10]/C

Slack:                    inf
  Source:                 instr_rdata_i[11]
                            (input port)
  Destination:            u_cve2_core/if_stage_i/prefetch_buffer_i/fifo_i/g_fifo_regs[0].rdata_q_reg[0][11]/D
                            (rising edge-triggered cell FDCE clocked by clk_i  {rise@0.000ns fall@4.000ns period=8.000ns})
  Path Group:             (none)
  Path Type:              Hold (Min at Fast Process Corner)
  Data Path Delay:        0.451ns  (logic 0.230ns (51.032%)  route 0.221ns (48.968%))
  Logic Levels:           3  (IBUFCTRL=1 INBUF=1 LUT3=1)
  Clock Path Skew:        2.287ns (DCD - SCD - CPR)
    Destination Clock Delay (DCD):    2.287ns
    Source Clock Delay      (SCD):    0.000ns
    Clock Pessimism Removal (CPR):    -0.000ns

    Location             Delay type                Incr(ns)  Path(ns)    Netlist Resource(s)
  -------------------------------------------------------------------    -------------------
                                                      0.000     0.000 r  instr_rdata_i[11] (IN)
                         net (fo=0)                   0.000     0.000    instr_rdata_i_IBUF[11]_inst/I
                                                                      r  instr_rdata_i_IBUF[11]_inst/INBUF_INST/PAD
                         INBUF (Prop_INBUF_PAD_O)     0.216     0.216 r  instr_rdata_i_IBUF[11]_inst/INBUF_INST/O
                         net (fo=1, unplaced)         0.000     0.216    instr_rdata_i_IBUF[11]_inst/OUT
                                                                      r  instr_rdata_i_IBUF[11]_inst/IBUFCTRL_INST/I
                         IBUFCTRL (Prop_IBUFCTRL_I_O)
                                                      0.000     0.216 r  instr_rdata_i_IBUF[11]_inst/IBUFCTRL_INST/O
                         net (fo=5, unplaced)         0.205     0.421    u_cve2_core/if_stage_i/prefetch_buffer_i/fifo_i/instr_rdata_i_IBUF[11]
                                                                      r  u_cve2_core/if_stage_i/prefetch_buffer_i/fifo_i/g_fifo_regs[0].rdata_q[0][11]_i_1/I2
                         LUT3 (Prop_LUT3_I2_O)        0.014     0.435 r  u_cve2_core/if_stage_i/prefetch_buffer_i/fifo_i/g_fifo_regs[0].rdata_q[0][11]_i_1/O
                         net (fo=1, unplaced)         0.016     0.451    u_cve2_core/if_stage_i/prefetch_buffer_i/fifo_i/rdata_d[0]_37[11]
                         FDCE                                         r  u_cve2_core/if_stage_i/prefetch_buffer_i/fifo_i/g_fifo_regs[0].rdata_q_reg[0][11]/D
  -------------------------------------------------------------------    -------------------

                         (clock clk_i rise edge)      0.000     0.000 r  
                                                      0.000     0.000 r  clk_i (IN)
                         net (fo=0)                   0.000     0.000    clk_i_IBUF_inst/I
                                                                      r  clk_i_IBUF_inst/INBUF_INST/PAD
                         INBUF (Prop_INBUF_PAD_O)     0.402     0.402 r  clk_i_IBUF_inst/INBUF_INST/O
                         net (fo=1, unplaced)         0.000     0.402    clk_i_IBUF_inst/OUT
                                                                      r  clk_i_IBUF_inst/IBUFCTRL_INST/I
                         IBUFCTRL (Prop_IBUFCTRL_I_O)
                                                      0.000     0.402 r  clk_i_IBUF_inst/IBUFCTRL_INST/O
                         net (fo=2, unplaced)         0.304     0.706    core_clock_gate_i/clk_i_IBUF
                                                                      r  core_clock_gate_i/clk_BUFG_inst_i_1/I0
                         LUT2 (Prop_LUT2_I0_O)        0.034     0.740 r  core_clock_gate_i/clk_BUFG_inst_i_1/O
                         net (fo=1, unplaced)         0.269     1.009    clk
                                                                      r  clk_BUFG_inst/I
                         BUFGCE (Prop_BUFGCE_I_O)     0.019     1.028 r  clk_BUFG_inst/O
                         net (fo=5360, unplaced)      1.259     2.287    u_cve2_core/if_stage_i/prefetch_buffer_i/fifo_i/clk_BUFG
                         FDCE                                         r  u_cve2_core/if_stage_i/prefetch_buffer_i/fifo_i/g_fifo_regs[0].rdata_q_reg[0][11]/C

Slack:                    inf
  Source:                 instr_rdata_i[12]
                            (input port)
  Destination:            u_cve2_core/if_stage_i/prefetch_buffer_i/fifo_i/g_fifo_regs[0].rdata_q_reg[0][12]/D
                            (rising edge-triggered cell FDCE clocked by clk_i  {rise@0.000ns fall@4.000ns period=8.000ns})
  Path Group:             (none)
  Path Type:              Hold (Min at Fast Process Corner)
  Data Path Delay:        0.451ns  (logic 0.230ns (51.032%)  route 0.221ns (48.968%))
  Logic Levels:           3  (IBUFCTRL=1 INBUF=1 LUT3=1)
  Clock Path Skew:        2.287ns (DCD - SCD - CPR)
    Destination Clock Delay (DCD):    2.287ns
    Source Clock Delay      (SCD):    0.000ns
    Clock Pessimism Removal (CPR):    -0.000ns

    Location             Delay type                Incr(ns)  Path(ns)    Netlist Resource(s)
  -------------------------------------------------------------------    -------------------
                                                      0.000     0.000 r  instr_rdata_i[12] (IN)
                         net (fo=0)                   0.000     0.000    instr_rdata_i_IBUF[12]_inst/I
                                                                      r  instr_rdata_i_IBUF[12]_inst/INBUF_INST/PAD
                         INBUF (Prop_INBUF_PAD_O)     0.216     0.216 r  instr_rdata_i_IBUF[12]_inst/INBUF_INST/O
                         net (fo=1, unplaced)         0.000     0.216    instr_rdata_i_IBUF[12]_inst/OUT
                                                                      r  instr_rdata_i_IBUF[12]_inst/IBUFCTRL_INST/I
                         IBUFCTRL (Prop_IBUFCTRL_I_O)
                                                      0.000     0.216 r  instr_rdata_i_IBUF[12]_inst/IBUFCTRL_INST/O
                         net (fo=5, unplaced)         0.205     0.421    u_cve2_core/if_stage_i/prefetch_buffer_i/fifo_i/instr_rdata_i_IBUF[12]
                                                                      r  u_cve2_core/if_stage_i/prefetch_buffer_i/fifo_i/g_fifo_regs[0].rdata_q[0][12]_i_1/I2
                         LUT3 (Prop_LUT3_I2_O)        0.014     0.435 r  u_cve2_core/if_stage_i/prefetch_buffer_i/fifo_i/g_fifo_regs[0].rdata_q[0][12]_i_1/O
                         net (fo=1, unplaced)         0.016     0.451    u_cve2_core/if_stage_i/prefetch_buffer_i/fifo_i/rdata_d[0]_37[12]
                         FDCE                                         r  u_cve2_core/if_stage_i/prefetch_buffer_i/fifo_i/g_fifo_regs[0].rdata_q_reg[0][12]/D
  -------------------------------------------------------------------    -------------------

                         (clock clk_i rise edge)      0.000     0.000 r  
                                                      0.000     0.000 r  clk_i (IN)
                         net (fo=0)                   0.000     0.000    clk_i_IBUF_inst/I
                                                                      r  clk_i_IBUF_inst/INBUF_INST/PAD
                         INBUF (Prop_INBUF_PAD_O)     0.402     0.402 r  clk_i_IBUF_inst/INBUF_INST/O
                         net (fo=1, unplaced)         0.000     0.402    clk_i_IBUF_inst/OUT
                                                                      r  clk_i_IBUF_inst/IBUFCTRL_INST/I
                         IBUFCTRL (Prop_IBUFCTRL_I_O)
                                                      0.000     0.402 r  clk_i_IBUF_inst/IBUFCTRL_INST/O
                         net (fo=2, unplaced)         0.304     0.706    core_clock_gate_i/clk_i_IBUF
                                                                      r  core_clock_gate_i/clk_BUFG_inst_i_1/I0
                         LUT2 (Prop_LUT2_I0_O)        0.034     0.740 r  core_clock_gate_i/clk_BUFG_inst_i_1/O
                         net (fo=1, unplaced)         0.269     1.009    clk
                                                                      r  clk_BUFG_inst/I
                         BUFGCE (Prop_BUFGCE_I_O)     0.019     1.028 r  clk_BUFG_inst/O
                         net (fo=5360, unplaced)      1.259     2.287    u_cve2_core/if_stage_i/prefetch_buffer_i/fifo_i/clk_BUFG
                         FDCE                                         r  u_cve2_core/if_stage_i/prefetch_buffer_i/fifo_i/g_fifo_regs[0].rdata_q_reg[0][12]/C

Slack:                    inf
  Source:                 instr_rdata_i[13]
                            (input port)
  Destination:            u_cve2_core/if_stage_i/prefetch_buffer_i/fifo_i/g_fifo_regs[0].rdata_q_reg[0][13]/D
                            (rising edge-triggered cell FDCE clocked by clk_i  {rise@0.000ns fall@4.000ns period=8.000ns})
  Path Group:             (none)
  Path Type:              Hold (Min at Fast Process Corner)
  Data Path Delay:        0.451ns  (logic 0.230ns (51.032%)  route 0.221ns (48.968%))
  Logic Levels:           3  (IBUFCTRL=1 INBUF=1 LUT3=1)
  Clock Path Skew:        2.287ns (DCD - SCD - CPR)
    Destination Clock Delay (DCD):    2.287ns
    Source Clock Delay      (SCD):    0.000ns
    Clock Pessimism Removal (CPR):    -0.000ns

    Location             Delay type                Incr(ns)  Path(ns)    Netlist Resource(s)
  -------------------------------------------------------------------    -------------------
                                                      0.000     0.000 r  instr_rdata_i[13] (IN)
                         net (fo=0)                   0.000     0.000    instr_rdata_i_IBUF[13]_inst/I
                                                                      r  instr_rdata_i_IBUF[13]_inst/INBUF_INST/PAD
                         INBUF (Prop_INBUF_PAD_O)     0.216     0.216 r  instr_rdata_i_IBUF[13]_inst/INBUF_INST/O
                         net (fo=1, unplaced)         0.000     0.216    instr_rdata_i_IBUF[13]_inst/OUT
                                                                      r  instr_rdata_i_IBUF[13]_inst/IBUFCTRL_INST/I
                         IBUFCTRL (Prop_IBUFCTRL_I_O)
                                                      0.000     0.216 r  instr_rdata_i_IBUF[13]_inst/IBUFCTRL_INST/O
                         net (fo=5, unplaced)         0.205     0.421    u_cve2_core/if_stage_i/prefetch_buffer_i/fifo_i/instr_rdata_i_IBUF[13]
                                                                      r  u_cve2_core/if_stage_i/prefetch_buffer_i/fifo_i/g_fifo_regs[0].rdata_q[0][13]_i_1/I2
                         LUT3 (Prop_LUT3_I2_O)        0.014     0.435 r  u_cve2_core/if_stage_i/prefetch_buffer_i/fifo_i/g_fifo_regs[0].rdata_q[0][13]_i_1/O
                         net (fo=1, unplaced)         0.016     0.451    u_cve2_core/if_stage_i/prefetch_buffer_i/fifo_i/rdata_d[0]_37[13]
                         FDCE                                         r  u_cve2_core/if_stage_i/prefetch_buffer_i/fifo_i/g_fifo_regs[0].rdata_q_reg[0][13]/D
  -------------------------------------------------------------------    -------------------

                         (clock clk_i rise edge)      0.000     0.000 r  
                                                      0.000     0.000 r  clk_i (IN)
                         net (fo=0)                   0.000     0.000    clk_i_IBUF_inst/I
                                                                      r  clk_i_IBUF_inst/INBUF_INST/PAD
                         INBUF (Prop_INBUF_PAD_O)     0.402     0.402 r  clk_i_IBUF_inst/INBUF_INST/O
                         net (fo=1, unplaced)         0.000     0.402    clk_i_IBUF_inst/OUT
                                                                      r  clk_i_IBUF_inst/IBUFCTRL_INST/I
                         IBUFCTRL (Prop_IBUFCTRL_I_O)
                                                      0.000     0.402 r  clk_i_IBUF_inst/IBUFCTRL_INST/O
                         net (fo=2, unplaced)         0.304     0.706    core_clock_gate_i/clk_i_IBUF
                                                                      r  core_clock_gate_i/clk_BUFG_inst_i_1/I0
                         LUT2 (Prop_LUT2_I0_O)        0.034     0.740 r  core_clock_gate_i/clk_BUFG_inst_i_1/O
                         net (fo=1, unplaced)         0.269     1.009    clk
                                                                      r  clk_BUFG_inst/I
                         BUFGCE (Prop_BUFGCE_I_O)     0.019     1.028 r  clk_BUFG_inst/O
                         net (fo=5360, unplaced)      1.259     2.287    u_cve2_core/if_stage_i/prefetch_buffer_i/fifo_i/clk_BUFG
                         FDCE                                         r  u_cve2_core/if_stage_i/prefetch_buffer_i/fifo_i/g_fifo_regs[0].rdata_q_reg[0][13]/C

Slack:                    inf
  Source:                 instr_rdata_i[14]
                            (input port)
  Destination:            u_cve2_core/if_stage_i/prefetch_buffer_i/fifo_i/g_fifo_regs[0].rdata_q_reg[0][14]/D
                            (rising edge-triggered cell FDCE clocked by clk_i  {rise@0.000ns fall@4.000ns period=8.000ns})
  Path Group:             (none)
  Path Type:              Hold (Min at Fast Process Corner)
  Data Path Delay:        0.451ns  (logic 0.230ns (51.032%)  route 0.221ns (48.968%))
  Logic Levels:           3  (IBUFCTRL=1 INBUF=1 LUT3=1)
  Clock Path Skew:        2.287ns (DCD - SCD - CPR)
    Destination Clock Delay (DCD):    2.287ns
    Source Clock Delay      (SCD):    0.000ns
    Clock Pessimism Removal (CPR):    -0.000ns

    Location             Delay type                Incr(ns)  Path(ns)    Netlist Resource(s)
  -------------------------------------------------------------------    -------------------
                                                      0.000     0.000 r  instr_rdata_i[14] (IN)
                         net (fo=0)                   0.000     0.000    instr_rdata_i_IBUF[14]_inst/I
                                                                      r  instr_rdata_i_IBUF[14]_inst/INBUF_INST/PAD
                         INBUF (Prop_INBUF_PAD_O)     0.216     0.216 r  instr_rdata_i_IBUF[14]_inst/INBUF_INST/O
                         net (fo=1, unplaced)         0.000     0.216    instr_rdata_i_IBUF[14]_inst/OUT
                                                                      r  instr_rdata_i_IBUF[14]_inst/IBUFCTRL_INST/I
                         IBUFCTRL (Prop_IBUFCTRL_I_O)
                                                      0.000     0.216 r  instr_rdata_i_IBUF[14]_inst/IBUFCTRL_INST/O
                         net (fo=5, unplaced)         0.205     0.421    u_cve2_core/if_stage_i/prefetch_buffer_i/fifo_i/instr_rdata_i_IBUF[14]
                                                                      r  u_cve2_core/if_stage_i/prefetch_buffer_i/fifo_i/g_fifo_regs[0].rdata_q[0][14]_i_1/I2
                         LUT3 (Prop_LUT3_I2_O)        0.014     0.435 r  u_cve2_core/if_stage_i/prefetch_buffer_i/fifo_i/g_fifo_regs[0].rdata_q[0][14]_i_1/O
                         net (fo=1, unplaced)         0.016     0.451    u_cve2_core/if_stage_i/prefetch_buffer_i/fifo_i/rdata_d[0]_37[14]
                         FDCE                                         r  u_cve2_core/if_stage_i/prefetch_buffer_i/fifo_i/g_fifo_regs[0].rdata_q_reg[0][14]/D
  -------------------------------------------------------------------    -------------------

                         (clock clk_i rise edge)      0.000     0.000 r  
                                                      0.000     0.000 r  clk_i (IN)
                         net (fo=0)                   0.000     0.000    clk_i_IBUF_inst/I
                                                                      r  clk_i_IBUF_inst/INBUF_INST/PAD
                         INBUF (Prop_INBUF_PAD_O)     0.402     0.402 r  clk_i_IBUF_inst/INBUF_INST/O
                         net (fo=1, unplaced)         0.000     0.402    clk_i_IBUF_inst/OUT
                                                                      r  clk_i_IBUF_inst/IBUFCTRL_INST/I
                         IBUFCTRL (Prop_IBUFCTRL_I_O)
                                                      0.000     0.402 r  clk_i_IBUF_inst/IBUFCTRL_INST/O
                         net (fo=2, unplaced)         0.304     0.706    core_clock_gate_i/clk_i_IBUF
                                                                      r  core_clock_gate_i/clk_BUFG_inst_i_1/I0
                         LUT2 (Prop_LUT2_I0_O)        0.034     0.740 r  core_clock_gate_i/clk_BUFG_inst_i_1/O
                         net (fo=1, unplaced)         0.269     1.009    clk
                                                                      r  clk_BUFG_inst/I
                         BUFGCE (Prop_BUFGCE_I_O)     0.019     1.028 r  clk_BUFG_inst/O
                         net (fo=5360, unplaced)      1.259     2.287    u_cve2_core/if_stage_i/prefetch_buffer_i/fifo_i/clk_BUFG
                         FDCE                                         r  u_cve2_core/if_stage_i/prefetch_buffer_i/fifo_i/g_fifo_regs[0].rdata_q_reg[0][14]/C

Slack:                    inf
  Source:                 instr_rdata_i[15]
                            (input port)
  Destination:            u_cve2_core/if_stage_i/prefetch_buffer_i/fifo_i/g_fifo_regs[0].rdata_q_reg[0][15]/D
                            (rising edge-triggered cell FDCE clocked by clk_i  {rise@0.000ns fall@4.000ns period=8.000ns})
  Path Group:             (none)
  Path Type:              Hold (Min at Fast Process Corner)
  Data Path Delay:        0.451ns  (logic 0.230ns (51.032%)  route 0.221ns (48.968%))
  Logic Levels:           3  (IBUFCTRL=1 INBUF=1 LUT3=1)
  Clock Path Skew:        2.287ns (DCD - SCD - CPR)
    Destination Clock Delay (DCD):    2.287ns
    Source Clock Delay      (SCD):    0.000ns
    Clock Pessimism Removal (CPR):    -0.000ns

    Location             Delay type                Incr(ns)  Path(ns)    Netlist Resource(s)
  -------------------------------------------------------------------    -------------------
                                                      0.000     0.000 r  instr_rdata_i[15] (IN)
                         net (fo=0)                   0.000     0.000    instr_rdata_i_IBUF[15]_inst/I
                                                                      r  instr_rdata_i_IBUF[15]_inst/INBUF_INST/PAD
                         INBUF (Prop_INBUF_PAD_O)     0.216     0.216 r  instr_rdata_i_IBUF[15]_inst/INBUF_INST/O
                         net (fo=1, unplaced)         0.000     0.216    instr_rdata_i_IBUF[15]_inst/OUT
                                                                      r  instr_rdata_i_IBUF[15]_inst/IBUFCTRL_INST/I
                         IBUFCTRL (Prop_IBUFCTRL_I_O)
                                                      0.000     0.216 r  instr_rdata_i_IBUF[15]_inst/IBUFCTRL_INST/O
                         net (fo=5, unplaced)         0.205     0.421    u_cve2_core/if_stage_i/prefetch_buffer_i/fifo_i/instr_rdata_i_IBUF[15]
                                                                      r  u_cve2_core/if_stage_i/prefetch_buffer_i/fifo_i/g_fifo_regs[0].rdata_q[0][15]_i_1/I2
                         LUT3 (Prop_LUT3_I2_O)        0.014     0.435 r  u_cve2_core/if_stage_i/prefetch_buffer_i/fifo_i/g_fifo_regs[0].rdata_q[0][15]_i_1/O
                         net (fo=1, unplaced)         0.016     0.451    u_cve2_core/if_stage_i/prefetch_buffer_i/fifo_i/rdata_d[0]_37[15]
                         FDCE                                         r  u_cve2_core/if_stage_i/prefetch_buffer_i/fifo_i/g_fifo_regs[0].rdata_q_reg[0][15]/D
  -------------------------------------------------------------------    -------------------

                         (clock clk_i rise edge)      0.000     0.000 r  
                                                      0.000     0.000 r  clk_i (IN)
                         net (fo=0)                   0.000     0.000    clk_i_IBUF_inst/I
                                                                      r  clk_i_IBUF_inst/INBUF_INST/PAD
                         INBUF (Prop_INBUF_PAD_O)     0.402     0.402 r  clk_i_IBUF_inst/INBUF_INST/O
                         net (fo=1, unplaced)         0.000     0.402    clk_i_IBUF_inst/OUT
                                                                      r  clk_i_IBUF_inst/IBUFCTRL_INST/I
                         IBUFCTRL (Prop_IBUFCTRL_I_O)
                                                      0.000     0.402 r  clk_i_IBUF_inst/IBUFCTRL_INST/O
                         net (fo=2, unplaced)         0.304     0.706    core_clock_gate_i/clk_i_IBUF
                                                                      r  core_clock_gate_i/clk_BUFG_inst_i_1/I0
                         LUT2 (Prop_LUT2_I0_O)        0.034     0.740 r  core_clock_gate_i/clk_BUFG_inst_i_1/O
                         net (fo=1, unplaced)         0.269     1.009    clk
                                                                      r  clk_BUFG_inst/I
                         BUFGCE (Prop_BUFGCE_I_O)     0.019     1.028 r  clk_BUFG_inst/O
                         net (fo=5360, unplaced)      1.259     2.287    u_cve2_core/if_stage_i/prefetch_buffer_i/fifo_i/clk_BUFG
                         FDCE                                         r  u_cve2_core/if_stage_i/prefetch_buffer_i/fifo_i/g_fifo_regs[0].rdata_q_reg[0][15]/C

Slack:                    inf
  Source:                 instr_rdata_i[19]
                            (input port)
  Destination:            u_cve2_core/if_stage_i/prefetch_buffer_i/fifo_i/g_fifo_regs[0].rdata_q_reg[0][19]/D
                            (rising edge-triggered cell FDCE clocked by clk_i  {rise@0.000ns fall@4.000ns period=8.000ns})
  Path Group:             (none)
  Path Type:              Hold (Min at Fast Process Corner)
  Data Path Delay:        0.451ns  (logic 0.230ns (51.032%)  route 0.221ns (48.968%))
  Logic Levels:           3  (IBUFCTRL=1 INBUF=1 LUT3=1)
  Clock Path Skew:        2.287ns (DCD - SCD - CPR)
    Destination Clock Delay (DCD):    2.287ns
    Source Clock Delay      (SCD):    0.000ns
    Clock Pessimism Removal (CPR):    -0.000ns

    Location             Delay type                Incr(ns)  Path(ns)    Netlist Resource(s)
  -------------------------------------------------------------------    -------------------
                                                      0.000     0.000 r  instr_rdata_i[19] (IN)
                         net (fo=0)                   0.000     0.000    instr_rdata_i_IBUF[19]_inst/I
                                                                      r  instr_rdata_i_IBUF[19]_inst/INBUF_INST/PAD
                         INBUF (Prop_INBUF_PAD_O)     0.216     0.216 r  instr_rdata_i_IBUF[19]_inst/INBUF_INST/O
                         net (fo=1, unplaced)         0.000     0.216    instr_rdata_i_IBUF[19]_inst/OUT
                                                                      r  instr_rdata_i_IBUF[19]_inst/IBUFCTRL_INST/I
                         IBUFCTRL (Prop_IBUFCTRL_I_O)
                                                      0.000     0.216 r  instr_rdata_i_IBUF[19]_inst/IBUFCTRL_INST/O
                         net (fo=5, unplaced)         0.205     0.421    u_cve2_core/if_stage_i/prefetch_buffer_i/fifo_i/instr_rdata_i_IBUF[19]
                                                                      r  u_cve2_core/if_stage_i/prefetch_buffer_i/fifo_i/g_fifo_regs[0].rdata_q[0][19]_i_1/I2
                         LUT3 (Prop_LUT3_I2_O)        0.014     0.435 r  u_cve2_core/if_stage_i/prefetch_buffer_i/fifo_i/g_fifo_regs[0].rdata_q[0][19]_i_1/O
                         net (fo=1, unplaced)         0.016     0.451    u_cve2_core/if_stage_i/prefetch_buffer_i/fifo_i/rdata_d[0]_37[19]
                         FDCE                                         r  u_cve2_core/if_stage_i/prefetch_buffer_i/fifo_i/g_fifo_regs[0].rdata_q_reg[0][19]/D
  -------------------------------------------------------------------    -------------------

                         (clock clk_i rise edge)      0.000     0.000 r  
                                                      0.000     0.000 r  clk_i (IN)
                         net (fo=0)                   0.000     0.000    clk_i_IBUF_inst/I
                                                                      r  clk_i_IBUF_inst/INBUF_INST/PAD
                         INBUF (Prop_INBUF_PAD_O)     0.402     0.402 r  clk_i_IBUF_inst/INBUF_INST/O
                         net (fo=1, unplaced)         0.000     0.402    clk_i_IBUF_inst/OUT
                                                                      r  clk_i_IBUF_inst/IBUFCTRL_INST/I
                         IBUFCTRL (Prop_IBUFCTRL_I_O)
                                                      0.000     0.402 r  clk_i_IBUF_inst/IBUFCTRL_INST/O
                         net (fo=2, unplaced)         0.304     0.706    core_clock_gate_i/clk_i_IBUF
                                                                      r  core_clock_gate_i/clk_BUFG_inst_i_1/I0
                         LUT2 (Prop_LUT2_I0_O)        0.034     0.740 r  core_clock_gate_i/clk_BUFG_inst_i_1/O
                         net (fo=1, unplaced)         0.269     1.009    clk
                                                                      r  clk_BUFG_inst/I
                         BUFGCE (Prop_BUFGCE_I_O)     0.019     1.028 r  clk_BUFG_inst/O
                         net (fo=5360, unplaced)      1.259     2.287    u_cve2_core/if_stage_i/prefetch_buffer_i/fifo_i/clk_BUFG
                         FDCE                                         r  u_cve2_core/if_stage_i/prefetch_buffer_i/fifo_i/g_fifo_regs[0].rdata_q_reg[0][19]/C

Slack:                    inf
  Source:                 instr_rdata_i[21]
                            (input port)
  Destination:            u_cve2_core/if_stage_i/prefetch_buffer_i/fifo_i/g_fifo_regs[0].rdata_q_reg[0][21]/D
                            (rising edge-triggered cell FDCE clocked by clk_i  {rise@0.000ns fall@4.000ns period=8.000ns})
  Path Group:             (none)
  Path Type:              Hold (Min at Fast Process Corner)
  Data Path Delay:        0.451ns  (logic 0.230ns (51.032%)  route 0.221ns (48.968%))
  Logic Levels:           3  (IBUFCTRL=1 INBUF=1 LUT3=1)
  Clock Path Skew:        2.287ns (DCD - SCD - CPR)
    Destination Clock Delay (DCD):    2.287ns
    Source Clock Delay      (SCD):    0.000ns
    Clock Pessimism Removal (CPR):    -0.000ns

    Location             Delay type                Incr(ns)  Path(ns)    Netlist Resource(s)
  -------------------------------------------------------------------    -------------------
                                                      0.000     0.000 r  instr_rdata_i[21] (IN)
                         net (fo=0)                   0.000     0.000    instr_rdata_i_IBUF[21]_inst/I
                                                                      r  instr_rdata_i_IBUF[21]_inst/INBUF_INST/PAD
                         INBUF (Prop_INBUF_PAD_O)     0.216     0.216 r  instr_rdata_i_IBUF[21]_inst/INBUF_INST/O
                         net (fo=1, unplaced)         0.000     0.216    instr_rdata_i_IBUF[21]_inst/OUT
                                                                      r  instr_rdata_i_IBUF[21]_inst/IBUFCTRL_INST/I
                         IBUFCTRL (Prop_IBUFCTRL_I_O)
                                                      0.000     0.216 r  instr_rdata_i_IBUF[21]_inst/IBUFCTRL_INST/O
                         net (fo=5, unplaced)         0.205     0.421    u_cve2_core/if_stage_i/prefetch_buffer_i/fifo_i/instr_rdata_i_IBUF[21]
                                                                      r  u_cve2_core/if_stage_i/prefetch_buffer_i/fifo_i/g_fifo_regs[0].rdata_q[0][21]_i_1/I2
                         LUT3 (Prop_LUT3_I2_O)        0.014     0.435 r  u_cve2_core/if_stage_i/prefetch_buffer_i/fifo_i/g_fifo_regs[0].rdata_q[0][21]_i_1/O
                         net (fo=1, unplaced)         0.016     0.451    u_cve2_core/if_stage_i/prefetch_buffer_i/fifo_i/rdata_d[0]_37[21]
                         FDCE                                         r  u_cve2_core/if_stage_i/prefetch_buffer_i/fifo_i/g_fifo_regs[0].rdata_q_reg[0][21]/D
  -------------------------------------------------------------------    -------------------

                         (clock clk_i rise edge)      0.000     0.000 r  
                                                      0.000     0.000 r  clk_i (IN)
                         net (fo=0)                   0.000     0.000    clk_i_IBUF_inst/I
                                                                      r  clk_i_IBUF_inst/INBUF_INST/PAD
                         INBUF (Prop_INBUF_PAD_O)     0.402     0.402 r  clk_i_IBUF_inst/INBUF_INST/O
                         net (fo=1, unplaced)         0.000     0.402    clk_i_IBUF_inst/OUT
                                                                      r  clk_i_IBUF_inst/IBUFCTRL_INST/I
                         IBUFCTRL (Prop_IBUFCTRL_I_O)
                                                      0.000     0.402 r  clk_i_IBUF_inst/IBUFCTRL_INST/O
                         net (fo=2, unplaced)         0.304     0.706    core_clock_gate_i/clk_i_IBUF
                                                                      r  core_clock_gate_i/clk_BUFG_inst_i_1/I0
                         LUT2 (Prop_LUT2_I0_O)        0.034     0.740 r  core_clock_gate_i/clk_BUFG_inst_i_1/O
                         net (fo=1, unplaced)         0.269     1.009    clk
                                                                      r  clk_BUFG_inst/I
                         BUFGCE (Prop_BUFGCE_I_O)     0.019     1.028 r  clk_BUFG_inst/O
                         net (fo=5360, unplaced)      1.259     2.287    u_cve2_core/if_stage_i/prefetch_buffer_i/fifo_i/clk_BUFG
                         FDCE                                         r  u_cve2_core/if_stage_i/prefetch_buffer_i/fifo_i/g_fifo_regs[0].rdata_q_reg[0][21]/C

Slack:                    inf
  Source:                 instr_rdata_i[23]
                            (input port)
  Destination:            u_cve2_core/if_stage_i/prefetch_buffer_i/fifo_i/g_fifo_regs[0].rdata_q_reg[0][23]/D
                            (rising edge-triggered cell FDCE clocked by clk_i  {rise@0.000ns fall@4.000ns period=8.000ns})
  Path Group:             (none)
  Path Type:              Hold (Min at Fast Process Corner)
  Data Path Delay:        0.451ns  (logic 0.230ns (51.032%)  route 0.221ns (48.968%))
  Logic Levels:           3  (IBUFCTRL=1 INBUF=1 LUT3=1)
  Clock Path Skew:        2.287ns (DCD - SCD - CPR)
    Destination Clock Delay (DCD):    2.287ns
    Source Clock Delay      (SCD):    0.000ns
    Clock Pessimism Removal (CPR):    -0.000ns

    Location             Delay type                Incr(ns)  Path(ns)    Netlist Resource(s)
  -------------------------------------------------------------------    -------------------
                                                      0.000     0.000 r  instr_rdata_i[23] (IN)
                         net (fo=0)                   0.000     0.000    instr_rdata_i_IBUF[23]_inst/I
                                                                      r  instr_rdata_i_IBUF[23]_inst/INBUF_INST/PAD
                         INBUF (Prop_INBUF_PAD_O)     0.216     0.216 r  instr_rdata_i_IBUF[23]_inst/INBUF_INST/O
                         net (fo=1, unplaced)         0.000     0.216    instr_rdata_i_IBUF[23]_inst/OUT
                                                                      r  instr_rdata_i_IBUF[23]_inst/IBUFCTRL_INST/I
                         IBUFCTRL (Prop_IBUFCTRL_I_O)
                                                      0.000     0.216 r  instr_rdata_i_IBUF[23]_inst/IBUFCTRL_INST/O
                         net (fo=5, unplaced)         0.205     0.421    u_cve2_core/if_stage_i/prefetch_buffer_i/fifo_i/instr_rdata_i_IBUF[23]
                                                                      r  u_cve2_core/if_stage_i/prefetch_buffer_i/fifo_i/g_fifo_regs[0].rdata_q[0][23]_i_1/I2
                         LUT3 (Prop_LUT3_I2_O)        0.014     0.435 r  u_cve2_core/if_stage_i/prefetch_buffer_i/fifo_i/g_fifo_regs[0].rdata_q[0][23]_i_1/O
                         net (fo=1, unplaced)         0.016     0.451    u_cve2_core/if_stage_i/prefetch_buffer_i/fifo_i/rdata_d[0]_37[23]
                         FDCE                                         r  u_cve2_core/if_stage_i/prefetch_buffer_i/fifo_i/g_fifo_regs[0].rdata_q_reg[0][23]/D
  -------------------------------------------------------------------    -------------------

                         (clock clk_i rise edge)      0.000     0.000 r  
                                                      0.000     0.000 r  clk_i (IN)
                         net (fo=0)                   0.000     0.000    clk_i_IBUF_inst/I
                                                                      r  clk_i_IBUF_inst/INBUF_INST/PAD
                         INBUF (Prop_INBUF_PAD_O)     0.402     0.402 r  clk_i_IBUF_inst/INBUF_INST/O
                         net (fo=1, unplaced)         0.000     0.402    clk_i_IBUF_inst/OUT
                                                                      r  clk_i_IBUF_inst/IBUFCTRL_INST/I
                         IBUFCTRL (Prop_IBUFCTRL_I_O)
                                                      0.000     0.402 r  clk_i_IBUF_inst/IBUFCTRL_INST/O
                         net (fo=2, unplaced)         0.304     0.706    core_clock_gate_i/clk_i_IBUF
                                                                      r  core_clock_gate_i/clk_BUFG_inst_i_1/I0
                         LUT2 (Prop_LUT2_I0_O)        0.034     0.740 r  core_clock_gate_i/clk_BUFG_inst_i_1/O
                         net (fo=1, unplaced)         0.269     1.009    clk
                                                                      r  clk_BUFG_inst/I
                         BUFGCE (Prop_BUFGCE_I_O)     0.019     1.028 r  clk_BUFG_inst/O
                         net (fo=5360, unplaced)      1.259     2.287    u_cve2_core/if_stage_i/prefetch_buffer_i/fifo_i/clk_BUFG
                         FDCE                                         r  u_cve2_core/if_stage_i/prefetch_buffer_i/fifo_i/g_fifo_regs[0].rdata_q_reg[0][23]/C

Slack:                    inf
  Source:                 instr_rdata_i[25]
                            (input port)
  Destination:            u_cve2_core/if_stage_i/prefetch_buffer_i/fifo_i/g_fifo_regs[0].rdata_q_reg[0][25]/D
                            (rising edge-triggered cell FDCE clocked by clk_i  {rise@0.000ns fall@4.000ns period=8.000ns})
  Path Group:             (none)
  Path Type:              Hold (Min at Fast Process Corner)
  Data Path Delay:        0.451ns  (logic 0.230ns (51.032%)  route 0.221ns (48.968%))
  Logic Levels:           3  (IBUFCTRL=1 INBUF=1 LUT3=1)
  Clock Path Skew:        2.287ns (DCD - SCD - CPR)
    Destination Clock Delay (DCD):    2.287ns
    Source Clock Delay      (SCD):    0.000ns
    Clock Pessimism Removal (CPR):    -0.000ns

    Location             Delay type                Incr(ns)  Path(ns)    Netlist Resource(s)
  -------------------------------------------------------------------    -------------------
                                                      0.000     0.000 r  instr_rdata_i[25] (IN)
                         net (fo=0)                   0.000     0.000    instr_rdata_i_IBUF[25]_inst/I
                                                                      r  instr_rdata_i_IBUF[25]_inst/INBUF_INST/PAD
                         INBUF (Prop_INBUF_PAD_O)     0.216     0.216 r  instr_rdata_i_IBUF[25]_inst/INBUF_INST/O
                         net (fo=1, unplaced)         0.000     0.216    instr_rdata_i_IBUF[25]_inst/OUT
                                                                      r  instr_rdata_i_IBUF[25]_inst/IBUFCTRL_INST/I
                         IBUFCTRL (Prop_IBUFCTRL_I_O)
                                                      0.000     0.216 r  instr_rdata_i_IBUF[25]_inst/IBUFCTRL_INST/O
                         net (fo=5, unplaced)         0.205     0.421    u_cve2_core/if_stage_i/prefetch_buffer_i/fifo_i/instr_rdata_i_IBUF[25]
                                                                      r  u_cve2_core/if_stage_i/prefetch_buffer_i/fifo_i/g_fifo_regs[0].rdata_q[0][25]_i_1/I2
                         LUT3 (Prop_LUT3_I2_O)        0.014     0.435 r  u_cve2_core/if_stage_i/prefetch_buffer_i/fifo_i/g_fifo_regs[0].rdata_q[0][25]_i_1/O
                         net (fo=1, unplaced)         0.016     0.451    u_cve2_core/if_stage_i/prefetch_buffer_i/fifo_i/rdata_d[0]_37[25]
                         FDCE                                         r  u_cve2_core/if_stage_i/prefetch_buffer_i/fifo_i/g_fifo_regs[0].rdata_q_reg[0][25]/D
  -------------------------------------------------------------------    -------------------

                         (clock clk_i rise edge)      0.000     0.000 r  
                                                      0.000     0.000 r  clk_i (IN)
                         net (fo=0)                   0.000     0.000    clk_i_IBUF_inst/I
                                                                      r  clk_i_IBUF_inst/INBUF_INST/PAD
                         INBUF (Prop_INBUF_PAD_O)     0.402     0.402 r  clk_i_IBUF_inst/INBUF_INST/O
                         net (fo=1, unplaced)         0.000     0.402    clk_i_IBUF_inst/OUT
                                                                      r  clk_i_IBUF_inst/IBUFCTRL_INST/I
                         IBUFCTRL (Prop_IBUFCTRL_I_O)
                                                      0.000     0.402 r  clk_i_IBUF_inst/IBUFCTRL_INST/O
                         net (fo=2, unplaced)         0.304     0.706    core_clock_gate_i/clk_i_IBUF
                                                                      r  core_clock_gate_i/clk_BUFG_inst_i_1/I0
                         LUT2 (Prop_LUT2_I0_O)        0.034     0.740 r  core_clock_gate_i/clk_BUFG_inst_i_1/O
                         net (fo=1, unplaced)         0.269     1.009    clk
                                                                      r  clk_BUFG_inst/I
                         BUFGCE (Prop_BUFGCE_I_O)     0.019     1.028 r  clk_BUFG_inst/O
                         net (fo=5360, unplaced)      1.259     2.287    u_cve2_core/if_stage_i/prefetch_buffer_i/fifo_i/clk_BUFG
                         FDCE                                         r  u_cve2_core/if_stage_i/prefetch_buffer_i/fifo_i/g_fifo_regs[0].rdata_q_reg[0][25]/C





