Copyright 1986-2022 Xilinx, Inc. All Rights Reserved. Copyright 2022-2023 Advanced Micro Devices, Inc. All Rights Reserved.
-------------------------------------------------------------------------------------------------------------------------------------------------------------------------------------------------------------
| Tool Version      : Vivado v.2023.1 (lin64) Build 3865809 Sun May  7 15:04:56 MDT 2023
| Date              : Mon Aug 17 23:17:00 2026
| Host              : mxp running 64-bit Ubuntu 22.04.5 LTS
| Command           : report_timing_summary -delay_type min_max -report_unconstrained -check_timing_verbose -max_paths 10 -input_pins -routable_nets -file output/rpts/impl/20260817_2309/timing_summary.rpt
| Design            : accelerator_top
| Device            : xczu7ev-ffvc1156
| Speed File        : -2  PRODUCTION 1.30 05-15-2022
| Design State      : Routed
| Temperature Grade : E
-------------------------------------------------------------------------------------------------------------------------------------------------------------------------------------------------------------

Timing Summary Report

------------------------------------------------------------------------------------------------
| Timer Settings
| --------------
------------------------------------------------------------------------------------------------

  Enable Multi Corner Analysis               :  Yes
  Enable Pessimism Removal                   :  Yes
  Pessimism Removal Resolution               :  Nearest Common Node
  Enable Input Delay Default Clock           :  No
  Enable Preset / Clear Arcs                 :  No
  Disable Flight Delays                      :  No
  Ignore I/O Paths                           :  No
  Timing Early Launch at Borrowing Latches   :  No
  Borrow Time for Max Delay Exceptions       :  Yes
  Merge Timing Exceptions                    :  Yes

  Corner  Analyze    Analyze    
  Name    Max Paths  Min Paths  
  ------  ---------  ---------  
  Slow    Yes        Yes        
  Fast    Yes        Yes        


------------------------------------------------------------------------------------------------
| Report Methodology
| ------------------
------------------------------------------------------------------------------------------------

Rule     Severity  Description                   Violations  
-------  --------  ----------------------------  ----------  
DPIR-2   Warning   Asynchronous driver check     18          
LUTAR-1  Warning   LUT drives async reset alert  3           

Note: This report is based on the most recent report_methodology run and may not be up-to-date. Run report_methodology on the current design for the latest report.



check_timing report

Table of Contents
-----------------
1. checking no_clock (0)
2. checking constant_clock (0)
3. checking pulse_width_clock (0)
4. checking unconstrained_internal_endpoints (0)
5. checking no_input_delay (0)
6. checking no_output_delay (0)
7. checking multiple_clock (0)
8. checking generated_clocks (0)
9. checking loops (0)
10. checking partial_input_delay (0)
11. checking partial_output_delay (0)
12. checking latch_loops (0)

1. checking no_clock (0)
------------------------
 There are 0 register/latch pins with no clock.


2. checking constant_clock (0)
------------------------------
 There are 0 register/latch pins with constant_clock.


3. checking pulse_width_clock (0)
---------------------------------
 There are 0 register/latch pins which need pulse_width check


4. checking unconstrained_internal_endpoints (0)
------------------------------------------------
 There are 0 pins that are not constrained for maximum delay.

 There are 0 pins that are not constrained for maximum delay due to constant clock.


5. checking no_input_delay (0)
------------------------------
 There are 0 input ports with no input delay specified.

 There are 0 input ports with no input delay but user has a false path constraint.


6. checking no_output_delay (0)
-------------------------------
 There are 0 ports with no output delay specified.

 There are 0 ports with no output delay but user has a false path constraint

 There are 0 ports with no output delay but with a timing clock defined on it or propagating through it


7. checking multiple_clock (0)
------------------------------
 There are 0 register/latch pins with multiple clocks.


8. checking generated_clocks (0)
--------------------------------
 There are 0 generated clocks that are not connected to a clock source.


9. checking loops (0)
---------------------
 There are 0 combinational loops in the design.


10. checking partial_input_delay (0)
------------------------------------
 There are 0 input ports with partial input delay specified.


11. checking partial_output_delay (0)
-------------------------------------
 There are 0 ports with partial output delay specified.


12. checking latch_loops (0)
----------------------------
 There are 0 combinational latch loops in the design through latch input



------------------------------------------------------------------------------------------------
| Design Timing Summary
| ---------------------
------------------------------------------------------------------------------------------------

    WNS(ns)      TNS(ns)  TNS Failing Endpoints  TNS Total Endpoints      WHS(ns)      THS(ns)  THS Failing Endpoints  THS Total Endpoints     WPWS(ns)     TPWS(ns)  TPWS Failing Endpoints  TPWS Total Endpoints  
    -------      -------  ---------------------  -------------------      -------      -------  ---------------------  -------------------     --------     --------  ----------------------  --------------------  
      0.373        0.000                      0                26859        0.010        0.000                      0                26859        3.500        0.000                       0                  6797  


All user specified timing constraints are met.


------------------------------------------------------------------------------------------------
| Clock Summary
| -------------
------------------------------------------------------------------------------------------------

Clock     Waveform(ns)       Period(ns)      Frequency(MHz)
-----     ------------       ----------      --------------
clk       {0.000 5.000}      10.000          100.000         
clk_pl_0  {0.000 5.000}      10.000          100.000         


------------------------------------------------------------------------------------------------
| Intra Clock Table
| -----------------
------------------------------------------------------------------------------------------------

Clock             WNS(ns)      TNS(ns)  TNS Failing Endpoints  TNS Total Endpoints      WHS(ns)      THS(ns)  THS Failing Endpoints  THS Total Endpoints     WPWS(ns)     TPWS(ns)  TPWS Failing Endpoints  TPWS Total Endpoints  
-----             -------      -------  ---------------------  -------------------      -------      -------  ---------------------  -------------------     --------     --------  ----------------------  --------------------  
clk_pl_0            0.373        0.000                      0                23051        0.010        0.000                      0                23051        3.500        0.000                       0                  6797  


------------------------------------------------------------------------------------------------
| Inter Clock Table
| -----------------
------------------------------------------------------------------------------------------------

From Clock    To Clock          WNS(ns)      TNS(ns)  TNS Failing Endpoints  TNS Total Endpoints      WHS(ns)      THS(ns)  THS Failing Endpoints  THS Total Endpoints  
----------    --------          -------      -------  ---------------------  -------------------      -------      -------  ---------------------  -------------------  


------------------------------------------------------------------------------------------------
| Other Path Groups Table
| -----------------------
------------------------------------------------------------------------------------------------

Path Group         From Clock         To Clock               WNS(ns)      TNS(ns)  TNS Failing Endpoints  TNS Total Endpoints      WHS(ns)      THS(ns)  THS Failing Endpoints  THS Total Endpoints  
----------         ----------         --------               -------      -------  ---------------------  -------------------      -------      -------  ---------------------  -------------------  
**async_default**  clk_pl_0           clk_pl_0                 7.267        0.000                      0                 3808        0.162        0.000                      0                 3808  


------------------------------------------------------------------------------------------------
| User Ignored Path Table
| -----------------------
------------------------------------------------------------------------------------------------

Path Group    From Clock    To Clock    
----------    ----------    --------    
(none)                      clk_pl_0      
(none)        clk_pl_0      clk_pl_0      


------------------------------------------------------------------------------------------------
| Unconstrained Path Table
| ------------------------
------------------------------------------------------------------------------------------------

Path Group    From Clock    To Clock    
----------    ----------    --------    


------------------------------------------------------------------------------------------------
| Timing Details
| --------------
------------------------------------------------------------------------------------------------


---------------------------------------------------------------------------------------------------
From Clock:  clk_pl_0
  To Clock:  clk_pl_0

Setup :            0  Failing Endpoints,  Worst Slack        0.373ns,  Total Violation        0.000ns
Hold  :            0  Failing Endpoints,  Worst Slack        0.010ns,  Total Violation        0.000ns
PW    :            0  Failing Endpoints,  Worst Slack        3.500ns,  Total Violation        0.000ns
---------------------------------------------------------------------------------------------------


Max Delay Paths
--------------------------------------------------------------------------------------
Slack (MET) :             0.373ns  (required time - arrival time)
  Source:                 u_cve2_core/if_stage_i/instr_rdata_id_o_reg[22]/C
                            (rising edge-triggered cell FDCE clocked by clk_pl_0  {rise@0.000ns fall@5.000ns period=10.000ns})
  Destination:            u_cve2_core/cs_registers_i/gen_cntrs[6].gen_imp.mcounters_variable_i/counter_q_reg[18]/D
                            (rising edge-triggered cell FDRE clocked by clk_pl_0  {rise@0.000ns fall@5.000ns period=10.000ns})
  Path Group:             clk_pl_0
  Path Type:              Setup (Max at Slow Process Corner)
  Requirement:            10.000ns  (clk_pl_0 rise@10.000ns - clk_pl_0 rise@0.000ns)
  Data Path Delay:        9.431ns  (logic 4.796ns (50.852%)  route 4.635ns (49.148%))
  Logic Levels:           23  (DSP_A_B_DATA=1 DSP_ALU=4 DSP_M_DATA=1 DSP_MULTIPLIER=1 DSP_OUTPUT=4 DSP_PREADD_DATA=1 LUT3=1 LUT5=1 LUT6=8 MUXF7=1)
  Clock Path Skew:        -0.090ns (DCD - SCD + CPR)
    Destination Clock Delay (DCD):    1.903ns = ( 11.903 - 10.000 ) 
    Source Clock Delay      (SCD):    2.165ns
    Clock Pessimism Removal (CPR):    0.172ns
  Clock Uncertainty:      0.130ns  ((TSJ^2 + DJ^2)^1/2) / 2 + PE
    Total System Jitter     (TSJ):    0.071ns
    Discrete Jitter          (DJ):    0.250ns
    Phase Error              (PE):    0.000ns
  Clock Net Delay (Source):      1.957ns (routing 0.569ns, distribution 1.388ns)
  Clock Net Delay (Destination): 1.735ns (routing 0.512ns, distribution 1.223ns)

    Location             Delay type                Incr(ns)  Path(ns)    Netlist Resource(s)
  -------------------------------------------------------------------    -------------------
                         (clock clk_pl_0 rise edge)
                                                      0.000     0.000 r  
    PS8_X0Y0             PS8                          0.000     0.000 r  ps_i/zynq_ultra_ps_e_0/inst/PS8_i/PLCLK[0]
                         net (fo=1, routed)           0.180     0.180    ps_i/zynq_ultra_ps_e_0/inst/pl_clk_unbuffered[0]
    BUFG_PS_X0Y80                                                     r  ps_i/zynq_ultra_ps_e_0/inst/buffer_pl_clk_0.PL_CLK_0_BUFG/I
    BUFG_PS_X0Y80        BUFG_PS (Prop_BUFG_PS_I_O)
                                                      0.028     0.208 r  ps_i/zynq_ultra_ps_e_0/inst/buffer_pl_clk_0.PL_CLK_0_BUFG/O
    X1Y2 (CLOCK_ROOT)    net (fo=6797, routed)        1.957     2.165    u_cve2_core/if_stage_i/pl_clk0
    SLICE_X75Y202        FDCE                                         r  u_cve2_core/if_stage_i/instr_rdata_id_o_reg[22]/C
  -------------------------------------------------------------------    -------------------
    SLICE_X75Y202        FDCE (Prop_DFF_SLICEL_C_Q)
                                                      0.079     2.244 r  u_cve2_core/if_stage_i/instr_rdata_id_o_reg[22]/Q
                         net (fo=140, routed)         0.541     2.785    u_cve2_core/register_file_i/Q[7]
    SLICE_X73Y195                                                     r  u_cve2_core/register_file_i/act_scale_hi_q_reg[21]_i_3/S
    SLICE_X73Y195        MUXF7 (Prop_F7MUX_CD_SLICEM_S_O)
                                                      0.077     2.862 f  u_cve2_core/register_file_i/act_scale_hi_q_reg[21]_i_3/O
                         net (fo=1, routed)           0.496     3.358    u_cve2_core/register_file_i/act_scale_hi_q_reg[21]_i_3_n_0
    SLICE_X79Y195                                                     f  u_cve2_core/register_file_i/act_scale_hi_q[21]_i_1/I1
    SLICE_X79Y195        LUT6 (Prop_G6LUT_SLICEM_I1_O)
                                                      0.090     3.448 f  u_cve2_core/register_file_i/act_scale_hi_q[21]_i_1/O
                         net (fo=9, routed)           0.213     3.661    u_cve2_core/vec_unit_i/rf_rdata_b[21]
    SLICE_X79Y190                                                     f  u_cve2_core/vec_unit_i/gen_mult_single_cycle.mult2_res_i_12/I1
    SLICE_X79Y190        LUT3 (Prop_F6LUT_SLICEM_I1_O)
                                                      0.098     3.759 f  u_cve2_core/vec_unit_i/gen_mult_single_cycle.mult2_res_i_12/O
                         net (fo=4, routed)           0.367     4.126    u_cve2_core/ex_block_i/gen_multdiv_fast.multdiv_i/gen_mult_single_cycle.mult2_res/B[5]
    DSP48E2_X9Y75                                                     f  u_cve2_core/ex_block_i/gen_multdiv_fast.multdiv_i/gen_mult_single_cycle.mult2_res/DSP_A_B_DATA_INST/B[5]
    DSP48E2_X9Y75        DSP_A_B_DATA (Prop_DSP_A_B_DATA_DSP48E2_B[5]_B2_DATA[5])
                                                      0.151     4.277 r  u_cve2_core/ex_block_i/gen_multdiv_fast.multdiv_i/gen_mult_single_cycle.mult2_res/DSP_A_B_DATA_INST/B2_DATA[5]
                         net (fo=1, routed)           0.000     4.277    u_cve2_core/ex_block_i/gen_multdiv_fast.multdiv_i/gen_mult_single_cycle.mult2_res/DSP_A_B_DATA.B2_DATA<5>
    DSP48E2_X9Y75                                                     r  u_cve2_core/ex_block_i/gen_multdiv_fast.multdiv_i/gen_mult_single_cycle.mult2_res/DSP_PREADD_DATA_INST/B2_DATA[5]
    DSP48E2_X9Y75        DSP_PREADD_DATA (Prop_DSP_PREADD_DATA_DSP48E2_B2_DATA[5]_B2B1[5])
                                                      0.073     4.350 r  u_cve2_core/ex_block_i/gen_multdiv_fast.multdiv_i/gen_mult_single_cycle.mult2_res/DSP_PREADD_DATA_INST/B2B1[5]
                         net (fo=1, routed)           0.000     4.350    u_cve2_core/ex_block_i/gen_multdiv_fast.multdiv_i/gen_mult_single_cycle.mult2_res/DSP_PREADD_DATA.B2B1<5>
    DSP48E2_X9Y75                                                     r  u_cve2_core/ex_block_i/gen_multdiv_fast.multdiv_i/gen_mult_single_cycle.mult2_res/DSP_MULTIPLIER_INST/B2B1[5]
    DSP48E2_X9Y75        DSP_MULTIPLIER (Prop_DSP_MULTIPLIER_DSP48E2_B2B1[5]_V[35])
                                                      0.609     4.959 f  u_cve2_core/ex_block_i/gen_multdiv_fast.multdiv_i/gen_mult_single_cycle.mult2_res/DSP_MULTIPLIER_INST/V[35]
                         net (fo=1, routed)           0.000     4.959    u_cve2_core/ex_block_i/gen_multdiv_fast.multdiv_i/gen_mult_single_cycle.mult2_res/DSP_MULTIPLIER.V<35>
    DSP48E2_X9Y75                                                     f  u_cve2_core/ex_block_i/gen_multdiv_fast.multdiv_i/gen_mult_single_cycle.mult2_res/DSP_M_DATA_INST/V[35]
    DSP48E2_X9Y75        DSP_M_DATA (Prop_DSP_M_DATA_DSP48E2_V[35]_V_DATA[35])
                                                      0.046     5.005 r  u_cve2_core/ex_block_i/gen_multdiv_fast.multdiv_i/gen_mult_single_cycle.mult2_res/DSP_M_DATA_INST/V_DATA[35]
                         net (fo=1, routed)           0.000     5.005    u_cve2_core/ex_block_i/gen_multdiv_fast.multdiv_i/gen_mult_single_cycle.mult2_res/DSP_M_DATA.V_DATA<35>
    DSP48E2_X9Y75                                                     r  u_cve2_core/ex_block_i/gen_multdiv_fast.multdiv_i/gen_mult_single_cycle.mult2_res/DSP_ALU_INST/V_DATA[35]
    DSP48E2_X9Y75        DSP_ALU (Prop_DSP_ALU_DSP48E2_V_DATA[35]_ALU_OUT[47])
                                                      0.571     5.576 f  u_cve2_core/ex_block_i/gen_multdiv_fast.multdiv_i/gen_mult_single_cycle.mult2_res/DSP_ALU_INST/ALU_OUT[47]
                         net (fo=1, routed)           0.000     5.576    u_cve2_core/ex_block_i/gen_multdiv_fast.multdiv_i/gen_mult_single_cycle.mult2_res/DSP_ALU.ALU_OUT<47>
    DSP48E2_X9Y75                                                     f  u_cve2_core/ex_block_i/gen_multdiv_fast.multdiv_i/gen_mult_single_cycle.mult2_res/DSP_OUTPUT_INST/ALU_OUT[47]
    DSP48E2_X9Y75        DSP_OUTPUT (Prop_DSP_OUTPUT_DSP48E2_ALU_OUT[47]_PCOUT[47])
                                                      0.122     5.698 r  u_cve2_core/ex_block_i/gen_multdiv_fast.multdiv_i/gen_mult_single_cycle.mult2_res/DSP_OUTPUT_INST/PCOUT[47]
                         net (fo=1, routed)           0.038     5.736    u_cve2_core/ex_block_i/gen_multdiv_fast.multdiv_i/mac_res_signed/PCIN[47]
    DSP48E2_X9Y76                                                     r  u_cve2_core/ex_block_i/gen_multdiv_fast.multdiv_i/mac_res_signed/DSP_ALU_INST/PCIN[47]
    DSP48E2_X9Y76        DSP_ALU (Prop_DSP_ALU_DSP48E2_PCIN[47]_ALU_OUT[47])
                                                      0.546     6.282 f  u_cve2_core/ex_block_i/gen_multdiv_fast.multdiv_i/mac_res_signed/DSP_ALU_INST/ALU_OUT[47]
                         net (fo=1, routed)           0.000     6.282    u_cve2_core/ex_block_i/gen_multdiv_fast.multdiv_i/mac_res_signed/DSP_ALU.ALU_OUT<47>
    DSP48E2_X9Y76                                                     f  u_cve2_core/ex_block_i/gen_multdiv_fast.multdiv_i/mac_res_signed/DSP_OUTPUT_INST/ALU_OUT[47]
    DSP48E2_X9Y76        DSP_OUTPUT (Prop_DSP_OUTPUT_DSP48E2_ALU_OUT[47]_PCOUT[47])
                                                      0.122     6.404 r  u_cve2_core/ex_block_i/gen_multdiv_fast.multdiv_i/mac_res_signed/DSP_OUTPUT_INST/PCOUT[47]
                         net (fo=1, routed)           0.014     6.418    u_cve2_core/ex_block_i/gen_multdiv_fast.multdiv_i/mac_res_signed__0/PCIN[47]
    DSP48E2_X9Y77                                                     r  u_cve2_core/ex_block_i/gen_multdiv_fast.multdiv_i/mac_res_signed__0/DSP_ALU_INST/PCIN[47]
    DSP48E2_X9Y77        DSP_ALU (Prop_DSP_ALU_DSP48E2_PCIN[47]_ALU_OUT[0])
                                                      0.546     6.964 r  u_cve2_core/ex_block_i/gen_multdiv_fast.multdiv_i/mac_res_signed__0/DSP_ALU_INST/ALU_OUT[0]
                         net (fo=1, routed)           0.000     6.964    u_cve2_core/ex_block_i/gen_multdiv_fast.multdiv_i/mac_res_signed__0/DSP_ALU.ALU_OUT<0>
    DSP48E2_X9Y77                                                     r  u_cve2_core/ex_block_i/gen_multdiv_fast.multdiv_i/mac_res_signed__0/DSP_OUTPUT_INST/ALU_OUT[0]
    DSP48E2_X9Y77        DSP_OUTPUT (Prop_DSP_OUTPUT_DSP48E2_ALU_OUT[0]_P[0])
                                                      0.109     7.073 f  u_cve2_core/ex_block_i/gen_multdiv_fast.multdiv_i/mac_res_signed__0/DSP_OUTPUT_INST/P[0]
                         net (fo=4, routed)           0.278     7.351    u_cve2_core/if_stage_i/gen_intermediate_val_reg[0].imd_val_q_reg[0][31]_0[0]
    SLICE_X74Y188                                                     f  u_cve2_core/if_stage_i/vrf_mem_reg_1_bram_0_i_240/I3
    SLICE_X74Y188        LUT6 (Prop_C6LUT_SLICEM_I3_O)
                                                      0.088     7.439 f  u_cve2_core/if_stage_i/vrf_mem_reg_1_bram_0_i_240/O
                         net (fo=1, routed)           0.149     7.588    u_cve2_core/if_stage_i/vrf_mem_reg_1_bram_0_i_240_n_0
    SLICE_X73Y190                                                     f  u_cve2_core/if_stage_i/vrf_mem_reg_1_bram_0_i_189/I0
    SLICE_X73Y190        LUT6 (Prop_C6LUT_SLICEM_I0_O)
                                                      0.098     7.686 f  u_cve2_core/if_stage_i/vrf_mem_reg_1_bram_0_i_189/O
                         net (fo=3, routed)           0.150     7.835    u_cve2_core/if_stage_i/gen_intermediate_val_reg[0].imd_val_q_reg[0][0]
    SLICE_X71Y191                                                     f  u_cve2_core/if_stage_i/FSM_sequential_state_q[2]_i_16/I1
    SLICE_X71Y191        LUT6 (Prop_D6LUT_SLICEM_I1_O)
                                                      0.088     7.923 r  u_cve2_core/if_stage_i/FSM_sequential_state_q[2]_i_16/O
                         net (fo=2, routed)           0.196     8.119    u_cve2_core/vec_unit_i/i_vrf/program_ram_reg_mux_sel_a_pos_3_0
    SLICE_X72Y191                                                     r  u_cve2_core/vec_unit_i/i_vrf/g_rf_flops[31].rf_reg_q[31][31]_i_31/I3
    SLICE_X72Y191        LUT6 (Prop_G6LUT_SLICEL_I3_O)
                                                      0.149     8.268 r  u_cve2_core/vec_unit_i/i_vrf/g_rf_flops[31].rf_reg_q[31][31]_i_31/O
                         net (fo=2, routed)           0.325     8.593    u_cve2_core/if_stage_i/vec_done
    SLICE_X73Y203                                                     r  u_cve2_core/if_stage_i/g_rf_flops[31].rf_reg_q[31][31]_i_13/I3
    SLICE_X73Y203        LUT6 (Prop_G6LUT_SLICEM_I3_O)
                                                      0.100     8.693 f  u_cve2_core/if_stage_i/g_rf_flops[31].rf_reg_q[31][31]_i_13/O
                         net (fo=10, routed)          0.296     8.990    u_cve2_core/id_stage_i/controller_i/counter_q[39]_i_4_0
    SLICE_X76Y207                                                     f  u_cve2_core/id_stage_i/controller_i/ctrl_fsm_cs[3]_i_14/I4
    SLICE_X76Y207        LUT6 (Prop_H6LUT_SLICEL_I4_O)
                                                      0.051     9.041 r  u_cve2_core/id_stage_i/controller_i/ctrl_fsm_cs[3]_i_14/O
                         net (fo=15, routed)          0.263     9.304    u_cve2_core/if_stage_i/instr_addr_q_reg[1]_4
    SLICE_X76Y215                                                     r  u_cve2_core/if_stage_i/counter_upd_i_40__0/I2
    SLICE_X76Y215        LUT6 (Prop_G6LUT_SLICEL_I2_O)
                                                      0.035     9.339 f  u_cve2_core/if_stage_i/counter_upd_i_40__0/O
                         net (fo=103, routed)         0.541     9.879    u_cve2_core/if_stage_i/counter_upd_i_40__0_n_0
    SLICE_X82Y230                                                     f  u_cve2_core/if_stage_i/counter_upd_i_2__4/I4
    SLICE_X82Y230        LUT5 (Prop_F6LUT_SLICEL_I4_O)
                                                      0.049     9.928 r  u_cve2_core/if_stage_i/counter_upd_i_2__4/O
                         net (fo=2, routed)           0.318    10.246    u_cve2_core/cs_registers_i/gen_cntrs[6].gen_imp.mcounters_variable_i/counter_upd/OPMODE[1]
    DSP48E2_X10Y92                                                    r  u_cve2_core/cs_registers_i/gen_cntrs[6].gen_imp.mcounters_variable_i/counter_upd/DSP_ALU_INST/OPMODE[1]
    DSP48E2_X10Y92       DSP_ALU (Prop_DSP_ALU_DSP48E2_OPMODE[1]_ALU_OUT[18])
                                                      0.790    11.036 f  u_cve2_core/cs_registers_i/gen_cntrs[6].gen_imp.mcounters_variable_i/counter_upd/DSP_ALU_INST/ALU_OUT[18]
                         net (fo=1, routed)           0.000    11.036    u_cve2_core/cs_registers_i/gen_cntrs[6].gen_imp.mcounters_variable_i/counter_upd/DSP_ALU.ALU_OUT<18>
    DSP48E2_X10Y92                                                    f  u_cve2_core/cs_registers_i/gen_cntrs[6].gen_imp.mcounters_variable_i/counter_upd/DSP_OUTPUT_INST/ALU_OUT[18]
    DSP48E2_X10Y92       DSP_OUTPUT (Prop_DSP_OUTPUT_DSP48E2_ALU_OUT[18]_P[18])
                                                      0.109    11.145 r  u_cve2_core/cs_registers_i/gen_cntrs[6].gen_imp.mcounters_variable_i/counter_upd/DSP_OUTPUT_INST/P[18]
                         net (fo=1, routed)           0.451    11.596    u_cve2_core/cs_registers_i/gen_cntrs[6].gen_imp.mcounters_variable_i/counter_upd_n_87
    SLICE_X83Y232        FDRE                                         r  u_cve2_core/cs_registers_i/gen_cntrs[6].gen_imp.mcounters_variable_i/counter_q_reg[18]/D
  -------------------------------------------------------------------    -------------------

                         (clock clk_pl_0 rise edge)
                                                     10.000    10.000 r  
    PS8_X0Y0             PS8                          0.000    10.000 r  ps_i/zynq_ultra_ps_e_0/inst/PS8_i/PLCLK[0]
                         net (fo=1, routed)           0.143    10.143    ps_i/zynq_ultra_ps_e_0/inst/pl_clk_unbuffered[0]
    BUFG_PS_X0Y80                                                     r  ps_i/zynq_ultra_ps_e_0/inst/buffer_pl_clk_0.PL_CLK_0_BUFG/I
    BUFG_PS_X0Y80        BUFG_PS (Prop_BUFG_PS_I_O)
                                                      0.025    10.168 r  ps_i/zynq_ultra_ps_e_0/inst/buffer_pl_clk_0.PL_CLK_0_BUFG/O
    X1Y2 (CLOCK_ROOT)    net (fo=6797, routed)        1.735    11.903    u_cve2_core/cs_registers_i/gen_cntrs[6].gen_imp.mcounters_variable_i/pl_clk0
    SLICE_X83Y232        FDRE                                         r  u_cve2_core/cs_registers_i/gen_cntrs[6].gen_imp.mcounters_variable_i/counter_q_reg[18]/C
                         clock pessimism              0.172    12.075    
                         clock uncertainty           -0.130    11.945    
    SLICE_X83Y232        FDRE (Setup_GFF2_SLICEM_C_D)
                                                      0.025    11.970    u_cve2_core/cs_registers_i/gen_cntrs[6].gen_imp.mcounters_variable_i/counter_q_reg[18]
  -------------------------------------------------------------------
                         required time                         11.970    
                         arrival time                         -11.596    
  -------------------------------------------------------------------
                         slack                                  0.373    

Slack (MET) :             0.383ns  (required time - arrival time)
  Source:                 u_cve2_core/if_stage_i/instr_rdata_id_o_reg[22]/C
                            (rising edge-triggered cell FDCE clocked by clk_pl_0  {rise@0.000ns fall@5.000ns period=10.000ns})
  Destination:            u_cve2_core/cs_registers_i/gen_cntrs[6].gen_imp.mcounters_variable_i/counter_q_reg[32]/D
                            (rising edge-triggered cell FDRE clocked by clk_pl_0  {rise@0.000ns fall@5.000ns period=10.000ns})
  Path Group:             clk_pl_0
  Path Type:              Setup (Max at Slow Process Corner)
  Requirement:            10.000ns  (clk_pl_0 rise@10.000ns - clk_pl_0 rise@0.000ns)
  Data Path Delay:        9.422ns  (logic 4.796ns (50.900%)  route 4.626ns (49.100%))
  Logic Levels:           23  (DSP_A_B_DATA=1 DSP_ALU=4 DSP_M_DATA=1 DSP_MULTIPLIER=1 DSP_OUTPUT=4 DSP_PREADD_DATA=1 LUT3=1 LUT5=1 LUT6=8 MUXF7=1)
  Clock Path Skew:        -0.089ns (DCD - SCD + CPR)
    Destination Clock Delay (DCD):    1.904ns = ( 11.904 - 10.000 ) 
    Source Clock Delay      (SCD):    2.165ns
    Clock Pessimism Removal (CPR):    0.172ns
  Clock Uncertainty:      0.130ns  ((TSJ^2 + DJ^2)^1/2) / 2 + PE
    Total System Jitter     (TSJ):    0.071ns
    Discrete Jitter          (DJ):    0.250ns
    Phase Error              (PE):    0.000ns
  Clock Net Delay (Source):      1.957ns (routing 0.569ns, distribution 1.388ns)
  Clock Net Delay (Destination): 1.736ns (routing 0.512ns, distribution 1.224ns)

    Location             Delay type                Incr(ns)  Path(ns)    Netlist Resource(s)
  -------------------------------------------------------------------    -------------------
                         (clock clk_pl_0 rise edge)
                                                      0.000     0.000 r  
    PS8_X0Y0             PS8                          0.000     0.000 r  ps_i/zynq_ultra_ps_e_0/inst/PS8_i/PLCLK[0]
                         net (fo=1, routed)           0.180     0.180    ps_i/zynq_ultra_ps_e_0/inst/pl_clk_unbuffered[0]
    BUFG_PS_X0Y80                                                     r  ps_i/zynq_ultra_ps_e_0/inst/buffer_pl_clk_0.PL_CLK_0_BUFG/I
    BUFG_PS_X0Y80        BUFG_PS (Prop_BUFG_PS_I_O)
                                                      0.028     0.208 r  ps_i/zynq_ultra_ps_e_0/inst/buffer_pl_clk_0.PL_CLK_0_BUFG/O
    X1Y2 (CLOCK_ROOT)    net (fo=6797, routed)        1.957     2.165    u_cve2_core/if_stage_i/pl_clk0
    SLICE_X75Y202        FDCE                                         r  u_cve2_core/if_stage_i/instr_rdata_id_o_reg[22]/C
  -------------------------------------------------------------------    -------------------
    SLICE_X75Y202        FDCE (Prop_DFF_SLICEL_C_Q)
                                                      0.079     2.244 r  u_cve2_core/if_stage_i/instr_rdata_id_o_reg[22]/Q
                         net (fo=140, routed)         0.541     2.785    u_cve2_core/register_file_i/Q[7]
    SLICE_X73Y195                                                     r  u_cve2_core/register_file_i/act_scale_hi_q_reg[21]_i_3/S
    SLICE_X73Y195        MUXF7 (Prop_F7MUX_CD_SLICEM_S_O)
                                                      0.077     2.862 f  u_cve2_core/register_file_i/act_scale_hi_q_reg[21]_i_3/O
                         net (fo=1, routed)           0.496     3.358    u_cve2_core/register_file_i/act_scale_hi_q_reg[21]_i_3_n_0
    SLICE_X79Y195                                                     f  u_cve2_core/register_file_i/act_scale_hi_q[21]_i_1/I1
    SLICE_X79Y195        LUT6 (Prop_G6LUT_SLICEM_I1_O)
                                                      0.090     3.448 f  u_cve2_core/register_file_i/act_scale_hi_q[21]_i_1/O
                         net (fo=9, routed)           0.213     3.661    u_cve2_core/vec_unit_i/rf_rdata_b[21]
    SLICE_X79Y190                                                     f  u_cve2_core/vec_unit_i/gen_mult_single_cycle.mult2_res_i_12/I1
    SLICE_X79Y190        LUT3 (Prop_F6LUT_SLICEM_I1_O)
                                                      0.098     3.759 f  u_cve2_core/vec_unit_i/gen_mult_single_cycle.mult2_res_i_12/O
                         net (fo=4, routed)           0.367     4.126    u_cve2_core/ex_block_i/gen_multdiv_fast.multdiv_i/gen_mult_single_cycle.mult2_res/B[5]
    DSP48E2_X9Y75                                                     f  u_cve2_core/ex_block_i/gen_multdiv_fast.multdiv_i/gen_mult_single_cycle.mult2_res/DSP_A_B_DATA_INST/B[5]
    DSP48E2_X9Y75        DSP_A_B_DATA (Prop_DSP_A_B_DATA_DSP48E2_B[5]_B2_DATA[5])
                                                      0.151     4.277 r  u_cve2_core/ex_block_i/gen_multdiv_fast.multdiv_i/gen_mult_single_cycle.mult2_res/DSP_A_B_DATA_INST/B2_DATA[5]
                         net (fo=1, routed)           0.000     4.277    u_cve2_core/ex_block_i/gen_multdiv_fast.multdiv_i/gen_mult_single_cycle.mult2_res/DSP_A_B_DATA.B2_DATA<5>
    DSP48E2_X9Y75                                                     r  u_cve2_core/ex_block_i/gen_multdiv_fast.multdiv_i/gen_mult_single_cycle.mult2_res/DSP_PREADD_DATA_INST/B2_DATA[5]
    DSP48E2_X9Y75        DSP_PREADD_DATA (Prop_DSP_PREADD_DATA_DSP48E2_B2_DATA[5]_B2B1[5])
                                                      0.073     4.350 r  u_cve2_core/ex_block_i/gen_multdiv_fast.multdiv_i/gen_mult_single_cycle.mult2_res/DSP_PREADD_DATA_INST/B2B1[5]
                         net (fo=1, routed)           0.000     4.350    u_cve2_core/ex_block_i/gen_multdiv_fast.multdiv_i/gen_mult_single_cycle.mult2_res/DSP_PREADD_DATA.B2B1<5>
    DSP48E2_X9Y75                                                     r  u_cve2_core/ex_block_i/gen_multdiv_fast.multdiv_i/gen_mult_single_cycle.mult2_res/DSP_MULTIPLIER_INST/B2B1[5]
    DSP48E2_X9Y75        DSP_MULTIPLIER (Prop_DSP_MULTIPLIER_DSP48E2_B2B1[5]_V[35])
                                                      0.609     4.959 f  u_cve2_core/ex_block_i/gen_multdiv_fast.multdiv_i/gen_mult_single_cycle.mult2_res/DSP_MULTIPLIER_INST/V[35]
                         net (fo=1, routed)           0.000     4.959    u_cve2_core/ex_block_i/gen_multdiv_fast.multdiv_i/gen_mult_single_cycle.mult2_res/DSP_MULTIPLIER.V<35>
    DSP48E2_X9Y75                                                     f  u_cve2_core/ex_block_i/gen_multdiv_fast.multdiv_i/gen_mult_single_cycle.mult2_res/DSP_M_DATA_INST/V[35]
    DSP48E2_X9Y75        DSP_M_DATA (Prop_DSP_M_DATA_DSP48E2_V[35]_V_DATA[35])
                                                      0.046     5.005 r  u_cve2_core/ex_block_i/gen_multdiv_fast.multdiv_i/gen_mult_single_cycle.mult2_res/DSP_M_DATA_INST/V_DATA[35]
                         net (fo=1, routed)           0.000     5.005    u_cve2_core/ex_block_i/gen_multdiv_fast.multdiv_i/gen_mult_single_cycle.mult2_res/DSP_M_DATA.V_DATA<35>
    DSP48E2_X9Y75                                                     r  u_cve2_core/ex_block_i/gen_multdiv_fast.multdiv_i/gen_mult_single_cycle.mult2_res/DSP_ALU_INST/V_DATA[35]
    DSP48E2_X9Y75        DSP_ALU (Prop_DSP_ALU_DSP48E2_V_DATA[35]_ALU_OUT[47])
                                                      0.571     5.576 f  u_cve2_core/ex_block_i/gen_multdiv_fast.multdiv_i/gen_mult_single_cycle.mult2_res/DSP_ALU_INST/ALU_OUT[47]
                         net (fo=1, routed)           0.000     5.576    u_cve2_core/ex_block_i/gen_multdiv_fast.multdiv_i/gen_mult_single_cycle.mult2_res/DSP_ALU.ALU_OUT<47>
    DSP48E2_X9Y75                                                     f  u_cve2_core/ex_block_i/gen_multdiv_fast.multdiv_i/gen_mult_single_cycle.mult2_res/DSP_OUTPUT_INST/ALU_OUT[47]
    DSP48E2_X9Y75        DSP_OUTPUT (Prop_DSP_OUTPUT_DSP48E2_ALU_OUT[47]_PCOUT[47])
                                                      0.122     5.698 r  u_cve2_core/ex_block_i/gen_multdiv_fast.multdiv_i/gen_mult_single_cycle.mult2_res/DSP_OUTPUT_INST/PCOUT[47]
                         net (fo=1, routed)           0.038     5.736    u_cve2_core/ex_block_i/gen_multdiv_fast.multdiv_i/mac_res_signed/PCIN[47]
    DSP48E2_X9Y76                                                     r  u_cve2_core/ex_block_i/gen_multdiv_fast.multdiv_i/mac_res_signed/DSP_ALU_INST/PCIN[47]
    DSP48E2_X9Y76        DSP_ALU (Prop_DSP_ALU_DSP48E2_PCIN[47]_ALU_OUT[47])
                                                      0.546     6.282 f  u_cve2_core/ex_block_i/gen_multdiv_fast.multdiv_i/mac_res_signed/DSP_ALU_INST/ALU_OUT[47]
                         net (fo=1, routed)           0.000     6.282    u_cve2_core/ex_block_i/gen_multdiv_fast.multdiv_i/mac_res_signed/DSP_ALU.ALU_OUT<47>
    DSP48E2_X9Y76                                                     f  u_cve2_core/ex_block_i/gen_multdiv_fast.multdiv_i/mac_res_signed/DSP_OUTPUT_INST/ALU_OUT[47]
    DSP48E2_X9Y76        DSP_OUTPUT (Prop_DSP_OUTPUT_DSP48E2_ALU_OUT[47]_PCOUT[47])
                                                      0.122     6.404 r  u_cve2_core/ex_block_i/gen_multdiv_fast.multdiv_i/mac_res_signed/DSP_OUTPUT_INST/PCOUT[47]
                         net (fo=1, routed)           0.014     6.418    u_cve2_core/ex_block_i/gen_multdiv_fast.multdiv_i/mac_res_signed__0/PCIN[47]
    DSP48E2_X9Y77                                                     r  u_cve2_core/ex_block_i/gen_multdiv_fast.multdiv_i/mac_res_signed__0/DSP_ALU_INST/PCIN[47]
    DSP48E2_X9Y77        DSP_ALU (Prop_DSP_ALU_DSP48E2_PCIN[47]_ALU_OUT[0])
                                                      0.546     6.964 r  u_cve2_core/ex_block_i/gen_multdiv_fast.multdiv_i/mac_res_signed__0/DSP_ALU_INST/ALU_OUT[0]
                         net (fo=1, routed)           0.000     6.964    u_cve2_core/ex_block_i/gen_multdiv_fast.multdiv_i/mac_res_signed__0/DSP_ALU.ALU_OUT<0>
    DSP48E2_X9Y77                                                     r  u_cve2_core/ex_block_i/gen_multdiv_fast.multdiv_i/mac_res_signed__0/DSP_OUTPUT_INST/ALU_OUT[0]
    DSP48E2_X9Y77        DSP_OUTPUT (Prop_DSP_OUTPUT_DSP48E2_ALU_OUT[0]_P[0])
                                                      0.109     7.073 f  u_cve2_core/ex_block_i/gen_multdiv_fast.multdiv_i/mac_res_signed__0/DSP_OUTPUT_INST/P[0]
                         net (fo=4, routed)           0.278     7.351    u_cve2_core/if_stage_i/gen_intermediate_val_reg[0].imd_val_q_reg[0][31]_0[0]
    SLICE_X74Y188                                                     f  u_cve2_core/if_stage_i/vrf_mem_reg_1_bram_0_i_240/I3
    SLICE_X74Y188        LUT6 (Prop_C6LUT_SLICEM_I3_O)
                                                      0.088     7.439 f  u_cve2_core/if_stage_i/vrf_mem_reg_1_bram_0_i_240/O
                         net (fo=1, routed)           0.149     7.588    u_cve2_core/if_stage_i/vrf_mem_reg_1_bram_0_i_240_n_0
    SLICE_X73Y190                                                     f  u_cve2_core/if_stage_i/vrf_mem_reg_1_bram_0_i_189/I0
    SLICE_X73Y190        LUT6 (Prop_C6LUT_SLICEM_I0_O)
                                                      0.098     7.686 f  u_cve2_core/if_stage_i/vrf_mem_reg_1_bram_0_i_189/O
                         net (fo=3, routed)           0.150     7.835    u_cve2_core/if_stage_i/gen_intermediate_val_reg[0].imd_val_q_reg[0][0]
    SLICE_X71Y191                                                     f  u_cve2_core/if_stage_i/FSM_sequential_state_q[2]_i_16/I1
    SLICE_X71Y191        LUT6 (Prop_D6LUT_SLICEM_I1_O)
                                                      0.088     7.923 r  u_cve2_core/if_stage_i/FSM_sequential_state_q[2]_i_16/O
                         net (fo=2, routed)           0.196     8.119    u_cve2_core/vec_unit_i/i_vrf/program_ram_reg_mux_sel_a_pos_3_0
    SLICE_X72Y191                                                     r  u_cve2_core/vec_unit_i/i_vrf/g_rf_flops[31].rf_reg_q[31][31]_i_31/I3
    SLICE_X72Y191        LUT6 (Prop_G6LUT_SLICEL_I3_O)
                                                      0.149     8.268 r  u_cve2_core/vec_unit_i/i_vrf/g_rf_flops[31].rf_reg_q[31][31]_i_31/O
                         net (fo=2, routed)           0.325     8.593    u_cve2_core/if_stage_i/vec_done
    SLICE_X73Y203                                                     r  u_cve2_core/if_stage_i/g_rf_flops[31].rf_reg_q[31][31]_i_13/I3
    SLICE_X73Y203        LUT6 (Prop_G6LUT_SLICEM_I3_O)
                                                      0.100     8.693 f  u_cve2_core/if_stage_i/g_rf_flops[31].rf_reg_q[31][31]_i_13/O
                         net (fo=10, routed)          0.296     8.990    u_cve2_core/id_stage_i/controller_i/counter_q[39]_i_4_0
    SLICE_X76Y207                                                     f  u_cve2_core/id_stage_i/controller_i/ctrl_fsm_cs[3]_i_14/I4
    SLICE_X76Y207        LUT6 (Prop_H6LUT_SLICEL_I4_O)
                                                      0.051     9.041 r  u_cve2_core/id_stage_i/controller_i/ctrl_fsm_cs[3]_i_14/O
                         net (fo=15, routed)          0.263     9.304    u_cve2_core/if_stage_i/instr_addr_q_reg[1]_4
    SLICE_X76Y215                                                     r  u_cve2_core/if_stage_i/counter_upd_i_40__0/I2
    SLICE_X76Y215        LUT6 (Prop_G6LUT_SLICEL_I2_O)
                                                      0.035     9.339 f  u_cve2_core/if_stage_i/counter_upd_i_40__0/O
                         net (fo=103, routed)         0.541     9.879    u_cve2_core/if_stage_i/counter_upd_i_40__0_n_0
    SLICE_X82Y230                                                     f  u_cve2_core/if_stage_i/counter_upd_i_2__4/I4
    SLICE_X82Y230        LUT5 (Prop_F6LUT_SLICEL_I4_O)
                                                      0.049     9.928 r  u_cve2_core/if_stage_i/counter_upd_i_2__4/O
                         net (fo=2, routed)           0.318    10.246    u_cve2_core/cs_registers_i/gen_cntrs[6].gen_imp.mcounters_variable_i/counter_upd/OPMODE[1]
    DSP48E2_X10Y92                                                    r  u_cve2_core/cs_registers_i/gen_cntrs[6].gen_imp.mcounters_variable_i/counter_upd/DSP_ALU_INST/OPMODE[1]
    DSP48E2_X10Y92       DSP_ALU (Prop_DSP_ALU_DSP48E2_OPMODE[1]_ALU_OUT[32])
                                                      0.790    11.036 f  u_cve2_core/cs_registers_i/gen_cntrs[6].gen_imp.mcounters_variable_i/counter_upd/DSP_ALU_INST/ALU_OUT[32]
                         net (fo=1, routed)           0.000    11.036    u_cve2_core/cs_registers_i/gen_cntrs[6].gen_imp.mcounters_variable_i/counter_upd/DSP_ALU.ALU_OUT<32>
    DSP48E2_X10Y92                                                    f  u_cve2_core/cs_registers_i/gen_cntrs[6].gen_imp.mcounters_variable_i/counter_upd/DSP_OUTPUT_INST/ALU_OUT[32]
    DSP48E2_X10Y92       DSP_OUTPUT (Prop_DSP_OUTPUT_DSP48E2_ALU_OUT[32]_P[32])
                                                      0.109    11.145 r  u_cve2_core/cs_registers_i/gen_cntrs[6].gen_imp.mcounters_variable_i/counter_upd/DSP_OUTPUT_INST/P[32]
                         net (fo=1, routed)           0.442    11.587    u_cve2_core/cs_registers_i/gen_cntrs[6].gen_imp.mcounters_variable_i/counter_upd_n_73
    SLICE_X83Y234        FDRE                                         r  u_cve2_core/cs_registers_i/gen_cntrs[6].gen_imp.mcounters_variable_i/counter_q_reg[32]/D
  -------------------------------------------------------------------    -------------------

                         (clock clk_pl_0 rise edge)
                                                     10.000    10.000 r  
    PS8_X0Y0             PS8                          0.000    10.000 r  ps_i/zynq_ultra_ps_e_0/inst/PS8_i/PLCLK[0]
                         net (fo=1, routed)           0.143    10.143    ps_i/zynq_ultra_ps_e_0/inst/pl_clk_unbuffered[0]
    BUFG_PS_X0Y80                                                     r  ps_i/zynq_ultra_ps_e_0/inst/buffer_pl_clk_0.PL_CLK_0_BUFG/I
    BUFG_PS_X0Y80        BUFG_PS (Prop_BUFG_PS_I_O)
                                                      0.025    10.168 r  ps_i/zynq_ultra_ps_e_0/inst/buffer_pl_clk_0.PL_CLK_0_BUFG/O
    X1Y2 (CLOCK_ROOT)    net (fo=6797, routed)        1.736    11.904    u_cve2_core/cs_registers_i/gen_cntrs[6].gen_imp.mcounters_variable_i/pl_clk0
    SLICE_X83Y234        FDRE                                         r  u_cve2_core/cs_registers_i/gen_cntrs[6].gen_imp.mcounters_variable_i/counter_q_reg[32]/C
                         clock pessimism              0.172    12.076    
                         clock uncertainty           -0.130    11.946    
    SLICE_X83Y234        FDRE (Setup_EFF_SLICEM_C_D)
                                                      0.025    11.971    u_cve2_core/cs_registers_i/gen_cntrs[6].gen_imp.mcounters_variable_i/counter_q_reg[32]
  -------------------------------------------------------------------
                         required time                         11.971    
                         arrival time                         -11.587    
  -------------------------------------------------------------------
                         slack                                  0.383    

Slack (MET) :             0.388ns  (required time - arrival time)
  Source:                 u_cve2_core/if_stage_i/instr_rdata_id_o_reg[22]/C
                            (rising edge-triggered cell FDCE clocked by clk_pl_0  {rise@0.000ns fall@5.000ns period=10.000ns})
  Destination:            u_cve2_core/cs_registers_i/gen_cntrs[6].gen_imp.mcounters_variable_i/counter_q_reg[20]/D
                            (rising edge-triggered cell FDRE clocked by clk_pl_0  {rise@0.000ns fall@5.000ns period=10.000ns})
  Path Group:             clk_pl_0
  Path Type:              Setup (Max at Slow Process Corner)
  Requirement:            10.000ns  (clk_pl_0 rise@10.000ns - clk_pl_0 rise@0.000ns)
  Data Path Delay:        9.416ns  (logic 4.796ns (50.933%)  route 4.620ns (49.067%))
  Logic Levels:           23  (DSP_A_B_DATA=1 DSP_ALU=4 DSP_M_DATA=1 DSP_MULTIPLIER=1 DSP_OUTPUT=4 DSP_PREADD_DATA=1 LUT3=1 LUT5=1 LUT6=8 MUXF7=1)
  Clock Path Skew:        -0.090ns (DCD - SCD + CPR)
    Destination Clock Delay (DCD):    1.903ns = ( 11.903 - 10.000 ) 
    Source Clock Delay      (SCD):    2.165ns
    Clock Pessimism Removal (CPR):    0.172ns
  Clock Uncertainty:      0.130ns  ((TSJ^2 + DJ^2)^1/2) / 2 + PE
    Total System Jitter     (TSJ):    0.071ns
    Discrete Jitter          (DJ):    0.250ns
    Phase Error              (PE):    0.000ns
  Clock Net Delay (Source):      1.957ns (routing 0.569ns, distribution 1.388ns)
  Clock Net Delay (Destination): 1.735ns (routing 0.512ns, distribution 1.223ns)

    Location             Delay type                Incr(ns)  Path(ns)    Netlist Resource(s)
  -------------------------------------------------------------------    -------------------
                         (clock clk_pl_0 rise edge)
                                                      0.000     0.000 r  
    PS8_X0Y0             PS8                          0.000     0.000 r  ps_i/zynq_ultra_ps_e_0/inst/PS8_i/PLCLK[0]
                         net (fo=1, routed)           0.180     0.180    ps_i/zynq_ultra_ps_e_0/inst/pl_clk_unbuffered[0]
    BUFG_PS_X0Y80                                                     r  ps_i/zynq_ultra_ps_e_0/inst/buffer_pl_clk_0.PL_CLK_0_BUFG/I
    BUFG_PS_X0Y80        BUFG_PS (Prop_BUFG_PS_I_O)
                                                      0.028     0.208 r  ps_i/zynq_ultra_ps_e_0/inst/buffer_pl_clk_0.PL_CLK_0_BUFG/O
    X1Y2 (CLOCK_ROOT)    net (fo=6797, routed)        1.957     2.165    u_cve2_core/if_stage_i/pl_clk0
    SLICE_X75Y202        FDCE                                         r  u_cve2_core/if_stage_i/instr_rdata_id_o_reg[22]/C
  -------------------------------------------------------------------    -------------------
    SLICE_X75Y202        FDCE (Prop_DFF_SLICEL_C_Q)
                                                      0.079     2.244 r  u_cve2_core/if_stage_i/instr_rdata_id_o_reg[22]/Q
                         net (fo=140, routed)         0.541     2.785    u_cve2_core/register_file_i/Q[7]
    SLICE_X73Y195                                                     r  u_cve2_core/register_file_i/act_scale_hi_q_reg[21]_i_3/S
    SLICE_X73Y195        MUXF7 (Prop_F7MUX_CD_SLICEM_S_O)
                                                      0.077     2.862 f  u_cve2_core/register_file_i/act_scale_hi_q_reg[21]_i_3/O
                         net (fo=1, routed)           0.496     3.358    u_cve2_core/register_file_i/act_scale_hi_q_reg[21]_i_3_n_0
    SLICE_X79Y195                                                     f  u_cve2_core/register_file_i/act_scale_hi_q[21]_i_1/I1
    SLICE_X79Y195        LUT6 (Prop_G6LUT_SLICEM_I1_O)
                                                      0.090     3.448 f  u_cve2_core/register_file_i/act_scale_hi_q[21]_i_1/O
                         net (fo=9, routed)           0.213     3.661    u_cve2_core/vec_unit_i/rf_rdata_b[21]
    SLICE_X79Y190                                                     f  u_cve2_core/vec_unit_i/gen_mult_single_cycle.mult2_res_i_12/I1
    SLICE_X79Y190        LUT3 (Prop_F6LUT_SLICEM_I1_O)
                                                      0.098     3.759 f  u_cve2_core/vec_unit_i/gen_mult_single_cycle.mult2_res_i_12/O
                         net (fo=4, routed)           0.367     4.126    u_cve2_core/ex_block_i/gen_multdiv_fast.multdiv_i/gen_mult_single_cycle.mult2_res/B[5]
    DSP48E2_X9Y75                                                     f  u_cve2_core/ex_block_i/gen_multdiv_fast.multdiv_i/gen_mult_single_cycle.mult2_res/DSP_A_B_DATA_INST/B[5]
    DSP48E2_X9Y75        DSP_A_B_DATA (Prop_DSP_A_B_DATA_DSP48E2_B[5]_B2_DATA[5])
                                                      0.151     4.277 r  u_cve2_core/ex_block_i/gen_multdiv_fast.multdiv_i/gen_mult_single_cycle.mult2_res/DSP_A_B_DATA_INST/B2_DATA[5]
                         net (fo=1, routed)           0.000     4.277    u_cve2_core/ex_block_i/gen_multdiv_fast.multdiv_i/gen_mult_single_cycle.mult2_res/DSP_A_B_DATA.B2_DATA<5>
    DSP48E2_X9Y75                                                     r  u_cve2_core/ex_block_i/gen_multdiv_fast.multdiv_i/gen_mult_single_cycle.mult2_res/DSP_PREADD_DATA_INST/B2_DATA[5]
    DSP48E2_X9Y75        DSP_PREADD_DATA (Prop_DSP_PREADD_DATA_DSP48E2_B2_DATA[5]_B2B1[5])
                                                      0.073     4.350 r  u_cve2_core/ex_block_i/gen_multdiv_fast.multdiv_i/gen_mult_single_cycle.mult2_res/DSP_PREADD_DATA_INST/B2B1[5]
                         net (fo=1, routed)           0.000     4.350    u_cve2_core/ex_block_i/gen_multdiv_fast.multdiv_i/gen_mult_single_cycle.mult2_res/DSP_PREADD_DATA.B2B1<5>
    DSP48E2_X9Y75                                                     r  u_cve2_core/ex_block_i/gen_multdiv_fast.multdiv_i/gen_mult_single_cycle.mult2_res/DSP_MULTIPLIER_INST/B2B1[5]
    DSP48E2_X9Y75        DSP_MULTIPLIER (Prop_DSP_MULTIPLIER_DSP48E2_B2B1[5]_V[35])
                                                      0.609     4.959 f  u_cve2_core/ex_block_i/gen_multdiv_fast.multdiv_i/gen_mult_single_cycle.mult2_res/DSP_MULTIPLIER_INST/V[35]
                         net (fo=1, routed)           0.000     4.959    u_cve2_core/ex_block_i/gen_multdiv_fast.multdiv_i/gen_mult_single_cycle.mult2_res/DSP_MULTIPLIER.V<35>
    DSP48E2_X9Y75                                                     f  u_cve2_core/ex_block_i/gen_multdiv_fast.multdiv_i/gen_mult_single_cycle.mult2_res/DSP_M_DATA_INST/V[35]
    DSP48E2_X9Y75        DSP_M_DATA (Prop_DSP_M_DATA_DSP48E2_V[35]_V_DATA[35])
                                                      0.046     5.005 r  u_cve2_core/ex_block_i/gen_multdiv_fast.multdiv_i/gen_mult_single_cycle.mult2_res/DSP_M_DATA_INST/V_DATA[35]
                         net (fo=1, routed)           0.000     5.005    u_cve2_core/ex_block_i/gen_multdiv_fast.multdiv_i/gen_mult_single_cycle.mult2_res/DSP_M_DATA.V_DATA<35>
    DSP48E2_X9Y75                                                     r  u_cve2_core/ex_block_i/gen_multdiv_fast.multdiv_i/gen_mult_single_cycle.mult2_res/DSP_ALU_INST/V_DATA[35]
    DSP48E2_X9Y75        DSP_ALU (Prop_DSP_ALU_DSP48E2_V_DATA[35]_ALU_OUT[47])
                                                      0.571     5.576 f  u_cve2_core/ex_block_i/gen_multdiv_fast.multdiv_i/gen_mult_single_cycle.mult2_res/DSP_ALU_INST/ALU_OUT[47]
                         net (fo=1, routed)           0.000     5.576    u_cve2_core/ex_block_i/gen_multdiv_fast.multdiv_i/gen_mult_single_cycle.mult2_res/DSP_ALU.ALU_OUT<47>
    DSP48E2_X9Y75                                                     f  u_cve2_core/ex_block_i/gen_multdiv_fast.multdiv_i/gen_mult_single_cycle.mult2_res/DSP_OUTPUT_INST/ALU_OUT[47]
    DSP48E2_X9Y75        DSP_OUTPUT (Prop_DSP_OUTPUT_DSP48E2_ALU_OUT[47]_PCOUT[47])
                                                      0.122     5.698 r  u_cve2_core/ex_block_i/gen_multdiv_fast.multdiv_i/gen_mult_single_cycle.mult2_res/DSP_OUTPUT_INST/PCOUT[47]
                         net (fo=1, routed)           0.038     5.736    u_cve2_core/ex_block_i/gen_multdiv_fast.multdiv_i/mac_res_signed/PCIN[47]
    DSP48E2_X9Y76                                                     r  u_cve2_core/ex_block_i/gen_multdiv_fast.multdiv_i/mac_res_signed/DSP_ALU_INST/PCIN[47]
    DSP48E2_X9Y76        DSP_ALU (Prop_DSP_ALU_DSP48E2_PCIN[47]_ALU_OUT[47])
                                                      0.546     6.282 f  u_cve2_core/ex_block_i/gen_multdiv_fast.multdiv_i/mac_res_signed/DSP_ALU_INST/ALU_OUT[47]
                         net (fo=1, routed)           0.000     6.282    u_cve2_core/ex_block_i/gen_multdiv_fast.multdiv_i/mac_res_signed/DSP_ALU.ALU_OUT<47>
    DSP48E2_X9Y76                                                     f  u_cve2_core/ex_block_i/gen_multdiv_fast.multdiv_i/mac_res_signed/DSP_OUTPUT_INST/ALU_OUT[47]
    DSP48E2_X9Y76        DSP_OUTPUT (Prop_DSP_OUTPUT_DSP48E2_ALU_OUT[47]_PCOUT[47])
                                                      0.122     6.404 r  u_cve2_core/ex_block_i/gen_multdiv_fast.multdiv_i/mac_res_signed/DSP_OUTPUT_INST/PCOUT[47]
                         net (fo=1, routed)           0.014     6.418    u_cve2_core/ex_block_i/gen_multdiv_fast.multdiv_i/mac_res_signed__0/PCIN[47]
    DSP48E2_X9Y77                                                     r  u_cve2_core/ex_block_i/gen_multdiv_fast.multdiv_i/mac_res_signed__0/DSP_ALU_INST/PCIN[47]
    DSP48E2_X9Y77        DSP_ALU (Prop_DSP_ALU_DSP48E2_PCIN[47]_ALU_OUT[0])
                                                      0.546     6.964 r  u_cve2_core/ex_block_i/gen_multdiv_fast.multdiv_i/mac_res_signed__0/DSP_ALU_INST/ALU_OUT[0]
                         net (fo=1, routed)           0.000     6.964    u_cve2_core/ex_block_i/gen_multdiv_fast.multdiv_i/mac_res_signed__0/DSP_ALU.ALU_OUT<0>
    DSP48E2_X9Y77                                                     r  u_cve2_core/ex_block_i/gen_multdiv_fast.multdiv_i/mac_res_signed__0/DSP_OUTPUT_INST/ALU_OUT[0]
    DSP48E2_X9Y77        DSP_OUTPUT (Prop_DSP_OUTPUT_DSP48E2_ALU_OUT[0]_P[0])
                                                      0.109     7.073 f  u_cve2_core/ex_block_i/gen_multdiv_fast.multdiv_i/mac_res_signed__0/DSP_OUTPUT_INST/P[0]
                         net (fo=4, routed)           0.278     7.351    u_cve2_core/if_stage_i/gen_intermediate_val_reg[0].imd_val_q_reg[0][31]_0[0]
    SLICE_X74Y188                                                     f  u_cve2_core/if_stage_i/vrf_mem_reg_1_bram_0_i_240/I3
    SLICE_X74Y188        LUT6 (Prop_C6LUT_SLICEM_I3_O)
                                                      0.088     7.439 f  u_cve2_core/if_stage_i/vrf_mem_reg_1_bram_0_i_240/O
                         net (fo=1, routed)           0.149     7.588    u_cve2_core/if_stage_i/vrf_mem_reg_1_bram_0_i_240_n_0
    SLICE_X73Y190                                                     f  u_cve2_core/if_stage_i/vrf_mem_reg_1_bram_0_i_189/I0
    SLICE_X73Y190        LUT6 (Prop_C6LUT_SLICEM_I0_O)
                                                      0.098     7.686 f  u_cve2_core/if_stage_i/vrf_mem_reg_1_bram_0_i_189/O
                         net (fo=3, routed)           0.150     7.835    u_cve2_core/if_stage_i/gen_intermediate_val_reg[0].imd_val_q_reg[0][0]
    SLICE_X71Y191                                                     f  u_cve2_core/if_stage_i/FSM_sequential_state_q[2]_i_16/I1
    SLICE_X71Y191        LUT6 (Prop_D6LUT_SLICEM_I1_O)
                                                      0.088     7.923 r  u_cve2_core/if_stage_i/FSM_sequential_state_q[2]_i_16/O
                         net (fo=2, routed)           0.196     8.119    u_cve2_core/vec_unit_i/i_vrf/program_ram_reg_mux_sel_a_pos_3_0
    SLICE_X72Y191                                                     r  u_cve2_core/vec_unit_i/i_vrf/g_rf_flops[31].rf_reg_q[31][31]_i_31/I3
    SLICE_X72Y191        LUT6 (Prop_G6LUT_SLICEL_I3_O)
                                                      0.149     8.268 r  u_cve2_core/vec_unit_i/i_vrf/g_rf_flops[31].rf_reg_q[31][31]_i_31/O
                         net (fo=2, routed)           0.325     8.593    u_cve2_core/if_stage_i/vec_done
    SLICE_X73Y203                                                     r  u_cve2_core/if_stage_i/g_rf_flops[31].rf_reg_q[31][31]_i_13/I3
    SLICE_X73Y203        LUT6 (Prop_G6LUT_SLICEM_I3_O)
                                                      0.100     8.693 f  u_cve2_core/if_stage_i/g_rf_flops[31].rf_reg_q[31][31]_i_13/O
                         net (fo=10, routed)          0.296     8.990    u_cve2_core/id_stage_i/controller_i/counter_q[39]_i_4_0
    SLICE_X76Y207                                                     f  u_cve2_core/id_stage_i/controller_i/ctrl_fsm_cs[3]_i_14/I4
    SLICE_X76Y207        LUT6 (Prop_H6LUT_SLICEL_I4_O)
                                                      0.051     9.041 r  u_cve2_core/id_stage_i/controller_i/ctrl_fsm_cs[3]_i_14/O
                         net (fo=15, routed)          0.263     9.304    u_cve2_core/if_stage_i/instr_addr_q_reg[1]_4
    SLICE_X76Y215                                                     r  u_cve2_core/if_stage_i/counter_upd_i_40__0/I2
    SLICE_X76Y215        LUT6 (Prop_G6LUT_SLICEL_I2_O)
                                                      0.035     9.339 f  u_cve2_core/if_stage_i/counter_upd_i_40__0/O
                         net (fo=103, routed)         0.541     9.879    u_cve2_core/if_stage_i/counter_upd_i_40__0_n_0
    SLICE_X82Y230                                                     f  u_cve2_core/if_stage_i/counter_upd_i_2__4/I4
    SLICE_X82Y230        LUT5 (Prop_F6LUT_SLICEL_I4_O)
                                                      0.049     9.928 r  u_cve2_core/if_stage_i/counter_upd_i_2__4/O
                         net (fo=2, routed)           0.318    10.246    u_cve2_core/cs_registers_i/gen_cntrs[6].gen_imp.mcounters_variable_i/counter_upd/OPMODE[1]
    DSP48E2_X10Y92                                                    r  u_cve2_core/cs_registers_i/gen_cntrs[6].gen_imp.mcounters_variable_i/counter_upd/DSP_ALU_INST/OPMODE[1]
    DSP48E2_X10Y92       DSP_ALU (Prop_DSP_ALU_DSP48E2_OPMODE[1]_ALU_OUT[20])
                                                      0.790    11.036 f  u_cve2_core/cs_registers_i/gen_cntrs[6].gen_imp.mcounters_variable_i/counter_upd/DSP_ALU_INST/ALU_OUT[20]
                         net (fo=1, routed)           0.000    11.036    u_cve2_core/cs_registers_i/gen_cntrs[6].gen_imp.mcounters_variable_i/counter_upd/DSP_ALU.ALU_OUT<20>
    DSP48E2_X10Y92                                                    f  u_cve2_core/cs_registers_i/gen_cntrs[6].gen_imp.mcounters_variable_i/counter_upd/DSP_OUTPUT_INST/ALU_OUT[20]
    DSP48E2_X10Y92       DSP_OUTPUT (Prop_DSP_OUTPUT_DSP48E2_ALU_OUT[20]_P[20])
                                                      0.109    11.145 r  u_cve2_core/cs_registers_i/gen_cntrs[6].gen_imp.mcounters_variable_i/counter_upd/DSP_OUTPUT_INST/P[20]
                         net (fo=1, routed)           0.436    11.581    u_cve2_core/cs_registers_i/gen_cntrs[6].gen_imp.mcounters_variable_i/counter_upd_n_85
    SLICE_X83Y232        FDRE                                         r  u_cve2_core/cs_registers_i/gen_cntrs[6].gen_imp.mcounters_variable_i/counter_q_reg[20]/D
  -------------------------------------------------------------------    -------------------

                         (clock clk_pl_0 rise edge)
                                                     10.000    10.000 r  
    PS8_X0Y0             PS8                          0.000    10.000 r  ps_i/zynq_ultra_ps_e_0/inst/PS8_i/PLCLK[0]
                         net (fo=1, routed)           0.143    10.143    ps_i/zynq_ultra_ps_e_0/inst/pl_clk_unbuffered[0]
    BUFG_PS_X0Y80                                                     r  ps_i/zynq_ultra_ps_e_0/inst/buffer_pl_clk_0.PL_CLK_0_BUFG/I
    BUFG_PS_X0Y80        BUFG_PS (Prop_BUFG_PS_I_O)
                                                      0.025    10.168 r  ps_i/zynq_ultra_ps_e_0/inst/buffer_pl_clk_0.PL_CLK_0_BUFG/O
    X1Y2 (CLOCK_ROOT)    net (fo=6797, routed)        1.735    11.903    u_cve2_core/cs_registers_i/gen_cntrs[6].gen_imp.mcounters_variable_i/pl_clk0
    SLICE_X83Y232        FDRE                                         r  u_cve2_core/cs_registers_i/gen_cntrs[6].gen_imp.mcounters_variable_i/counter_q_reg[20]/C
                         clock pessimism              0.172    12.075    
                         clock uncertainty           -0.130    11.945    
    SLICE_X83Y232        FDRE (Setup_FFF2_SLICEM_C_D)
                                                      0.025    11.970    u_cve2_core/cs_registers_i/gen_cntrs[6].gen_imp.mcounters_variable_i/counter_q_reg[20]
  -------------------------------------------------------------------
                         required time                         11.970    
                         arrival time                         -11.581    
  -------------------------------------------------------------------
                         slack                                  0.388    

Slack (MET) :             0.389ns  (required time - arrival time)
  Source:                 u_cve2_core/if_stage_i/instr_rdata_id_o_reg[22]/C
                            (rising edge-triggered cell FDCE clocked by clk_pl_0  {rise@0.000ns fall@5.000ns period=10.000ns})
  Destination:            u_cve2_core/cs_registers_i/gen_cntrs[6].gen_imp.mcounters_variable_i/counter_q_reg[11]/D
                            (rising edge-triggered cell FDRE clocked by clk_pl_0  {rise@0.000ns fall@5.000ns period=10.000ns})
  Path Group:             clk_pl_0
  Path Type:              Setup (Max at Slow Process Corner)
  Requirement:            10.000ns  (clk_pl_0 rise@10.000ns - clk_pl_0 rise@0.000ns)
  Data Path Delay:        9.415ns  (logic 4.796ns (50.938%)  route 4.619ns (49.062%))
  Logic Levels:           23  (DSP_A_B_DATA=1 DSP_ALU=4 DSP_M_DATA=1 DSP_MULTIPLIER=1 DSP_OUTPUT=4 DSP_PREADD_DATA=1 LUT3=1 LUT5=1 LUT6=8 MUXF7=1)
  Clock Path Skew:        -0.090ns (DCD - SCD + CPR)
    Destination Clock Delay (DCD):    1.903ns = ( 11.903 - 10.000 ) 
    Source Clock Delay      (SCD):    2.165ns
    Clock Pessimism Removal (CPR):    0.172ns
  Clock Uncertainty:      0.130ns  ((TSJ^2 + DJ^2)^1/2) / 2 + PE
    Total System Jitter     (TSJ):    0.071ns
    Discrete Jitter          (DJ):    0.250ns
    Phase Error              (PE):    0.000ns
  Clock Net Delay (Source):      1.957ns (routing 0.569ns, distribution 1.388ns)
  Clock Net Delay (Destination): 1.735ns (routing 0.512ns, distribution 1.223ns)

    Location             Delay type                Incr(ns)  Path(ns)    Netlist Resource(s)
  -------------------------------------------------------------------    -------------------
                         (clock clk_pl_0 rise edge)
                                                      0.000     0.000 r  
    PS8_X0Y0             PS8                          0.000     0.000 r  ps_i/zynq_ultra_ps_e_0/inst/PS8_i/PLCLK[0]
                         net (fo=1, routed)           0.180     0.180    ps_i/zynq_ultra_ps_e_0/inst/pl_clk_unbuffered[0]
    BUFG_PS_X0Y80                                                     r  ps_i/zynq_ultra_ps_e_0/inst/buffer_pl_clk_0.PL_CLK_0_BUFG/I
    BUFG_PS_X0Y80        BUFG_PS (Prop_BUFG_PS_I_O)
                                                      0.028     0.208 r  ps_i/zynq_ultra_ps_e_0/inst/buffer_pl_clk_0.PL_CLK_0_BUFG/O
    X1Y2 (CLOCK_ROOT)    net (fo=6797, routed)        1.957     2.165    u_cve2_core/if_stage_i/pl_clk0
    SLICE_X75Y202        FDCE                                         r  u_cve2_core/if_stage_i/instr_rdata_id_o_reg[22]/C
  -------------------------------------------------------------------    -------------------
    SLICE_X75Y202        FDCE (Prop_DFF_SLICEL_C_Q)
                                                      0.079     2.244 r  u_cve2_core/if_stage_i/instr_rdata_id_o_reg[22]/Q
                         net (fo=140, routed)         0.541     2.785    u_cve2_core/register_file_i/Q[7]
    SLICE_X73Y195                                                     r  u_cve2_core/register_file_i/act_scale_hi_q_reg[21]_i_3/S
    SLICE_X73Y195        MUXF7 (Prop_F7MUX_CD_SLICEM_S_O)
                                                      0.077     2.862 f  u_cve2_core/register_file_i/act_scale_hi_q_reg[21]_i_3/O
                         net (fo=1, routed)           0.496     3.358    u_cve2_core/register_file_i/act_scale_hi_q_reg[21]_i_3_n_0
    SLICE_X79Y195                                                     f  u_cve2_core/register_file_i/act_scale_hi_q[21]_i_1/I1
    SLICE_X79Y195        LUT6 (Prop_G6LUT_SLICEM_I1_O)
                                                      0.090     3.448 f  u_cve2_core/register_file_i/act_scale_hi_q[21]_i_1/O
                         net (fo=9, routed)           0.213     3.661    u_cve2_core/vec_unit_i/rf_rdata_b[21]
    SLICE_X79Y190                                                     f  u_cve2_core/vec_unit_i/gen_mult_single_cycle.mult2_res_i_12/I1
    SLICE_X79Y190        LUT3 (Prop_F6LUT_SLICEM_I1_O)
                                                      0.098     3.759 f  u_cve2_core/vec_unit_i/gen_mult_single_cycle.mult2_res_i_12/O
                         net (fo=4, routed)           0.367     4.126    u_cve2_core/ex_block_i/gen_multdiv_fast.multdiv_i/gen_mult_single_cycle.mult2_res/B[5]
    DSP48E2_X9Y75                                                     f  u_cve2_core/ex_block_i/gen_multdiv_fast.multdiv_i/gen_mult_single_cycle.mult2_res/DSP_A_B_DATA_INST/B[5]
    DSP48E2_X9Y75        DSP_A_B_DATA (Prop_DSP_A_B_DATA_DSP48E2_B[5]_B2_DATA[5])
                                                      0.151     4.277 r  u_cve2_core/ex_block_i/gen_multdiv_fast.multdiv_i/gen_mult_single_cycle.mult2_res/DSP_A_B_DATA_INST/B2_DATA[5]
                         net (fo=1, routed)           0.000     4.277    u_cve2_core/ex_block_i/gen_multdiv_fast.multdiv_i/gen_mult_single_cycle.mult2_res/DSP_A_B_DATA.B2_DATA<5>
    DSP48E2_X9Y75                                                     r  u_cve2_core/ex_block_i/gen_multdiv_fast.multdiv_i/gen_mult_single_cycle.mult2_res/DSP_PREADD_DATA_INST/B2_DATA[5]
    DSP48E2_X9Y75        DSP_PREADD_DATA (Prop_DSP_PREADD_DATA_DSP48E2_B2_DATA[5]_B2B1[5])
                                                      0.073     4.350 r  u_cve2_core/ex_block_i/gen_multdiv_fast.multdiv_i/gen_mult_single_cycle.mult2_res/DSP_PREADD_DATA_INST/B2B1[5]
                         net (fo=1, routed)           0.000     4.350    u_cve2_core/ex_block_i/gen_multdiv_fast.multdiv_i/gen_mult_single_cycle.mult2_res/DSP_PREADD_DATA.B2B1<5>
    DSP48E2_X9Y75                                                     r  u_cve2_core/ex_block_i/gen_multdiv_fast.multdiv_i/gen_mult_single_cycle.mult2_res/DSP_MULTIPLIER_INST/B2B1[5]
    DSP48E2_X9Y75        DSP_MULTIPLIER (Prop_DSP_MULTIPLIER_DSP48E2_B2B1[5]_V[35])
                                                      0.609     4.959 f  u_cve2_core/ex_block_i/gen_multdiv_fast.multdiv_i/gen_mult_single_cycle.mult2_res/DSP_MULTIPLIER_INST/V[35]
                         net (fo=1, routed)           0.000     4.959    u_cve2_core/ex_block_i/gen_multdiv_fast.multdiv_i/gen_mult_single_cycle.mult2_res/DSP_MULTIPLIER.V<35>
    DSP48E2_X9Y75                                                     f  u_cve2_core/ex_block_i/gen_multdiv_fast.multdiv_i/gen_mult_single_cycle.mult2_res/DSP_M_DATA_INST/V[35]
    DSP48E2_X9Y75        DSP_M_DATA (Prop_DSP_M_DATA_DSP48E2_V[35]_V_DATA[35])
                                                      0.046     5.005 r  u_cve2_core/ex_block_i/gen_multdiv_fast.multdiv_i/gen_mult_single_cycle.mult2_res/DSP_M_DATA_INST/V_DATA[35]
                         net (fo=1, routed)           0.000     5.005    u_cve2_core/ex_block_i/gen_multdiv_fast.multdiv_i/gen_mult_single_cycle.mult2_res/DSP_M_DATA.V_DATA<35>
    DSP48E2_X9Y75                                                     r  u_cve2_core/ex_block_i/gen_multdiv_fast.multdiv_i/gen_mult_single_cycle.mult2_res/DSP_ALU_INST/V_DATA[35]
    DSP48E2_X9Y75        DSP_ALU (Prop_DSP_ALU_DSP48E2_V_DATA[35]_ALU_OUT[47])
                                                      0.571     5.576 f  u_cve2_core/ex_block_i/gen_multdiv_fast.multdiv_i/gen_mult_single_cycle.mult2_res/DSP_ALU_INST/ALU_OUT[47]
                         net (fo=1, routed)           0.000     5.576    u_cve2_core/ex_block_i/gen_multdiv_fast.multdiv_i/gen_mult_single_cycle.mult2_res/DSP_ALU.ALU_OUT<47>
    DSP48E2_X9Y75                                                     f  u_cve2_core/ex_block_i/gen_multdiv_fast.multdiv_i/gen_mult_single_cycle.mult2_res/DSP_OUTPUT_INST/ALU_OUT[47]
    DSP48E2_X9Y75        DSP_OUTPUT (Prop_DSP_OUTPUT_DSP48E2_ALU_OUT[47]_PCOUT[47])
                                                      0.122     5.698 r  u_cve2_core/ex_block_i/gen_multdiv_fast.multdiv_i/gen_mult_single_cycle.mult2_res/DSP_OUTPUT_INST/PCOUT[47]
                         net (fo=1, routed)           0.038     5.736    u_cve2_core/ex_block_i/gen_multdiv_fast.multdiv_i/mac_res_signed/PCIN[47]
    DSP48E2_X9Y76                                                     r  u_cve2_core/ex_block_i/gen_multdiv_fast.multdiv_i/mac_res_signed/DSP_ALU_INST/PCIN[47]
    DSP48E2_X9Y76        DSP_ALU (Prop_DSP_ALU_DSP48E2_PCIN[47]_ALU_OUT[47])
                                                      0.546     6.282 f  u_cve2_core/ex_block_i/gen_multdiv_fast.multdiv_i/mac_res_signed/DSP_ALU_INST/ALU_OUT[47]
                         net (fo=1, routed)           0.000     6.282    u_cve2_core/ex_block_i/gen_multdiv_fast.multdiv_i/mac_res_signed/DSP_ALU.ALU_OUT<47>
    DSP48E2_X9Y76                                                     f  u_cve2_core/ex_block_i/gen_multdiv_fast.multdiv_i/mac_res_signed/DSP_OUTPUT_INST/ALU_OUT[47]
    DSP48E2_X9Y76        DSP_OUTPUT (Prop_DSP_OUTPUT_DSP48E2_ALU_OUT[47]_PCOUT[47])
                                                      0.122     6.404 r  u_cve2_core/ex_block_i/gen_multdiv_fast.multdiv_i/mac_res_signed/DSP_OUTPUT_INST/PCOUT[47]
                         net (fo=1, routed)           0.014     6.418    u_cve2_core/ex_block_i/gen_multdiv_fast.multdiv_i/mac_res_signed__0/PCIN[47]
    DSP48E2_X9Y77                                                     r  u_cve2_core/ex_block_i/gen_multdiv_fast.multdiv_i/mac_res_signed__0/DSP_ALU_INST/PCIN[47]
    DSP48E2_X9Y77        DSP_ALU (Prop_DSP_ALU_DSP48E2_PCIN[47]_ALU_OUT[0])
                                                      0.546     6.964 r  u_cve2_core/ex_block_i/gen_multdiv_fast.multdiv_i/mac_res_signed__0/DSP_ALU_INST/ALU_OUT[0]
                         net (fo=1, routed)           0.000     6.964    u_cve2_core/ex_block_i/gen_multdiv_fast.multdiv_i/mac_res_signed__0/DSP_ALU.ALU_OUT<0>
    DSP48E2_X9Y77                                                     r  u_cve2_core/ex_block_i/gen_multdiv_fast.multdiv_i/mac_res_signed__0/DSP_OUTPUT_INST/ALU_OUT[0]
    DSP48E2_X9Y77        DSP_OUTPUT (Prop_DSP_OUTPUT_DSP48E2_ALU_OUT[0]_P[0])
                                                      0.109     7.073 f  u_cve2_core/ex_block_i/gen_multdiv_fast.multdiv_i/mac_res_signed__0/DSP_OUTPUT_INST/P[0]
                         net (fo=4, routed)           0.278     7.351    u_cve2_core/if_stage_i/gen_intermediate_val_reg[0].imd_val_q_reg[0][31]_0[0]
    SLICE_X74Y188                                                     f  u_cve2_core/if_stage_i/vrf_mem_reg_1_bram_0_i_240/I3
    SLICE_X74Y188        LUT6 (Prop_C6LUT_SLICEM_I3_O)
                                                      0.088     7.439 f  u_cve2_core/if_stage_i/vrf_mem_reg_1_bram_0_i_240/O
                         net (fo=1, routed)           0.149     7.588    u_cve2_core/if_stage_i/vrf_mem_reg_1_bram_0_i_240_n_0
    SLICE_X73Y190                                                     f  u_cve2_core/if_stage_i/vrf_mem_reg_1_bram_0_i_189/I0
    SLICE_X73Y190        LUT6 (Prop_C6LUT_SLICEM_I0_O)
                                                      0.098     7.686 f  u_cve2_core/if_stage_i/vrf_mem_reg_1_bram_0_i_189/O
                         net (fo=3, routed)           0.150     7.835    u_cve2_core/if_stage_i/gen_intermediate_val_reg[0].imd_val_q_reg[0][0]
    SLICE_X71Y191                                                     f  u_cve2_core/if_stage_i/FSM_sequential_state_q[2]_i_16/I1
    SLICE_X71Y191        LUT6 (Prop_D6LUT_SLICEM_I1_O)
                                                      0.088     7.923 r  u_cve2_core/if_stage_i/FSM_sequential_state_q[2]_i_16/O
                         net (fo=2, routed)           0.196     8.119    u_cve2_core/vec_unit_i/i_vrf/program_ram_reg_mux_sel_a_pos_3_0
    SLICE_X72Y191                                                     r  u_cve2_core/vec_unit_i/i_vrf/g_rf_flops[31].rf_reg_q[31][31]_i_31/I3
    SLICE_X72Y191        LUT6 (Prop_G6LUT_SLICEL_I3_O)
                                                      0.149     8.268 r  u_cve2_core/vec_unit_i/i_vrf/g_rf_flops[31].rf_reg_q[31][31]_i_31/O
                         net (fo=2, routed)           0.325     8.593    u_cve2_core/if_stage_i/vec_done
    SLICE_X73Y203                                                     r  u_cve2_core/if_stage_i/g_rf_flops[31].rf_reg_q[31][31]_i_13/I3
    SLICE_X73Y203        LUT6 (Prop_G6LUT_SLICEM_I3_O)
                                                      0.100     8.693 f  u_cve2_core/if_stage_i/g_rf_flops[31].rf_reg_q[31][31]_i_13/O
                         net (fo=10, routed)          0.296     8.990    u_cve2_core/id_stage_i/controller_i/counter_q[39]_i_4_0
    SLICE_X76Y207                                                     f  u_cve2_core/id_stage_i/controller_i/ctrl_fsm_cs[3]_i_14/I4
    SLICE_X76Y207        LUT6 (Prop_H6LUT_SLICEL_I4_O)
                                                      0.051     9.041 r  u_cve2_core/id_stage_i/controller_i/ctrl_fsm_cs[3]_i_14/O
                         net (fo=15, routed)          0.263     9.304    u_cve2_core/if_stage_i/instr_addr_q_reg[1]_4
    SLICE_X76Y215                                                     r  u_cve2_core/if_stage_i/counter_upd_i_40__0/I2
    SLICE_X76Y215        LUT6 (Prop_G6LUT_SLICEL_I2_O)
                                                      0.035     9.339 f  u_cve2_core/if_stage_i/counter_upd_i_40__0/O
                         net (fo=103, routed)         0.541     9.879    u_cve2_core/if_stage_i/counter_upd_i_40__0_n_0
    SLICE_X82Y230                                                     f  u_cve2_core/if_stage_i/counter_upd_i_2__4/I4
    SLICE_X82Y230        LUT5 (Prop_F6LUT_SLICEL_I4_O)
                                                      0.049     9.928 r  u_cve2_core/if_stage_i/counter_upd_i_2__4/O
                         net (fo=2, routed)           0.318    10.246    u_cve2_core/cs_registers_i/gen_cntrs[6].gen_imp.mcounters_variable_i/counter_upd/OPMODE[1]
    DSP48E2_X10Y92                                                    r  u_cve2_core/cs_registers_i/gen_cntrs[6].gen_imp.mcounters_variable_i/counter_upd/DSP_ALU_INST/OPMODE[1]
    DSP48E2_X10Y92       DSP_ALU (Prop_DSP_ALU_DSP48E2_OPMODE[1]_ALU_OUT[11])
                                                      0.790    11.036 f  u_cve2_core/cs_registers_i/gen_cntrs[6].gen_imp.mcounters_variable_i/counter_upd/DSP_ALU_INST/ALU_OUT[11]
                         net (fo=1, routed)           0.000    11.036    u_cve2_core/cs_registers_i/gen_cntrs[6].gen_imp.mcounters_variable_i/counter_upd/DSP_ALU.ALU_OUT<11>
    DSP48E2_X10Y92                                                    f  u_cve2_core/cs_registers_i/gen_cntrs[6].gen_imp.mcounters_variable_i/counter_upd/DSP_OUTPUT_INST/ALU_OUT[11]
    DSP48E2_X10Y92       DSP_OUTPUT (Prop_DSP_OUTPUT_DSP48E2_ALU_OUT[11]_P[11])
                                                      0.109    11.145 r  u_cve2_core/cs_registers_i/gen_cntrs[6].gen_imp.mcounters_variable_i/counter_upd/DSP_OUTPUT_INST/P[11]
                         net (fo=1, routed)           0.435    11.580    u_cve2_core/cs_registers_i/gen_cntrs[6].gen_imp.mcounters_variable_i/counter_upd_n_94
    SLICE_X83Y231        FDRE                                         r  u_cve2_core/cs_registers_i/gen_cntrs[6].gen_imp.mcounters_variable_i/counter_q_reg[11]/D
  -------------------------------------------------------------------    -------------------

                         (clock clk_pl_0 rise edge)
                                                     10.000    10.000 r  
    PS8_X0Y0             PS8                          0.000    10.000 r  ps_i/zynq_ultra_ps_e_0/inst/PS8_i/PLCLK[0]
                         net (fo=1, routed)           0.143    10.143    ps_i/zynq_ultra_ps_e_0/inst/pl_clk_unbuffered[0]
    BUFG_PS_X0Y80                                                     r  ps_i/zynq_ultra_ps_e_0/inst/buffer_pl_clk_0.PL_CLK_0_BUFG/I
    BUFG_PS_X0Y80        BUFG_PS (Prop_BUFG_PS_I_O)
                                                      0.025    10.168 r  ps_i/zynq_ultra_ps_e_0/inst/buffer_pl_clk_0.PL_CLK_0_BUFG/O
    X1Y2 (CLOCK_ROOT)    net (fo=6797, routed)        1.735    11.903    u_cve2_core/cs_registers_i/gen_cntrs[6].gen_imp.mcounters_variable_i/pl_clk0
    SLICE_X83Y231        FDRE                                         r  u_cve2_core/cs_registers_i/gen_cntrs[6].gen_imp.mcounters_variable_i/counter_q_reg[11]/C
                         clock pessimism              0.172    12.075    
                         clock uncertainty           -0.130    11.945    
    SLICE_X83Y231        FDRE (Setup_GFF2_SLICEM_C_D)
                                                      0.025    11.970    u_cve2_core/cs_registers_i/gen_cntrs[6].gen_imp.mcounters_variable_i/counter_q_reg[11]
  -------------------------------------------------------------------
                         required time                         11.970    
                         arrival time                         -11.580    
  -------------------------------------------------------------------
                         slack                                  0.389    

Slack (MET) :             0.399ns  (required time - arrival time)
  Source:                 u_cve2_core/if_stage_i/instr_rdata_id_o_reg[22]/C
                            (rising edge-triggered cell FDCE clocked by clk_pl_0  {rise@0.000ns fall@5.000ns period=10.000ns})
  Destination:            u_cve2_core/cs_registers_i/gen_cntrs[6].gen_imp.mcounters_variable_i/counter_q_reg[29]/D
                            (rising edge-triggered cell FDRE clocked by clk_pl_0  {rise@0.000ns fall@5.000ns period=10.000ns})
  Path Group:             clk_pl_0
  Path Type:              Setup (Max at Slow Process Corner)
  Requirement:            10.000ns  (clk_pl_0 rise@10.000ns - clk_pl_0 rise@0.000ns)
  Data Path Delay:        9.406ns  (logic 4.796ns (50.987%)  route 4.610ns (49.013%))
  Logic Levels:           23  (DSP_A_B_DATA=1 DSP_ALU=4 DSP_M_DATA=1 DSP_MULTIPLIER=1 DSP_OUTPUT=4 DSP_PREADD_DATA=1 LUT3=1 LUT5=1 LUT6=8 MUXF7=1)
  Clock Path Skew:        -0.089ns (DCD - SCD + CPR)
    Destination Clock Delay (DCD):    1.904ns = ( 11.904 - 10.000 ) 
    Source Clock Delay      (SCD):    2.165ns
    Clock Pessimism Removal (CPR):    0.172ns
  Clock Uncertainty:      0.130ns  ((TSJ^2 + DJ^2)^1/2) / 2 + PE
    Total System Jitter     (TSJ):    0.071ns
    Discrete Jitter          (DJ):    0.250ns
    Phase Error              (PE):    0.000ns
  Clock Net Delay (Source):      1.957ns (routing 0.569ns, distribution 1.388ns)
  Clock Net Delay (Destination): 1.736ns (routing 0.512ns, distribution 1.224ns)

    Location             Delay type                Incr(ns)  Path(ns)    Netlist Resource(s)
  -------------------------------------------------------------------    -------------------
                         (clock clk_pl_0 rise edge)
                                                      0.000     0.000 r  
    PS8_X0Y0             PS8                          0.000     0.000 r  ps_i/zynq_ultra_ps_e_0/inst/PS8_i/PLCLK[0]
                         net (fo=1, routed)           0.180     0.180    ps_i/zynq_ultra_ps_e_0/inst/pl_clk_unbuffered[0]
    BUFG_PS_X0Y80                                                     r  ps_i/zynq_ultra_ps_e_0/inst/buffer_pl_clk_0.PL_CLK_0_BUFG/I
    BUFG_PS_X0Y80        BUFG_PS (Prop_BUFG_PS_I_O)
                                                      0.028     0.208 r  ps_i/zynq_ultra_ps_e_0/inst/buffer_pl_clk_0.PL_CLK_0_BUFG/O
    X1Y2 (CLOCK_ROOT)    net (fo=6797, routed)        1.957     2.165    u_cve2_core/if_stage_i/pl_clk0
    SLICE_X75Y202        FDCE                                         r  u_cve2_core/if_stage_i/instr_rdata_id_o_reg[22]/C
  -------------------------------------------------------------------    -------------------
    SLICE_X75Y202        FDCE (Prop_DFF_SLICEL_C_Q)
                                                      0.079     2.244 r  u_cve2_core/if_stage_i/instr_rdata_id_o_reg[22]/Q
                         net (fo=140, routed)         0.541     2.785    u_cve2_core/register_file_i/Q[7]
    SLICE_X73Y195                                                     r  u_cve2_core/register_file_i/act_scale_hi_q_reg[21]_i_3/S
    SLICE_X73Y195        MUXF7 (Prop_F7MUX_CD_SLICEM_S_O)
                                                      0.077     2.862 f  u_cve2_core/register_file_i/act_scale_hi_q_reg[21]_i_3/O
                         net (fo=1, routed)           0.496     3.358    u_cve2_core/register_file_i/act_scale_hi_q_reg[21]_i_3_n_0
    SLICE_X79Y195                                                     f  u_cve2_core/register_file_i/act_scale_hi_q[21]_i_1/I1
    SLICE_X79Y195        LUT6 (Prop_G6LUT_SLICEM_I1_O)
                                                      0.090     3.448 f  u_cve2_core/register_file_i/act_scale_hi_q[21]_i_1/O
                         net (fo=9, routed)           0.213     3.661    u_cve2_core/vec_unit_i/rf_rdata_b[21]
    SLICE_X79Y190                                                     f  u_cve2_core/vec_unit_i/gen_mult_single_cycle.mult2_res_i_12/I1
    SLICE_X79Y190        LUT3 (Prop_F6LUT_SLICEM_I1_O)
                                                      0.098     3.759 f  u_cve2_core/vec_unit_i/gen_mult_single_cycle.mult2_res_i_12/O
                         net (fo=4, routed)           0.367     4.126    u_cve2_core/ex_block_i/gen_multdiv_fast.multdiv_i/gen_mult_single_cycle.mult2_res/B[5]
    DSP48E2_X9Y75                                                     f  u_cve2_core/ex_block_i/gen_multdiv_fast.multdiv_i/gen_mult_single_cycle.mult2_res/DSP_A_B_DATA_INST/B[5]
    DSP48E2_X9Y75        DSP_A_B_DATA (Prop_DSP_A_B_DATA_DSP48E2_B[5]_B2_DATA[5])
                                                      0.151     4.277 r  u_cve2_core/ex_block_i/gen_multdiv_fast.multdiv_i/gen_mult_single_cycle.mult2_res/DSP_A_B_DATA_INST/B2_DATA[5]
                         net (fo=1, routed)           0.000     4.277    u_cve2_core/ex_block_i/gen_multdiv_fast.multdiv_i/gen_mult_single_cycle.mult2_res/DSP_A_B_DATA.B2_DATA<5>
    DSP48E2_X9Y75                                                     r  u_cve2_core/ex_block_i/gen_multdiv_fast.multdiv_i/gen_mult_single_cycle.mult2_res/DSP_PREADD_DATA_INST/B2_DATA[5]
    DSP48E2_X9Y75        DSP_PREADD_DATA (Prop_DSP_PREADD_DATA_DSP48E2_B2_DATA[5]_B2B1[5])
                                                      0.073     4.350 r  u_cve2_core/ex_block_i/gen_multdiv_fast.multdiv_i/gen_mult_single_cycle.mult2_res/DSP_PREADD_DATA_INST/B2B1[5]
                         net (fo=1, routed)           0.000     4.350    u_cve2_core/ex_block_i/gen_multdiv_fast.multdiv_i/gen_mult_single_cycle.mult2_res/DSP_PREADD_DATA.B2B1<5>
    DSP48E2_X9Y75                                                     r  u_cve2_core/ex_block_i/gen_multdiv_fast.multdiv_i/gen_mult_single_cycle.mult2_res/DSP_MULTIPLIER_INST/B2B1[5]
    DSP48E2_X9Y75        DSP_MULTIPLIER (Prop_DSP_MULTIPLIER_DSP48E2_B2B1[5]_V[35])
                                                      0.609     4.959 f  u_cve2_core/ex_block_i/gen_multdiv_fast.multdiv_i/gen_mult_single_cycle.mult2_res/DSP_MULTIPLIER_INST/V[35]
                         net (fo=1, routed)           0.000     4.959    u_cve2_core/ex_block_i/gen_multdiv_fast.multdiv_i/gen_mult_single_cycle.mult2_res/DSP_MULTIPLIER.V<35>
    DSP48E2_X9Y75                                                     f  u_cve2_core/ex_block_i/gen_multdiv_fast.multdiv_i/gen_mult_single_cycle.mult2_res/DSP_M_DATA_INST/V[35]
    DSP48E2_X9Y75        DSP_M_DATA (Prop_DSP_M_DATA_DSP48E2_V[35]_V_DATA[35])
                                                      0.046     5.005 r  u_cve2_core/ex_block_i/gen_multdiv_fast.multdiv_i/gen_mult_single_cycle.mult2_res/DSP_M_DATA_INST/V_DATA[35]
                         net (fo=1, routed)           0.000     5.005    u_cve2_core/ex_block_i/gen_multdiv_fast.multdiv_i/gen_mult_single_cycle.mult2_res/DSP_M_DATA.V_DATA<35>
    DSP48E2_X9Y75                                                     r  u_cve2_core/ex_block_i/gen_multdiv_fast.multdiv_i/gen_mult_single_cycle.mult2_res/DSP_ALU_INST/V_DATA[35]
    DSP48E2_X9Y75        DSP_ALU (Prop_DSP_ALU_DSP48E2_V_DATA[35]_ALU_OUT[47])
                                                      0.571     5.576 f  u_cve2_core/ex_block_i/gen_multdiv_fast.multdiv_i/gen_mult_single_cycle.mult2_res/DSP_ALU_INST/ALU_OUT[47]
                         net (fo=1, routed)           0.000     5.576    u_cve2_core/ex_block_i/gen_multdiv_fast.multdiv_i/gen_mult_single_cycle.mult2_res/DSP_ALU.ALU_OUT<47>
    DSP48E2_X9Y75                                                     f  u_cve2_core/ex_block_i/gen_multdiv_fast.multdiv_i/gen_mult_single_cycle.mult2_res/DSP_OUTPUT_INST/ALU_OUT[47]
    DSP48E2_X9Y75        DSP_OUTPUT (Prop_DSP_OUTPUT_DSP48E2_ALU_OUT[47]_PCOUT[47])
                                                      0.122     5.698 r  u_cve2_core/ex_block_i/gen_multdiv_fast.multdiv_i/gen_mult_single_cycle.mult2_res/DSP_OUTPUT_INST/PCOUT[47]
                         net (fo=1, routed)           0.038     5.736    u_cve2_core/ex_block_i/gen_multdiv_fast.multdiv_i/mac_res_signed/PCIN[47]
    DSP48E2_X9Y76                                                     r  u_cve2_core/ex_block_i/gen_multdiv_fast.multdiv_i/mac_res_signed/DSP_ALU_INST/PCIN[47]
    DSP48E2_X9Y76        DSP_ALU (Prop_DSP_ALU_DSP48E2_PCIN[47]_ALU_OUT[47])
                                                      0.546     6.282 f  u_cve2_core/ex_block_i/gen_multdiv_fast.multdiv_i/mac_res_signed/DSP_ALU_INST/ALU_OUT[47]
                         net (fo=1, routed)           0.000     6.282    u_cve2_core/ex_block_i/gen_multdiv_fast.multdiv_i/mac_res_signed/DSP_ALU.ALU_OUT<47>
    DSP48E2_X9Y76                                                     f  u_cve2_core/ex_block_i/gen_multdiv_fast.multdiv_i/mac_res_signed/DSP_OUTPUT_INST/ALU_OUT[47]
    DSP48E2_X9Y76        DSP_OUTPUT (Prop_DSP_OUTPUT_DSP48E2_ALU_OUT[47]_PCOUT[47])
                                                      0.122     6.404 r  u_cve2_core/ex_block_i/gen_multdiv_fast.multdiv_i/mac_res_signed/DSP_OUTPUT_INST/PCOUT[47]
                         net (fo=1, routed)           0.014     6.418    u_cve2_core/ex_block_i/gen_multdiv_fast.multdiv_i/mac_res_signed__0/PCIN[47]
    DSP48E2_X9Y77                                                     r  u_cve2_core/ex_block_i/gen_multdiv_fast.multdiv_i/mac_res_signed__0/DSP_ALU_INST/PCIN[47]
    DSP48E2_X9Y77        DSP_ALU (Prop_DSP_ALU_DSP48E2_PCIN[47]_ALU_OUT[0])
                                                      0.546     6.964 r  u_cve2_core/ex_block_i/gen_multdiv_fast.multdiv_i/mac_res_signed__0/DSP_ALU_INST/ALU_OUT[0]
                         net (fo=1, routed)           0.000     6.964    u_cve2_core/ex_block_i/gen_multdiv_fast.multdiv_i/mac_res_signed__0/DSP_ALU.ALU_OUT<0>
    DSP48E2_X9Y77                                                     r  u_cve2_core/ex_block_i/gen_multdiv_fast.multdiv_i/mac_res_signed__0/DSP_OUTPUT_INST/ALU_OUT[0]
    DSP48E2_X9Y77        DSP_OUTPUT (Prop_DSP_OUTPUT_DSP48E2_ALU_OUT[0]_P[0])
                                                      0.109     7.073 f  u_cve2_core/ex_block_i/gen_multdiv_fast.multdiv_i/mac_res_signed__0/DSP_OUTPUT_INST/P[0]
                         net (fo=4, routed)           0.278     7.351    u_cve2_core/if_stage_i/gen_intermediate_val_reg[0].imd_val_q_reg[0][31]_0[0]
    SLICE_X74Y188                                                     f  u_cve2_core/if_stage_i/vrf_mem_reg_1_bram_0_i_240/I3
    SLICE_X74Y188        LUT6 (Prop_C6LUT_SLICEM_I3_O)
                                                      0.088     7.439 f  u_cve2_core/if_stage_i/vrf_mem_reg_1_bram_0_i_240/O
                         net (fo=1, routed)           0.149     7.588    u_cve2_core/if_stage_i/vrf_mem_reg_1_bram_0_i_240_n_0
    SLICE_X73Y190                                                     f  u_cve2_core/if_stage_i/vrf_mem_reg_1_bram_0_i_189/I0
    SLICE_X73Y190        LUT6 (Prop_C6LUT_SLICEM_I0_O)
                                                      0.098     7.686 f  u_cve2_core/if_stage_i/vrf_mem_reg_1_bram_0_i_189/O
                         net (fo=3, routed)           0.150     7.835    u_cve2_core/if_stage_i/gen_intermediate_val_reg[0].imd_val_q_reg[0][0]
    SLICE_X71Y191                                                     f  u_cve2_core/if_stage_i/FSM_sequential_state_q[2]_i_16/I1
    SLICE_X71Y191        LUT6 (Prop_D6LUT_SLICEM_I1_O)
                                                      0.088     7.923 r  u_cve2_core/if_stage_i/FSM_sequential_state_q[2]_i_16/O
                         net (fo=2, routed)           0.196     8.119    u_cve2_core/vec_unit_i/i_vrf/program_ram_reg_mux_sel_a_pos_3_0
    SLICE_X72Y191                                                     r  u_cve2_core/vec_unit_i/i_vrf/g_rf_flops[31].rf_reg_q[31][31]_i_31/I3
    SLICE_X72Y191        LUT6 (Prop_G6LUT_SLICEL_I3_O)
                                                      0.149     8.268 r  u_cve2_core/vec_unit_i/i_vrf/g_rf_flops[31].rf_reg_q[31][31]_i_31/O
                         net (fo=2, routed)           0.325     8.593    u_cve2_core/if_stage_i/vec_done
    SLICE_X73Y203                                                     r  u_cve2_core/if_stage_i/g_rf_flops[31].rf_reg_q[31][31]_i_13/I3
    SLICE_X73Y203        LUT6 (Prop_G6LUT_SLICEM_I3_O)
                                                      0.100     8.693 f  u_cve2_core/if_stage_i/g_rf_flops[31].rf_reg_q[31][31]_i_13/O
                         net (fo=10, routed)          0.296     8.990    u_cve2_core/id_stage_i/controller_i/counter_q[39]_i_4_0
    SLICE_X76Y207                                                     f  u_cve2_core/id_stage_i/controller_i/ctrl_fsm_cs[3]_i_14/I4
    SLICE_X76Y207        LUT6 (Prop_H6LUT_SLICEL_I4_O)
                                                      0.051     9.041 r  u_cve2_core/id_stage_i/controller_i/ctrl_fsm_cs[3]_i_14/O
                         net (fo=15, routed)          0.263     9.304    u_cve2_core/if_stage_i/instr_addr_q_reg[1]_4
    SLICE_X76Y215                                                     r  u_cve2_core/if_stage_i/counter_upd_i_40__0/I2
    SLICE_X76Y215        LUT6 (Prop_G6LUT_SLICEL_I2_O)
                                                      0.035     9.339 f  u_cve2_core/if_stage_i/counter_upd_i_40__0/O
                         net (fo=103, routed)         0.541     9.879    u_cve2_core/if_stage_i/counter_upd_i_40__0_n_0
    SLICE_X82Y230                                                     f  u_cve2_core/if_stage_i/counter_upd_i_2__4/I4
    SLICE_X82Y230        LUT5 (Prop_F6LUT_SLICEL_I4_O)
                                                      0.049     9.928 r  u_cve2_core/if_stage_i/counter_upd_i_2__4/O
                         net (fo=2, routed)           0.318    10.246    u_cve2_core/cs_registers_i/gen_cntrs[6].gen_imp.mcounters_variable_i/counter_upd/OPMODE[1]
    DSP48E2_X10Y92                                                    r  u_cve2_core/cs_registers_i/gen_cntrs[6].gen_imp.mcounters_variable_i/counter_upd/DSP_ALU_INST/OPMODE[1]
    DSP48E2_X10Y92       DSP_ALU (Prop_DSP_ALU_DSP48E2_OPMODE[1]_ALU_OUT[29])
                                                      0.790    11.036 f  u_cve2_core/cs_registers_i/gen_cntrs[6].gen_imp.mcounters_variable_i/counter_upd/DSP_ALU_INST/ALU_OUT[29]
                         net (fo=1, routed)           0.000    11.036    u_cve2_core/cs_registers_i/gen_cntrs[6].gen_imp.mcounters_variable_i/counter_upd/DSP_ALU.ALU_OUT<29>
    DSP48E2_X10Y92                                                    f  u_cve2_core/cs_registers_i/gen_cntrs[6].gen_imp.mcounters_variable_i/counter_upd/DSP_OUTPUT_INST/ALU_OUT[29]
    DSP48E2_X10Y92       DSP_OUTPUT (Prop_DSP_OUTPUT_DSP48E2_ALU_OUT[29]_P[29])
                                                      0.109    11.145 r  u_cve2_core/cs_registers_i/gen_cntrs[6].gen_imp.mcounters_variable_i/counter_upd/DSP_OUTPUT_INST/P[29]
                         net (fo=1, routed)           0.426    11.571    u_cve2_core/cs_registers_i/gen_cntrs[6].gen_imp.mcounters_variable_i/counter_upd_n_76
    SLICE_X83Y233        FDRE                                         r  u_cve2_core/cs_registers_i/gen_cntrs[6].gen_imp.mcounters_variable_i/counter_q_reg[29]/D
  -------------------------------------------------------------------    -------------------

                         (clock clk_pl_0 rise edge)
                                                     10.000    10.000 r  
    PS8_X0Y0             PS8                          0.000    10.000 r  ps_i/zynq_ultra_ps_e_0/inst/PS8_i/PLCLK[0]
                         net (fo=1, routed)           0.143    10.143    ps_i/zynq_ultra_ps_e_0/inst/pl_clk_unbuffered[0]
    BUFG_PS_X0Y80                                                     r  ps_i/zynq_ultra_ps_e_0/inst/buffer_pl_clk_0.PL_CLK_0_BUFG/I
    BUFG_PS_X0Y80        BUFG_PS (Prop_BUFG_PS_I_O)
                                                      0.025    10.168 r  ps_i/zynq_ultra_ps_e_0/inst/buffer_pl_clk_0.PL_CLK_0_BUFG/O
    X1Y2 (CLOCK_ROOT)    net (fo=6797, routed)        1.736    11.904    u_cve2_core/cs_registers_i/gen_cntrs[6].gen_imp.mcounters_variable_i/pl_clk0
    SLICE_X83Y233        FDRE                                         r  u_cve2_core/cs_registers_i/gen_cntrs[6].gen_imp.mcounters_variable_i/counter_q_reg[29]/C
                         clock pessimism              0.172    12.076    
                         clock uncertainty           -0.130    11.946    
    SLICE_X83Y233        FDRE (Setup_CFF_SLICEM_C_D)
                                                      0.025    11.971    u_cve2_core/cs_registers_i/gen_cntrs[6].gen_imp.mcounters_variable_i/counter_q_reg[29]
  -------------------------------------------------------------------
                         required time                         11.971    
                         arrival time                         -11.571    
  -------------------------------------------------------------------
                         slack                                  0.399    

Slack (MET) :             0.403ns  (required time - arrival time)
  Source:                 u_cve2_core/if_stage_i/instr_rdata_id_o_reg[22]/C
                            (rising edge-triggered cell FDCE clocked by clk_pl_0  {rise@0.000ns fall@5.000ns period=10.000ns})
  Destination:            u_cve2_core/cs_registers_i/gen_cntrs[3].gen_imp.mcounters_variable_i/counter_q_reg[30]/D
                            (rising edge-triggered cell FDRE clocked by clk_pl_0  {rise@0.000ns fall@5.000ns period=10.000ns})
  Path Group:             clk_pl_0
  Path Type:              Setup (Max at Slow Process Corner)
  Requirement:            10.000ns  (clk_pl_0 rise@10.000ns - clk_pl_0 rise@0.000ns)
  Data Path Delay:        9.400ns  (logic 4.846ns (51.551%)  route 4.554ns (48.449%))
  Logic Levels:           23  (DSP_A_B_DATA=1 DSP_ALU=4 DSP_M_DATA=1 DSP_MULTIPLIER=1 DSP_OUTPUT=4 DSP_PREADD_DATA=1 LUT3=1 LUT5=1 LUT6=8 MUXF7=1)
  Clock Path Skew:        -0.092ns (DCD - SCD + CPR)
    Destination Clock Delay (DCD):    1.901ns = ( 11.901 - 10.000 ) 
    Source Clock Delay      (SCD):    2.165ns
    Clock Pessimism Removal (CPR):    0.172ns
  Clock Uncertainty:      0.130ns  ((TSJ^2 + DJ^2)^1/2) / 2 + PE
    Total System Jitter     (TSJ):    0.071ns
    Discrete Jitter          (DJ):    0.250ns
    Phase Error              (PE):    0.000ns
  Clock Net Delay (Source):      1.957ns (routing 0.569ns, distribution 1.388ns)
  Clock Net Delay (Destination): 1.733ns (routing 0.512ns, distribution 1.221ns)

    Location             Delay type                Incr(ns)  Path(ns)    Netlist Resource(s)
  -------------------------------------------------------------------    -------------------
                         (clock clk_pl_0 rise edge)
                                                      0.000     0.000 r  
    PS8_X0Y0             PS8                          0.000     0.000 r  ps_i/zynq_ultra_ps_e_0/inst/PS8_i/PLCLK[0]
                         net (fo=1, routed)           0.180     0.180    ps_i/zynq_ultra_ps_e_0/inst/pl_clk_unbuffered[0]
    BUFG_PS_X0Y80                                                     r  ps_i/zynq_ultra_ps_e_0/inst/buffer_pl_clk_0.PL_CLK_0_BUFG/I
    BUFG_PS_X0Y80        BUFG_PS (Prop_BUFG_PS_I_O)
                                                      0.028     0.208 r  ps_i/zynq_ultra_ps_e_0/inst/buffer_pl_clk_0.PL_CLK_0_BUFG/O
    X1Y2 (CLOCK_ROOT)    net (fo=6797, routed)        1.957     2.165    u_cve2_core/if_stage_i/pl_clk0
    SLICE_X75Y202        FDCE                                         r  u_cve2_core/if_stage_i/instr_rdata_id_o_reg[22]/C
  -------------------------------------------------------------------    -------------------
    SLICE_X75Y202        FDCE (Prop_DFF_SLICEL_C_Q)
                                                      0.079     2.244 r  u_cve2_core/if_stage_i/instr_rdata_id_o_reg[22]/Q
                         net (fo=140, routed)         0.541     2.785    u_cve2_core/register_file_i/Q[7]
    SLICE_X73Y195                                                     r  u_cve2_core/register_file_i/act_scale_hi_q_reg[21]_i_3/S
    SLICE_X73Y195        MUXF7 (Prop_F7MUX_CD_SLICEM_S_O)
                                                      0.077     2.862 f  u_cve2_core/register_file_i/act_scale_hi_q_reg[21]_i_3/O
                         net (fo=1, routed)           0.496     3.358    u_cve2_core/register_file_i/act_scale_hi_q_reg[21]_i_3_n_0
    SLICE_X79Y195                                                     f  u_cve2_core/register_file_i/act_scale_hi_q[21]_i_1/I1
    SLICE_X79Y195        LUT6 (Prop_G6LUT_SLICEM_I1_O)
                                                      0.090     3.448 f  u_cve2_core/register_file_i/act_scale_hi_q[21]_i_1/O
                         net (fo=9, routed)           0.213     3.661    u_cve2_core/vec_unit_i/rf_rdata_b[21]
    SLICE_X79Y190                                                     f  u_cve2_core/vec_unit_i/gen_mult_single_cycle.mult2_res_i_12/I1
    SLICE_X79Y190        LUT3 (Prop_F6LUT_SLICEM_I1_O)
                                                      0.098     3.759 f  u_cve2_core/vec_unit_i/gen_mult_single_cycle.mult2_res_i_12/O
                         net (fo=4, routed)           0.367     4.126    u_cve2_core/ex_block_i/gen_multdiv_fast.multdiv_i/gen_mult_single_cycle.mult2_res/B[5]
    DSP48E2_X9Y75                                                     f  u_cve2_core/ex_block_i/gen_multdiv_fast.multdiv_i/gen_mult_single_cycle.mult2_res/DSP_A_B_DATA_INST/B[5]
    DSP48E2_X9Y75        DSP_A_B_DATA (Prop_DSP_A_B_DATA_DSP48E2_B[5]_B2_DATA[5])
                                                      0.151     4.277 r  u_cve2_core/ex_block_i/gen_multdiv_fast.multdiv_i/gen_mult_single_cycle.mult2_res/DSP_A_B_DATA_INST/B2_DATA[5]
                         net (fo=1, routed)           0.000     4.277    u_cve2_core/ex_block_i/gen_multdiv_fast.multdiv_i/gen_mult_single_cycle.mult2_res/DSP_A_B_DATA.B2_DATA<5>
    DSP48E2_X9Y75                                                     r  u_cve2_core/ex_block_i/gen_multdiv_fast.multdiv_i/gen_mult_single_cycle.mult2_res/DSP_PREADD_DATA_INST/B2_DATA[5]
    DSP48E2_X9Y75        DSP_PREADD_DATA (Prop_DSP_PREADD_DATA_DSP48E2_B2_DATA[5]_B2B1[5])
                                                      0.073     4.350 r  u_cve2_core/ex_block_i/gen_multdiv_fast.multdiv_i/gen_mult_single_cycle.mult2_res/DSP_PREADD_DATA_INST/B2B1[5]
                         net (fo=1, routed)           0.000     4.350    u_cve2_core/ex_block_i/gen_multdiv_fast.multdiv_i/gen_mult_single_cycle.mult2_res/DSP_PREADD_DATA.B2B1<5>
    DSP48E2_X9Y75                                                     r  u_cve2_core/ex_block_i/gen_multdiv_fast.multdiv_i/gen_mult_single_cycle.mult2_res/DSP_MULTIPLIER_INST/B2B1[5]
    DSP48E2_X9Y75        DSP_MULTIPLIER (Prop_DSP_MULTIPLIER_DSP48E2_B2B1[5]_V[35])
                                                      0.609     4.959 f  u_cve2_core/ex_block_i/gen_multdiv_fast.multdiv_i/gen_mult_single_cycle.mult2_res/DSP_MULTIPLIER_INST/V[35]
                         net (fo=1, routed)           0.000     4.959    u_cve2_core/ex_block_i/gen_multdiv_fast.multdiv_i/gen_mult_single_cycle.mult2_res/DSP_MULTIPLIER.V<35>
    DSP48E2_X9Y75                                                     f  u_cve2_core/ex_block_i/gen_multdiv_fast.multdiv_i/gen_mult_single_cycle.mult2_res/DSP_M_DATA_INST/V[35]
    DSP48E2_X9Y75        DSP_M_DATA (Prop_DSP_M_DATA_DSP48E2_V[35]_V_DATA[35])
                                                      0.046     5.005 r  u_cve2_core/ex_block_i/gen_multdiv_fast.multdiv_i/gen_mult_single_cycle.mult2_res/DSP_M_DATA_INST/V_DATA[35]
                         net (fo=1, routed)           0.000     5.005    u_cve2_core/ex_block_i/gen_multdiv_fast.multdiv_i/gen_mult_single_cycle.mult2_res/DSP_M_DATA.V_DATA<35>
    DSP48E2_X9Y75                                                     r  u_cve2_core/ex_block_i/gen_multdiv_fast.multdiv_i/gen_mult_single_cycle.mult2_res/DSP_ALU_INST/V_DATA[35]
    DSP48E2_X9Y75        DSP_ALU (Prop_DSP_ALU_DSP48E2_V_DATA[35]_ALU_OUT[47])
                                                      0.571     5.576 f  u_cve2_core/ex_block_i/gen_multdiv_fast.multdiv_i/gen_mult_single_cycle.mult2_res/DSP_ALU_INST/ALU_OUT[47]
                         net (fo=1, routed)           0.000     5.576    u_cve2_core/ex_block_i/gen_multdiv_fast.multdiv_i/gen_mult_single_cycle.mult2_res/DSP_ALU.ALU_OUT<47>
    DSP48E2_X9Y75                                                     f  u_cve2_core/ex_block_i/gen_multdiv_fast.multdiv_i/gen_mult_single_cycle.mult2_res/DSP_OUTPUT_INST/ALU_OUT[47]
    DSP48E2_X9Y75        DSP_OUTPUT (Prop_DSP_OUTPUT_DSP48E2_ALU_OUT[47]_PCOUT[47])
                                                      0.122     5.698 r  u_cve2_core/ex_block_i/gen_multdiv_fast.multdiv_i/gen_mult_single_cycle.mult2_res/DSP_OUTPUT_INST/PCOUT[47]
                         net (fo=1, routed)           0.038     5.736    u_cve2_core/ex_block_i/gen_multdiv_fast.multdiv_i/mac_res_signed/PCIN[47]
    DSP48E2_X9Y76                                                     r  u_cve2_core/ex_block_i/gen_multdiv_fast.multdiv_i/mac_res_signed/DSP_ALU_INST/PCIN[47]
    DSP48E2_X9Y76        DSP_ALU (Prop_DSP_ALU_DSP48E2_PCIN[47]_ALU_OUT[47])
                                                      0.546     6.282 f  u_cve2_core/ex_block_i/gen_multdiv_fast.multdiv_i/mac_res_signed/DSP_ALU_INST/ALU_OUT[47]
                         net (fo=1, routed)           0.000     6.282    u_cve2_core/ex_block_i/gen_multdiv_fast.multdiv_i/mac_res_signed/DSP_ALU.ALU_OUT<47>
    DSP48E2_X9Y76                                                     f  u_cve2_core/ex_block_i/gen_multdiv_fast.multdiv_i/mac_res_signed/DSP_OUTPUT_INST/ALU_OUT[47]
    DSP48E2_X9Y76        DSP_OUTPUT (Prop_DSP_OUTPUT_DSP48E2_ALU_OUT[47]_PCOUT[47])
                                                      0.122     6.404 r  u_cve2_core/ex_block_i/gen_multdiv_fast.multdiv_i/mac_res_signed/DSP_OUTPUT_INST/PCOUT[47]
                         net (fo=1, routed)           0.014     6.418    u_cve2_core/ex_block_i/gen_multdiv_fast.multdiv_i/mac_res_signed__0/PCIN[47]
    DSP48E2_X9Y77                                                     r  u_cve2_core/ex_block_i/gen_multdiv_fast.multdiv_i/mac_res_signed__0/DSP_ALU_INST/PCIN[47]
    DSP48E2_X9Y77        DSP_ALU (Prop_DSP_ALU_DSP48E2_PCIN[47]_ALU_OUT[0])
                                                      0.546     6.964 r  u_cve2_core/ex_block_i/gen_multdiv_fast.multdiv_i/mac_res_signed__0/DSP_ALU_INST/ALU_OUT[0]
                         net (fo=1, routed)           0.000     6.964    u_cve2_core/ex_block_i/gen_multdiv_fast.multdiv_i/mac_res_signed__0/DSP_ALU.ALU_OUT<0>
    DSP48E2_X9Y77                                                     r  u_cve2_core/ex_block_i/gen_multdiv_fast.multdiv_i/mac_res_signed__0/DSP_OUTPUT_INST/ALU_OUT[0]
    DSP48E2_X9Y77        DSP_OUTPUT (Prop_DSP_OUTPUT_DSP48E2_ALU_OUT[0]_P[0])
                                                      0.109     7.073 f  u_cve2_core/ex_block_i/gen_multdiv_fast.multdiv_i/mac_res_signed__0/DSP_OUTPUT_INST/P[0]
                         net (fo=4, routed)           0.278     7.351    u_cve2_core/if_stage_i/gen_intermediate_val_reg[0].imd_val_q_reg[0][31]_0[0]
    SLICE_X74Y188                                                     f  u_cve2_core/if_stage_i/vrf_mem_reg_1_bram_0_i_240/I3
    SLICE_X74Y188        LUT6 (Prop_C6LUT_SLICEM_I3_O)
                                                      0.088     7.439 f  u_cve2_core/if_stage_i/vrf_mem_reg_1_bram_0_i_240/O
                         net (fo=1, routed)           0.149     7.588    u_cve2_core/if_stage_i/vrf_mem_reg_1_bram_0_i_240_n_0
    SLICE_X73Y190                                                     f  u_cve2_core/if_stage_i/vrf_mem_reg_1_bram_0_i_189/I0
    SLICE_X73Y190        LUT6 (Prop_C6LUT_SLICEM_I0_O)
                                                      0.098     7.686 f  u_cve2_core/if_stage_i/vrf_mem_reg_1_bram_0_i_189/O
                         net (fo=3, routed)           0.150     7.835    u_cve2_core/if_stage_i/gen_intermediate_val_reg[0].imd_val_q_reg[0][0]
    SLICE_X71Y191                                                     f  u_cve2_core/if_stage_i/FSM_sequential_state_q[2]_i_16/I1
    SLICE_X71Y191        LUT6 (Prop_D6LUT_SLICEM_I1_O)
                                                      0.088     7.923 r  u_cve2_core/if_stage_i/FSM_sequential_state_q[2]_i_16/O
                         net (fo=2, routed)           0.196     8.119    u_cve2_core/vec_unit_i/i_vrf/program_ram_reg_mux_sel_a_pos_3_0
    SLICE_X72Y191                                                     r  u_cve2_core/vec_unit_i/i_vrf/g_rf_flops[31].rf_reg_q[31][31]_i_31/I3
    SLICE_X72Y191        LUT6 (Prop_G6LUT_SLICEL_I3_O)
                                                      0.149     8.268 r  u_cve2_core/vec_unit_i/i_vrf/g_rf_flops[31].rf_reg_q[31][31]_i_31/O
                         net (fo=2, routed)           0.325     8.593    u_cve2_core/if_stage_i/vec_done
    SLICE_X73Y203                                                     r  u_cve2_core/if_stage_i/g_rf_flops[31].rf_reg_q[31][31]_i_13/I3
    SLICE_X73Y203        LUT6 (Prop_G6LUT_SLICEM_I3_O)
                                                      0.100     8.693 f  u_cve2_core/if_stage_i/g_rf_flops[31].rf_reg_q[31][31]_i_13/O
                         net (fo=10, routed)          0.296     8.990    u_cve2_core/id_stage_i/controller_i/counter_q[39]_i_4_0
    SLICE_X76Y207                                                     f  u_cve2_core/id_stage_i/controller_i/ctrl_fsm_cs[3]_i_14/I4
    SLICE_X76Y207        LUT6 (Prop_H6LUT_SLICEL_I4_O)
                                                      0.051     9.041 r  u_cve2_core/id_stage_i/controller_i/ctrl_fsm_cs[3]_i_14/O
                         net (fo=15, routed)          0.263     9.304    u_cve2_core/if_stage_i/instr_addr_q_reg[1]_4
    SLICE_X76Y215                                                     r  u_cve2_core/if_stage_i/counter_upd_i_40__0/I2
    SLICE_X76Y215        LUT6 (Prop_G6LUT_SLICEL_I2_O)
                                                      0.035     9.339 f  u_cve2_core/if_stage_i/counter_upd_i_40__0/O
                         net (fo=103, routed)         0.285     9.623    u_cve2_core/if_stage_i/counter_upd_i_40__0_n_0
    SLICE_X77Y220                                                     f  u_cve2_core/if_stage_i/counter_upd_i_2__1/I4
    SLICE_X77Y220        LUT5 (Prop_H6LUT_SLICEL_I4_O)
                                                      0.099     9.722 r  u_cve2_core/if_stage_i/counter_upd_i_2__1/O
                         net (fo=2, routed)           0.416    10.138    u_cve2_core/cs_registers_i/gen_cntrs[3].gen_imp.mcounters_variable_i/counter_upd/OPMODE[1]
    DSP48E2_X9Y92                                                     r  u_cve2_core/cs_registers_i/gen_cntrs[3].gen_imp.mcounters_variable_i/counter_upd/DSP_ALU_INST/OPMODE[1]
    DSP48E2_X9Y92        DSP_ALU (Prop_DSP_ALU_DSP48E2_OPMODE[1]_ALU_OUT[30])
                                                      0.790    10.928 f  u_cve2_core/cs_registers_i/gen_cntrs[3].gen_imp.mcounters_variable_i/counter_upd/DSP_ALU_INST/ALU_OUT[30]
                         net (fo=1, routed)           0.000    10.928    u_cve2_core/cs_registers_i/gen_cntrs[3].gen_imp.mcounters_variable_i/counter_upd/DSP_ALU.ALU_OUT<30>
    DSP48E2_X9Y92                                                     f  u_cve2_core/cs_registers_i/gen_cntrs[3].gen_imp.mcounters_variable_i/counter_upd/DSP_OUTPUT_INST/ALU_OUT[30]
    DSP48E2_X9Y92        DSP_OUTPUT (Prop_DSP_OUTPUT_DSP48E2_ALU_OUT[30]_P[30])
                                                      0.109    11.037 r  u_cve2_core/cs_registers_i/gen_cntrs[3].gen_imp.mcounters_variable_i/counter_upd/DSP_OUTPUT_INST/P[30]
                         net (fo=1, routed)           0.528    11.565    u_cve2_core/cs_registers_i/gen_cntrs[3].gen_imp.mcounters_variable_i/counter_upd_n_75
    SLICE_X78Y233        FDRE                                         r  u_cve2_core/cs_registers_i/gen_cntrs[3].gen_imp.mcounters_variable_i/counter_q_reg[30]/D
  -------------------------------------------------------------------    -------------------

                         (clock clk_pl_0 rise edge)
                                                     10.000    10.000 r  
    PS8_X0Y0             PS8                          0.000    10.000 r  ps_i/zynq_ultra_ps_e_0/inst/PS8_i/PLCLK[0]
                         net (fo=1, routed)           0.143    10.143    ps_i/zynq_ultra_ps_e_0/inst/pl_clk_unbuffered[0]
    BUFG_PS_X0Y80                                                     r  ps_i/zynq_ultra_ps_e_0/inst/buffer_pl_clk_0.PL_CLK_0_BUFG/I
    BUFG_PS_X0Y80        BUFG_PS (Prop_BUFG_PS_I_O)
                                                      0.025    10.168 r  ps_i/zynq_ultra_ps_e_0/inst/buffer_pl_clk_0.PL_CLK_0_BUFG/O
    X1Y2 (CLOCK_ROOT)    net (fo=6797, routed)        1.733    11.901    u_cve2_core/cs_registers_i/gen_cntrs[3].gen_imp.mcounters_variable_i/pl_clk0
    SLICE_X78Y233        FDRE                                         r  u_cve2_core/cs_registers_i/gen_cntrs[3].gen_imp.mcounters_variable_i/counter_q_reg[30]/C
                         clock pessimism              0.172    12.073    
                         clock uncertainty           -0.130    11.943    
    SLICE_X78Y233        FDRE (Setup_DFF_SLICEM_C_D)
                                                      0.025    11.968    u_cve2_core/cs_registers_i/gen_cntrs[3].gen_imp.mcounters_variable_i/counter_q_reg[30]
  -------------------------------------------------------------------
                         required time                         11.968    
                         arrival time                         -11.565    
  -------------------------------------------------------------------
                         slack                                  0.403    

Slack (MET) :             0.405ns  (required time - arrival time)
  Source:                 u_cve2_core/if_stage_i/instr_rdata_id_o_reg[22]/C
                            (rising edge-triggered cell FDCE clocked by clk_pl_0  {rise@0.000ns fall@5.000ns period=10.000ns})
  Destination:            u_cve2_core/cs_registers_i/gen_cntrs[6].gen_imp.mcounters_variable_i/counter_q_reg[14]/D
                            (rising edge-triggered cell FDRE clocked by clk_pl_0  {rise@0.000ns fall@5.000ns period=10.000ns})
  Path Group:             clk_pl_0
  Path Type:              Setup (Max at Slow Process Corner)
  Requirement:            10.000ns  (clk_pl_0 rise@10.000ns - clk_pl_0 rise@0.000ns)
  Data Path Delay:        9.399ns  (logic 4.796ns (51.025%)  route 4.603ns (48.975%))
  Logic Levels:           23  (DSP_A_B_DATA=1 DSP_ALU=4 DSP_M_DATA=1 DSP_MULTIPLIER=1 DSP_OUTPUT=4 DSP_PREADD_DATA=1 LUT3=1 LUT5=1 LUT6=8 MUXF7=1)
  Clock Path Skew:        -0.090ns (DCD - SCD + CPR)
    Destination Clock Delay (DCD):    1.903ns = ( 11.903 - 10.000 ) 
    Source Clock Delay      (SCD):    2.165ns
    Clock Pessimism Removal (CPR):    0.172ns
  Clock Uncertainty:      0.130ns  ((TSJ^2 + DJ^2)^1/2) / 2 + PE
    Total System Jitter     (TSJ):    0.071ns
    Discrete Jitter          (DJ):    0.250ns
    Phase Error              (PE):    0.000ns
  Clock Net Delay (Source):      1.957ns (routing 0.569ns, distribution 1.388ns)
  Clock Net Delay (Destination): 1.735ns (routing 0.512ns, distribution 1.223ns)

    Location             Delay type                Incr(ns)  Path(ns)    Netlist Resource(s)
  -------------------------------------------------------------------    -------------------
                         (clock clk_pl_0 rise edge)
                                                      0.000     0.000 r  
    PS8_X0Y0             PS8                          0.000     0.000 r  ps_i/zynq_ultra_ps_e_0/inst/PS8_i/PLCLK[0]
                         net (fo=1, routed)           0.180     0.180    ps_i/zynq_ultra_ps_e_0/inst/pl_clk_unbuffered[0]
    BUFG_PS_X0Y80                                                     r  ps_i/zynq_ultra_ps_e_0/inst/buffer_pl_clk_0.PL_CLK_0_BUFG/I
    BUFG_PS_X0Y80        BUFG_PS (Prop_BUFG_PS_I_O)
                                                      0.028     0.208 r  ps_i/zynq_ultra_ps_e_0/inst/buffer_pl_clk_0.PL_CLK_0_BUFG/O
    X1Y2 (CLOCK_ROOT)    net (fo=6797, routed)        1.957     2.165    u_cve2_core/if_stage_i/pl_clk0
    SLICE_X75Y202        FDCE                                         r  u_cve2_core/if_stage_i/instr_rdata_id_o_reg[22]/C
  -------------------------------------------------------------------    -------------------
    SLICE_X75Y202        FDCE (Prop_DFF_SLICEL_C_Q)
                                                      0.079     2.244 r  u_cve2_core/if_stage_i/instr_rdata_id_o_reg[22]/Q
                         net (fo=140, routed)         0.541     2.785    u_cve2_core/register_file_i/Q[7]
    SLICE_X73Y195                                                     r  u_cve2_core/register_file_i/act_scale_hi_q_reg[21]_i_3/S
    SLICE_X73Y195        MUXF7 (Prop_F7MUX_CD_SLICEM_S_O)
                                                      0.077     2.862 f  u_cve2_core/register_file_i/act_scale_hi_q_reg[21]_i_3/O
                         net (fo=1, routed)           0.496     3.358    u_cve2_core/register_file_i/act_scale_hi_q_reg[21]_i_3_n_0
    SLICE_X79Y195                                                     f  u_cve2_core/register_file_i/act_scale_hi_q[21]_i_1/I1
    SLICE_X79Y195        LUT6 (Prop_G6LUT_SLICEM_I1_O)
                                                      0.090     3.448 f  u_cve2_core/register_file_i/act_scale_hi_q[21]_i_1/O
                         net (fo=9, routed)           0.213     3.661    u_cve2_core/vec_unit_i/rf_rdata_b[21]
    SLICE_X79Y190                                                     f  u_cve2_core/vec_unit_i/gen_mult_single_cycle.mult2_res_i_12/I1
    SLICE_X79Y190        LUT3 (Prop_F6LUT_SLICEM_I1_O)
                                                      0.098     3.759 f  u_cve2_core/vec_unit_i/gen_mult_single_cycle.mult2_res_i_12/O
                         net (fo=4, routed)           0.367     4.126    u_cve2_core/ex_block_i/gen_multdiv_fast.multdiv_i/gen_mult_single_cycle.mult2_res/B[5]
    DSP48E2_X9Y75                                                     f  u_cve2_core/ex_block_i/gen_multdiv_fast.multdiv_i/gen_mult_single_cycle.mult2_res/DSP_A_B_DATA_INST/B[5]
    DSP48E2_X9Y75        DSP_A_B_DATA (Prop_DSP_A_B_DATA_DSP48E2_B[5]_B2_DATA[5])
                                                      0.151     4.277 r  u_cve2_core/ex_block_i/gen_multdiv_fast.multdiv_i/gen_mult_single_cycle.mult2_res/DSP_A_B_DATA_INST/B2_DATA[5]
                         net (fo=1, routed)           0.000     4.277    u_cve2_core/ex_block_i/gen_multdiv_fast.multdiv_i/gen_mult_single_cycle.mult2_res/DSP_A_B_DATA.B2_DATA<5>
    DSP48E2_X9Y75                                                     r  u_cve2_core/ex_block_i/gen_multdiv_fast.multdiv_i/gen_mult_single_cycle.mult2_res/DSP_PREADD_DATA_INST/B2_DATA[5]
    DSP48E2_X9Y75        DSP_PREADD_DATA (Prop_DSP_PREADD_DATA_DSP48E2_B2_DATA[5]_B2B1[5])
                                                      0.073     4.350 r  u_cve2_core/ex_block_i/gen_multdiv_fast.multdiv_i/gen_mult_single_cycle.mult2_res/DSP_PREADD_DATA_INST/B2B1[5]
                         net (fo=1, routed)           0.000     4.350    u_cve2_core/ex_block_i/gen_multdiv_fast.multdiv_i/gen_mult_single_cycle.mult2_res/DSP_PREADD_DATA.B2B1<5>
    DSP48E2_X9Y75                                                     r  u_cve2_core/ex_block_i/gen_multdiv_fast.multdiv_i/gen_mult_single_cycle.mult2_res/DSP_MULTIPLIER_INST/B2B1[5]
    DSP48E2_X9Y75        DSP_MULTIPLIER (Prop_DSP_MULTIPLIER_DSP48E2_B2B1[5]_V[35])
                                                      0.609     4.959 f  u_cve2_core/ex_block_i/gen_multdiv_fast.multdiv_i/gen_mult_single_cycle.mult2_res/DSP_MULTIPLIER_INST/V[35]
                         net (fo=1, routed)           0.000     4.959    u_cve2_core/ex_block_i/gen_multdiv_fast.multdiv_i/gen_mult_single_cycle.mult2_res/DSP_MULTIPLIER.V<35>
    DSP48E2_X9Y75                                                     f  u_cve2_core/ex_block_i/gen_multdiv_fast.multdiv_i/gen_mult_single_cycle.mult2_res/DSP_M_DATA_INST/V[35]
    DSP48E2_X9Y75        DSP_M_DATA (Prop_DSP_M_DATA_DSP48E2_V[35]_V_DATA[35])
                                                      0.046     5.005 r  u_cve2_core/ex_block_i/gen_multdiv_fast.multdiv_i/gen_mult_single_cycle.mult2_res/DSP_M_DATA_INST/V_DATA[35]
                         net (fo=1, routed)           0.000     5.005    u_cve2_core/ex_block_i/gen_multdiv_fast.multdiv_i/gen_mult_single_cycle.mult2_res/DSP_M_DATA.V_DATA<35>
    DSP48E2_X9Y75                                                     r  u_cve2_core/ex_block_i/gen_multdiv_fast.multdiv_i/gen_mult_single_cycle.mult2_res/DSP_ALU_INST/V_DATA[35]
    DSP48E2_X9Y75        DSP_ALU (Prop_DSP_ALU_DSP48E2_V_DATA[35]_ALU_OUT[47])
                                                      0.571     5.576 f  u_cve2_core/ex_block_i/gen_multdiv_fast.multdiv_i/gen_mult_single_cycle.mult2_res/DSP_ALU_INST/ALU_OUT[47]
                         net (fo=1, routed)           0.000     5.576    u_cve2_core/ex_block_i/gen_multdiv_fast.multdiv_i/gen_mult_single_cycle.mult2_res/DSP_ALU.ALU_OUT<47>
    DSP48E2_X9Y75                                                     f  u_cve2_core/ex_block_i/gen_multdiv_fast.multdiv_i/gen_mult_single_cycle.mult2_res/DSP_OUTPUT_INST/ALU_OUT[47]
    DSP48E2_X9Y75        DSP_OUTPUT (Prop_DSP_OUTPUT_DSP48E2_ALU_OUT[47]_PCOUT[47])
                                                      0.122     5.698 r  u_cve2_core/ex_block_i/gen_multdiv_fast.multdiv_i/gen_mult_single_cycle.mult2_res/DSP_OUTPUT_INST/PCOUT[47]
                         net (fo=1, routed)           0.038     5.736    u_cve2_core/ex_block_i/gen_multdiv_fast.multdiv_i/mac_res_signed/PCIN[47]
    DSP48E2_X9Y76                                                     r  u_cve2_core/ex_block_i/gen_multdiv_fast.multdiv_i/mac_res_signed/DSP_ALU_INST/PCIN[47]
    DSP48E2_X9Y76        DSP_ALU (Prop_DSP_ALU_DSP48E2_PCIN[47]_ALU_OUT[47])
                                                      0.546     6.282 f  u_cve2_core/ex_block_i/gen_multdiv_fast.multdiv_i/mac_res_signed/DSP_ALU_INST/ALU_OUT[47]
                         net (fo=1, routed)           0.000     6.282    u_cve2_core/ex_block_i/gen_multdiv_fast.multdiv_i/mac_res_signed/DSP_ALU.ALU_OUT<47>
    DSP48E2_X9Y76                                                     f  u_cve2_core/ex_block_i/gen_multdiv_fast.multdiv_i/mac_res_signed/DSP_OUTPUT_INST/ALU_OUT[47]
    DSP48E2_X9Y76        DSP_OUTPUT (Prop_DSP_OUTPUT_DSP48E2_ALU_OUT[47]_PCOUT[47])
                                                      0.122     6.404 r  u_cve2_core/ex_block_i/gen_multdiv_fast.multdiv_i/mac_res_signed/DSP_OUTPUT_INST/PCOUT[47]
                         net (fo=1, routed)           0.014     6.418    u_cve2_core/ex_block_i/gen_multdiv_fast.multdiv_i/mac_res_signed__0/PCIN[47]
    DSP48E2_X9Y77                                                     r  u_cve2_core/ex_block_i/gen_multdiv_fast.multdiv_i/mac_res_signed__0/DSP_ALU_INST/PCIN[47]
    DSP48E2_X9Y77        DSP_ALU (Prop_DSP_ALU_DSP48E2_PCIN[47]_ALU_OUT[0])
                                                      0.546     6.964 r  u_cve2_core/ex_block_i/gen_multdiv_fast.multdiv_i/mac_res_signed__0/DSP_ALU_INST/ALU_OUT[0]
                         net (fo=1, routed)           0.000     6.964    u_cve2_core/ex_block_i/gen_multdiv_fast.multdiv_i/mac_res_signed__0/DSP_ALU.ALU_OUT<0>
    DSP48E2_X9Y77                                                     r  u_cve2_core/ex_block_i/gen_multdiv_fast.multdiv_i/mac_res_signed__0/DSP_OUTPUT_INST/ALU_OUT[0]
    DSP48E2_X9Y77        DSP_OUTPUT (Prop_DSP_OUTPUT_DSP48E2_ALU_OUT[0]_P[0])
                                                      0.109     7.073 f  u_cve2_core/ex_block_i/gen_multdiv_fast.multdiv_i/mac_res_signed__0/DSP_OUTPUT_INST/P[0]
                         net (fo=4, routed)           0.278     7.351    u_cve2_core/if_stage_i/gen_intermediate_val_reg[0].imd_val_q_reg[0][31]_0[0]
    SLICE_X74Y188                                                     f  u_cve2_core/if_stage_i/vrf_mem_reg_1_bram_0_i_240/I3
    SLICE_X74Y188        LUT6 (Prop_C6LUT_SLICEM_I3_O)
                                                      0.088     7.439 f  u_cve2_core/if_stage_i/vrf_mem_reg_1_bram_0_i_240/O
                         net (fo=1, routed)           0.149     7.588    u_cve2_core/if_stage_i/vrf_mem_reg_1_bram_0_i_240_n_0
    SLICE_X73Y190                                                     f  u_cve2_core/if_stage_i/vrf_mem_reg_1_bram_0_i_189/I0
    SLICE_X73Y190        LUT6 (Prop_C6LUT_SLICEM_I0_O)
                                                      0.098     7.686 f  u_cve2_core/if_stage_i/vrf_mem_reg_1_bram_0_i_189/O
                         net (fo=3, routed)           0.150     7.835    u_cve2_core/if_stage_i/gen_intermediate_val_reg[0].imd_val_q_reg[0][0]
    SLICE_X71Y191                                                     f  u_cve2_core/if_stage_i/FSM_sequential_state_q[2]_i_16/I1
    SLICE_X71Y191        LUT6 (Prop_D6LUT_SLICEM_I1_O)
                                                      0.088     7.923 r  u_cve2_core/if_stage_i/FSM_sequential_state_q[2]_i_16/O
                         net (fo=2, routed)           0.196     8.119    u_cve2_core/vec_unit_i/i_vrf/program_ram_reg_mux_sel_a_pos_3_0
    SLICE_X72Y191                                                     r  u_cve2_core/vec_unit_i/i_vrf/g_rf_flops[31].rf_reg_q[31][31]_i_31/I3
    SLICE_X72Y191        LUT6 (Prop_G6LUT_SLICEL_I3_O)
                                                      0.149     8.268 r  u_cve2_core/vec_unit_i/i_vrf/g_rf_flops[31].rf_reg_q[31][31]_i_31/O
                         net (fo=2, routed)           0.325     8.593    u_cve2_core/if_stage_i/vec_done
    SLICE_X73Y203                                                     r  u_cve2_core/if_stage_i/g_rf_flops[31].rf_reg_q[31][31]_i_13/I3
    SLICE_X73Y203        LUT6 (Prop_G6LUT_SLICEM_I3_O)
                                                      0.100     8.693 f  u_cve2_core/if_stage_i/g_rf_flops[31].rf_reg_q[31][31]_i_13/O
                         net (fo=10, routed)          0.296     8.990    u_cve2_core/id_stage_i/controller_i/counter_q[39]_i_4_0
    SLICE_X76Y207                                                     f  u_cve2_core/id_stage_i/controller_i/ctrl_fsm_cs[3]_i_14/I4
    SLICE_X76Y207        LUT6 (Prop_H6LUT_SLICEL_I4_O)
                                                      0.051     9.041 r  u_cve2_core/id_stage_i/controller_i/ctrl_fsm_cs[3]_i_14/O
                         net (fo=15, routed)          0.263     9.304    u_cve2_core/if_stage_i/instr_addr_q_reg[1]_4
    SLICE_X76Y215                                                     r  u_cve2_core/if_stage_i/counter_upd_i_40__0/I2
    SLICE_X76Y215        LUT6 (Prop_G6LUT_SLICEL_I2_O)
                                                      0.035     9.339 f  u_cve2_core/if_stage_i/counter_upd_i_40__0/O
                         net (fo=103, routed)         0.541     9.879    u_cve2_core/if_stage_i/counter_upd_i_40__0_n_0
    SLICE_X82Y230                                                     f  u_cve2_core/if_stage_i/counter_upd_i_2__4/I4
    SLICE_X82Y230        LUT5 (Prop_F6LUT_SLICEL_I4_O)
                                                      0.049     9.928 r  u_cve2_core/if_stage_i/counter_upd_i_2__4/O
                         net (fo=2, routed)           0.318    10.246    u_cve2_core/cs_registers_i/gen_cntrs[6].gen_imp.mcounters_variable_i/counter_upd/OPMODE[1]
    DSP48E2_X10Y92                                                    r  u_cve2_core/cs_registers_i/gen_cntrs[6].gen_imp.mcounters_variable_i/counter_upd/DSP_ALU_INST/OPMODE[1]
    DSP48E2_X10Y92       DSP_ALU (Prop_DSP_ALU_DSP48E2_OPMODE[1]_ALU_OUT[14])
                                                      0.790    11.036 f  u_cve2_core/cs_registers_i/gen_cntrs[6].gen_imp.mcounters_variable_i/counter_upd/DSP_ALU_INST/ALU_OUT[14]
                         net (fo=1, routed)           0.000    11.036    u_cve2_core/cs_registers_i/gen_cntrs[6].gen_imp.mcounters_variable_i/counter_upd/DSP_ALU.ALU_OUT<14>
    DSP48E2_X10Y92                                                    f  u_cve2_core/cs_registers_i/gen_cntrs[6].gen_imp.mcounters_variable_i/counter_upd/DSP_OUTPUT_INST/ALU_OUT[14]
    DSP48E2_X10Y92       DSP_OUTPUT (Prop_DSP_OUTPUT_DSP48E2_ALU_OUT[14]_P[14])
                                                      0.109    11.145 r  u_cve2_core/cs_registers_i/gen_cntrs[6].gen_imp.mcounters_variable_i/counter_upd/DSP_OUTPUT_INST/P[14]
                         net (fo=1, routed)           0.419    11.564    u_cve2_core/cs_registers_i/gen_cntrs[6].gen_imp.mcounters_variable_i/counter_upd_n_91
    SLICE_X83Y230        FDRE                                         r  u_cve2_core/cs_registers_i/gen_cntrs[6].gen_imp.mcounters_variable_i/counter_q_reg[14]/D
  -------------------------------------------------------------------    -------------------

                         (clock clk_pl_0 rise edge)
                                                     10.000    10.000 r  
    PS8_X0Y0             PS8                          0.000    10.000 r  ps_i/zynq_ultra_ps_e_0/inst/PS8_i/PLCLK[0]
                         net (fo=1, routed)           0.143    10.143    ps_i/zynq_ultra_ps_e_0/inst/pl_clk_unbuffered[0]
    BUFG_PS_X0Y80                                                     r  ps_i/zynq_ultra_ps_e_0/inst/buffer_pl_clk_0.PL_CLK_0_BUFG/I
    BUFG_PS_X0Y80        BUFG_PS (Prop_BUFG_PS_I_O)
                                                      0.025    10.168 r  ps_i/zynq_ultra_ps_e_0/inst/buffer_pl_clk_0.PL_CLK_0_BUFG/O
    X1Y2 (CLOCK_ROOT)    net (fo=6797, routed)        1.735    11.903    u_cve2_core/cs_registers_i/gen_cntrs[6].gen_imp.mcounters_variable_i/pl_clk0
    SLICE_X83Y230        FDRE                                         r  u_cve2_core/cs_registers_i/gen_cntrs[6].gen_imp.mcounters_variable_i/counter_q_reg[14]/C
                         clock pessimism              0.172    12.075    
                         clock uncertainty           -0.130    11.945    
    SLICE_X83Y230        FDRE (Setup_CFF_SLICEM_C_D)
                                                      0.025    11.970    u_cve2_core/cs_registers_i/gen_cntrs[6].gen_imp.mcounters_variable_i/counter_q_reg[14]
  -------------------------------------------------------------------
                         required time                         11.970    
                         arrival time                         -11.564    
  -------------------------------------------------------------------
                         slack                                  0.405    

Slack (MET) :             0.412ns  (required time - arrival time)
  Source:                 u_cve2_core/if_stage_i/instr_rdata_id_o_reg[22]/C
                            (rising edge-triggered cell FDCE clocked by clk_pl_0  {rise@0.000ns fall@5.000ns period=10.000ns})
  Destination:            u_cve2_core/cs_registers_i/gen_cntrs[6].gen_imp.mcounters_variable_i/counter_q_reg[10]/D
                            (rising edge-triggered cell FDRE clocked by clk_pl_0  {rise@0.000ns fall@5.000ns period=10.000ns})
  Path Group:             clk_pl_0
  Path Type:              Setup (Max at Slow Process Corner)
  Requirement:            10.000ns  (clk_pl_0 rise@10.000ns - clk_pl_0 rise@0.000ns)
  Data Path Delay:        9.392ns  (logic 4.796ns (51.063%)  route 4.596ns (48.937%))
  Logic Levels:           23  (DSP_A_B_DATA=1 DSP_ALU=4 DSP_M_DATA=1 DSP_MULTIPLIER=1 DSP_OUTPUT=4 DSP_PREADD_DATA=1 LUT3=1 LUT5=1 LUT6=8 MUXF7=1)
  Clock Path Skew:        -0.090ns (DCD - SCD + CPR)
    Destination Clock Delay (DCD):    1.903ns = ( 11.903 - 10.000 ) 
    Source Clock Delay      (SCD):    2.165ns
    Clock Pessimism Removal (CPR):    0.172ns
  Clock Uncertainty:      0.130ns  ((TSJ^2 + DJ^2)^1/2) / 2 + PE
    Total System Jitter     (TSJ):    0.071ns
    Discrete Jitter          (DJ):    0.250ns
    Phase Error              (PE):    0.000ns
  Clock Net Delay (Source):      1.957ns (routing 0.569ns, distribution 1.388ns)
  Clock Net Delay (Destination): 1.735ns (routing 0.512ns, distribution 1.223ns)

    Location             Delay type                Incr(ns)  Path(ns)    Netlist Resource(s)
  -------------------------------------------------------------------    -------------------
                         (clock clk_pl_0 rise edge)
                                                      0.000     0.000 r  
    PS8_X0Y0             PS8                          0.000     0.000 r  ps_i/zynq_ultra_ps_e_0/inst/PS8_i/PLCLK[0]
                         net (fo=1, routed)           0.180     0.180    ps_i/zynq_ultra_ps_e_0/inst/pl_clk_unbuffered[0]
    BUFG_PS_X0Y80                                                     r  ps_i/zynq_ultra_ps_e_0/inst/buffer_pl_clk_0.PL_CLK_0_BUFG/I
    BUFG_PS_X0Y80        BUFG_PS (Prop_BUFG_PS_I_O)
                                                      0.028     0.208 r  ps_i/zynq_ultra_ps_e_0/inst/buffer_pl_clk_0.PL_CLK_0_BUFG/O
    X1Y2 (CLOCK_ROOT)    net (fo=6797, routed)        1.957     2.165    u_cve2_core/if_stage_i/pl_clk0
    SLICE_X75Y202        FDCE                                         r  u_cve2_core/if_stage_i/instr_rdata_id_o_reg[22]/C
  -------------------------------------------------------------------    -------------------
    SLICE_X75Y202        FDCE (Prop_DFF_SLICEL_C_Q)
                                                      0.079     2.244 r  u_cve2_core/if_stage_i/instr_rdata_id_o_reg[22]/Q
                         net (fo=140, routed)         0.541     2.785    u_cve2_core/register_file_i/Q[7]
    SLICE_X73Y195                                                     r  u_cve2_core/register_file_i/act_scale_hi_q_reg[21]_i_3/S
    SLICE_X73Y195        MUXF7 (Prop_F7MUX_CD_SLICEM_S_O)
                                                      0.077     2.862 f  u_cve2_core/register_file_i/act_scale_hi_q_reg[21]_i_3/O
                         net (fo=1, routed)           0.496     3.358    u_cve2_core/register_file_i/act_scale_hi_q_reg[21]_i_3_n_0
    SLICE_X79Y195                                                     f  u_cve2_core/register_file_i/act_scale_hi_q[21]_i_1/I1
    SLICE_X79Y195        LUT6 (Prop_G6LUT_SLICEM_I1_O)
                                                      0.090     3.448 f  u_cve2_core/register_file_i/act_scale_hi_q[21]_i_1/O
                         net (fo=9, routed)           0.213     3.661    u_cve2_core/vec_unit_i/rf_rdata_b[21]
    SLICE_X79Y190                                                     f  u_cve2_core/vec_unit_i/gen_mult_single_cycle.mult2_res_i_12/I1
    SLICE_X79Y190        LUT3 (Prop_F6LUT_SLICEM_I1_O)
                                                      0.098     3.759 f  u_cve2_core/vec_unit_i/gen_mult_single_cycle.mult2_res_i_12/O
                         net (fo=4, routed)           0.367     4.126    u_cve2_core/ex_block_i/gen_multdiv_fast.multdiv_i/gen_mult_single_cycle.mult2_res/B[5]
    DSP48E2_X9Y75                                                     f  u_cve2_core/ex_block_i/gen_multdiv_fast.multdiv_i/gen_mult_single_cycle.mult2_res/DSP_A_B_DATA_INST/B[5]
    DSP48E2_X9Y75        DSP_A_B_DATA (Prop_DSP_A_B_DATA_DSP48E2_B[5]_B2_DATA[5])
                                                      0.151     4.277 r  u_cve2_core/ex_block_i/gen_multdiv_fast.multdiv_i/gen_mult_single_cycle.mult2_res/DSP_A_B_DATA_INST/B2_DATA[5]
                         net (fo=1, routed)           0.000     4.277    u_cve2_core/ex_block_i/gen_multdiv_fast.multdiv_i/gen_mult_single_cycle.mult2_res/DSP_A_B_DATA.B2_DATA<5>
    DSP48E2_X9Y75                                                     r  u_cve2_core/ex_block_i/gen_multdiv_fast.multdiv_i/gen_mult_single_cycle.mult2_res/DSP_PREADD_DATA_INST/B2_DATA[5]
    DSP48E2_X9Y75        DSP_PREADD_DATA (Prop_DSP_PREADD_DATA_DSP48E2_B2_DATA[5]_B2B1[5])
                                                      0.073     4.350 r  u_cve2_core/ex_block_i/gen_multdiv_fast.multdiv_i/gen_mult_single_cycle.mult2_res/DSP_PREADD_DATA_INST/B2B1[5]
                         net (fo=1, routed)           0.000     4.350    u_cve2_core/ex_block_i/gen_multdiv_fast.multdiv_i/gen_mult_single_cycle.mult2_res/DSP_PREADD_DATA.B2B1<5>
    DSP48E2_X9Y75                                                     r  u_cve2_core/ex_block_i/gen_multdiv_fast.multdiv_i/gen_mult_single_cycle.mult2_res/DSP_MULTIPLIER_INST/B2B1[5]
    DSP48E2_X9Y75        DSP_MULTIPLIER (Prop_DSP_MULTIPLIER_DSP48E2_B2B1[5]_V[35])
                                                      0.609     4.959 f  u_cve2_core/ex_block_i/gen_multdiv_fast.multdiv_i/gen_mult_single_cycle.mult2_res/DSP_MULTIPLIER_INST/V[35]
                         net (fo=1, routed)           0.000     4.959    u_cve2_core/ex_block_i/gen_multdiv_fast.multdiv_i/gen_mult_single_cycle.mult2_res/DSP_MULTIPLIER.V<35>
    DSP48E2_X9Y75                                                     f  u_cve2_core/ex_block_i/gen_multdiv_fast.multdiv_i/gen_mult_single_cycle.mult2_res/DSP_M_DATA_INST/V[35]
    DSP48E2_X9Y75        DSP_M_DATA (Prop_DSP_M_DATA_DSP48E2_V[35]_V_DATA[35])
                                                      0.046     5.005 r  u_cve2_core/ex_block_i/gen_multdiv_fast.multdiv_i/gen_mult_single_cycle.mult2_res/DSP_M_DATA_INST/V_DATA[35]
                         net (fo=1, routed)           0.000     5.005    u_cve2_core/ex_block_i/gen_multdiv_fast.multdiv_i/gen_mult_single_cycle.mult2_res/DSP_M_DATA.V_DATA<35>
    DSP48E2_X9Y75                                                     r  u_cve2_core/ex_block_i/gen_multdiv_fast.multdiv_i/gen_mult_single_cycle.mult2_res/DSP_ALU_INST/V_DATA[35]
    DSP48E2_X9Y75        DSP_ALU (Prop_DSP_ALU_DSP48E2_V_DATA[35]_ALU_OUT[47])
                                                      0.571     5.576 f  u_cve2_core/ex_block_i/gen_multdiv_fast.multdiv_i/gen_mult_single_cycle.mult2_res/DSP_ALU_INST/ALU_OUT[47]
                         net (fo=1, routed)           0.000     5.576    u_cve2_core/ex_block_i/gen_multdiv_fast.multdiv_i/gen_mult_single_cycle.mult2_res/DSP_ALU.ALU_OUT<47>
    DSP48E2_X9Y75                                                     f  u_cve2_core/ex_block_i/gen_multdiv_fast.multdiv_i/gen_mult_single_cycle.mult2_res/DSP_OUTPUT_INST/ALU_OUT[47]
    DSP48E2_X9Y75        DSP_OUTPUT (Prop_DSP_OUTPUT_DSP48E2_ALU_OUT[47]_PCOUT[47])
                                                      0.122     5.698 r  u_cve2_core/ex_block_i/gen_multdiv_fast.multdiv_i/gen_mult_single_cycle.mult2_res/DSP_OUTPUT_INST/PCOUT[47]
                         net (fo=1, routed)           0.038     5.736    u_cve2_core/ex_block_i/gen_multdiv_fast.multdiv_i/mac_res_signed/PCIN[47]
    DSP48E2_X9Y76                                                     r  u_cve2_core/ex_block_i/gen_multdiv_fast.multdiv_i/mac_res_signed/DSP_ALU_INST/PCIN[47]
    DSP48E2_X9Y76        DSP_ALU (Prop_DSP_ALU_DSP48E2_PCIN[47]_ALU_OUT[47])
                                                      0.546     6.282 f  u_cve2_core/ex_block_i/gen_multdiv_fast.multdiv_i/mac_res_signed/DSP_ALU_INST/ALU_OUT[47]
                         net (fo=1, routed)           0.000     6.282    u_cve2_core/ex_block_i/gen_multdiv_fast.multdiv_i/mac_res_signed/DSP_ALU.ALU_OUT<47>
    DSP48E2_X9Y76                                                     f  u_cve2_core/ex_block_i/gen_multdiv_fast.multdiv_i/mac_res_signed/DSP_OUTPUT_INST/ALU_OUT[47]
    DSP48E2_X9Y76        DSP_OUTPUT (Prop_DSP_OUTPUT_DSP48E2_ALU_OUT[47]_PCOUT[47])
                                                      0.122     6.404 r  u_cve2_core/ex_block_i/gen_multdiv_fast.multdiv_i/mac_res_signed/DSP_OUTPUT_INST/PCOUT[47]
                         net (fo=1, routed)           0.014     6.418    u_cve2_core/ex_block_i/gen_multdiv_fast.multdiv_i/mac_res_signed__0/PCIN[47]
    DSP48E2_X9Y77                                                     r  u_cve2_core/ex_block_i/gen_multdiv_fast.multdiv_i/mac_res_signed__0/DSP_ALU_INST/PCIN[47]
    DSP48E2_X9Y77        DSP_ALU (Prop_DSP_ALU_DSP48E2_PCIN[47]_ALU_OUT[0])
                                                      0.546     6.964 r  u_cve2_core/ex_block_i/gen_multdiv_fast.multdiv_i/mac_res_signed__0/DSP_ALU_INST/ALU_OUT[0]
                         net (fo=1, routed)           0.000     6.964    u_cve2_core/ex_block_i/gen_multdiv_fast.multdiv_i/mac_res_signed__0/DSP_ALU.ALU_OUT<0>
    DSP48E2_X9Y77                                                     r  u_cve2_core/ex_block_i/gen_multdiv_fast.multdiv_i/mac_res_signed__0/DSP_OUTPUT_INST/ALU_OUT[0]
    DSP48E2_X9Y77        DSP_OUTPUT (Prop_DSP_OUTPUT_DSP48E2_ALU_OUT[0]_P[0])
                                                      0.109     7.073 f  u_cve2_core/ex_block_i/gen_multdiv_fast.multdiv_i/mac_res_signed__0/DSP_OUTPUT_INST/P[0]
                         net (fo=4, routed)           0.278     7.351    u_cve2_core/if_stage_i/gen_intermediate_val_reg[0].imd_val_q_reg[0][31]_0[0]
    SLICE_X74Y188                                                     f  u_cve2_core/if_stage_i/vrf_mem_reg_1_bram_0_i_240/I3
    SLICE_X74Y188        LUT6 (Prop_C6LUT_SLICEM_I3_O)
                                                      0.088     7.439 f  u_cve2_core/if_stage_i/vrf_mem_reg_1_bram_0_i_240/O
                         net (fo=1, routed)           0.149     7.588    u_cve2_core/if_stage_i/vrf_mem_reg_1_bram_0_i_240_n_0
    SLICE_X73Y190                                                     f  u_cve2_core/if_stage_i/vrf_mem_reg_1_bram_0_i_189/I0
    SLICE_X73Y190        LUT6 (Prop_C6LUT_SLICEM_I0_O)
                                                      0.098     7.686 f  u_cve2_core/if_stage_i/vrf_mem_reg_1_bram_0_i_189/O
                         net (fo=3, routed)           0.150     7.835    u_cve2_core/if_stage_i/gen_intermediate_val_reg[0].imd_val_q_reg[0][0]
    SLICE_X71Y191                                                     f  u_cve2_core/if_stage_i/FSM_sequential_state_q[2]_i_16/I1
    SLICE_X71Y191        LUT6 (Prop_D6LUT_SLICEM_I1_O)
                                                      0.088     7.923 r  u_cve2_core/if_stage_i/FSM_sequential_state_q[2]_i_16/O
                         net (fo=2, routed)           0.196     8.119    u_cve2_core/vec_unit_i/i_vrf/program_ram_reg_mux_sel_a_pos_3_0
    SLICE_X72Y191                                                     r  u_cve2_core/vec_unit_i/i_vrf/g_rf_flops[31].rf_reg_q[31][31]_i_31/I3
    SLICE_X72Y191        LUT6 (Prop_G6LUT_SLICEL_I3_O)
                                                      0.149     8.268 r  u_cve2_core/vec_unit_i/i_vrf/g_rf_flops[31].rf_reg_q[31][31]_i_31/O
                         net (fo=2, routed)           0.325     8.593    u_cve2_core/if_stage_i/vec_done
    SLICE_X73Y203                                                     r  u_cve2_core/if_stage_i/g_rf_flops[31].rf_reg_q[31][31]_i_13/I3
    SLICE_X73Y203        LUT6 (Prop_G6LUT_SLICEM_I3_O)
                                                      0.100     8.693 f  u_cve2_core/if_stage_i/g_rf_flops[31].rf_reg_q[31][31]_i_13/O
                         net (fo=10, routed)          0.296     8.990    u_cve2_core/id_stage_i/controller_i/counter_q[39]_i_4_0
    SLICE_X76Y207                                                     f  u_cve2_core/id_stage_i/controller_i/ctrl_fsm_cs[3]_i_14/I4
    SLICE_X76Y207        LUT6 (Prop_H6LUT_SLICEL_I4_O)
                                                      0.051     9.041 r  u_cve2_core/id_stage_i/controller_i/ctrl_fsm_cs[3]_i_14/O
                         net (fo=15, routed)          0.263     9.304    u_cve2_core/if_stage_i/instr_addr_q_reg[1]_4
    SLICE_X76Y215                                                     r  u_cve2_core/if_stage_i/counter_upd_i_40__0/I2
    SLICE_X76Y215        LUT6 (Prop_G6LUT_SLICEL_I2_O)
                                                      0.035     9.339 f  u_cve2_core/if_stage_i/counter_upd_i_40__0/O
                         net (fo=103, routed)         0.541     9.879    u_cve2_core/if_stage_i/counter_upd_i_40__0_n_0
    SLICE_X82Y230                                                     f  u_cve2_core/if_stage_i/counter_upd_i_2__4/I4
    SLICE_X82Y230        LUT5 (Prop_F6LUT_SLICEL_I4_O)
                                                      0.049     9.928 r  u_cve2_core/if_stage_i/counter_upd_i_2__4/O
                         net (fo=2, routed)           0.318    10.246    u_cve2_core/cs_registers_i/gen_cntrs[6].gen_imp.mcounters_variable_i/counter_upd/OPMODE[1]
    DSP48E2_X10Y92                                                    r  u_cve2_core/cs_registers_i/gen_cntrs[6].gen_imp.mcounters_variable_i/counter_upd/DSP_ALU_INST/OPMODE[1]
    DSP48E2_X10Y92       DSP_ALU (Prop_DSP_ALU_DSP48E2_OPMODE[1]_ALU_OUT[10])
                                                      0.790    11.036 f  u_cve2_core/cs_registers_i/gen_cntrs[6].gen_imp.mcounters_variable_i/counter_upd/DSP_ALU_INST/ALU_OUT[10]
                         net (fo=1, routed)           0.000    11.036    u_cve2_core/cs_registers_i/gen_cntrs[6].gen_imp.mcounters_variable_i/counter_upd/DSP_ALU.ALU_OUT<10>
    DSP48E2_X10Y92                                                    f  u_cve2_core/cs_registers_i/gen_cntrs[6].gen_imp.mcounters_variable_i/counter_upd/DSP_OUTPUT_INST/ALU_OUT[10]
    DSP48E2_X10Y92       DSP_OUTPUT (Prop_DSP_OUTPUT_DSP48E2_ALU_OUT[10]_P[10])
                                                      0.109    11.145 r  u_cve2_core/cs_registers_i/gen_cntrs[6].gen_imp.mcounters_variable_i/counter_upd/DSP_OUTPUT_INST/P[10]
                         net (fo=1, routed)           0.412    11.557    u_cve2_core/cs_registers_i/gen_cntrs[6].gen_imp.mcounters_variable_i/counter_upd_n_95
    SLICE_X83Y231        FDRE                                         r  u_cve2_core/cs_registers_i/gen_cntrs[6].gen_imp.mcounters_variable_i/counter_q_reg[10]/D
  -------------------------------------------------------------------    -------------------

                         (clock clk_pl_0 rise edge)
                                                     10.000    10.000 r  
    PS8_X0Y0             PS8                          0.000    10.000 r  ps_i/zynq_ultra_ps_e_0/inst/PS8_i/PLCLK[0]
                         net (fo=1, routed)           0.143    10.143    ps_i/zynq_ultra_ps_e_0/inst/pl_clk_unbuffered[0]
    BUFG_PS_X0Y80                                                     r  ps_i/zynq_ultra_ps_e_0/inst/buffer_pl_clk_0.PL_CLK_0_BUFG/I
    BUFG_PS_X0Y80        BUFG_PS (Prop_BUFG_PS_I_O)
                                                      0.025    10.168 r  ps_i/zynq_ultra_ps_e_0/inst/buffer_pl_clk_0.PL_CLK_0_BUFG/O
    X1Y2 (CLOCK_ROOT)    net (fo=6797, routed)        1.735    11.903    u_cve2_core/cs_registers_i/gen_cntrs[6].gen_imp.mcounters_variable_i/pl_clk0
    SLICE_X83Y231        FDRE                                         r  u_cve2_core/cs_registers_i/gen_cntrs[6].gen_imp.mcounters_variable_i/counter_q_reg[10]/C
                         clock pessimism              0.172    12.075    
                         clock uncertainty           -0.130    11.945    
    SLICE_X83Y231        FDRE (Setup_HFF2_SLICEM_C_D)
                                                      0.025    11.970    u_cve2_core/cs_registers_i/gen_cntrs[6].gen_imp.mcounters_variable_i/counter_q_reg[10]
  -------------------------------------------------------------------
                         required time                         11.970    
                         arrival time                         -11.557    
  -------------------------------------------------------------------
                         slack                                  0.412    

Slack (MET) :             0.416ns  (required time - arrival time)
  Source:                 u_cve2_core/if_stage_i/instr_rdata_id_o_reg[22]/C
                            (rising edge-triggered cell FDCE clocked by clk_pl_0  {rise@0.000ns fall@5.000ns period=10.000ns})
  Destination:            u_cve2_core/cs_registers_i/gen_cntrs[6].gen_imp.mcounters_variable_i/counter_q_reg[34]/D
                            (rising edge-triggered cell FDRE clocked by clk_pl_0  {rise@0.000ns fall@5.000ns period=10.000ns})
  Path Group:             clk_pl_0
  Path Type:              Setup (Max at Slow Process Corner)
  Requirement:            10.000ns  (clk_pl_0 rise@10.000ns - clk_pl_0 rise@0.000ns)
  Data Path Delay:        9.389ns  (logic 4.796ns (51.079%)  route 4.593ns (48.921%))
  Logic Levels:           23  (DSP_A_B_DATA=1 DSP_ALU=4 DSP_M_DATA=1 DSP_MULTIPLIER=1 DSP_OUTPUT=4 DSP_PREADD_DATA=1 LUT3=1 LUT5=1 LUT6=8 MUXF7=1)
  Clock Path Skew:        -0.089ns (DCD - SCD + CPR)
    Destination Clock Delay (DCD):    1.904ns = ( 11.904 - 10.000 ) 
    Source Clock Delay      (SCD):    2.165ns
    Clock Pessimism Removal (CPR):    0.172ns
  Clock Uncertainty:      0.130ns  ((TSJ^2 + DJ^2)^1/2) / 2 + PE
    Total System Jitter     (TSJ):    0.071ns
    Discrete Jitter          (DJ):    0.250ns
    Phase Error              (PE):    0.000ns
  Clock Net Delay (Source):      1.957ns (routing 0.569ns, distribution 1.388ns)
  Clock Net Delay (Destination): 1.736ns (routing 0.512ns, distribution 1.224ns)

    Location             Delay type                Incr(ns)  Path(ns)    Netlist Resource(s)
  -------------------------------------------------------------------    -------------------
                         (clock clk_pl_0 rise edge)
                                                      0.000     0.000 r  
    PS8_X0Y0             PS8                          0.000     0.000 r  ps_i/zynq_ultra_ps_e_0/inst/PS8_i/PLCLK[0]
                         net (fo=1, routed)           0.180     0.180    ps_i/zynq_ultra_ps_e_0/inst/pl_clk_unbuffered[0]
    BUFG_PS_X0Y80                                                     r  ps_i/zynq_ultra_ps_e_0/inst/buffer_pl_clk_0.PL_CLK_0_BUFG/I
    BUFG_PS_X0Y80        BUFG_PS (Prop_BUFG_PS_I_O)
                                                      0.028     0.208 r  ps_i/zynq_ultra_ps_e_0/inst/buffer_pl_clk_0.PL_CLK_0_BUFG/O
    X1Y2 (CLOCK_ROOT)    net (fo=6797, routed)        1.957     2.165    u_cve2_core/if_stage_i/pl_clk0
    SLICE_X75Y202        FDCE                                         r  u_cve2_core/if_stage_i/instr_rdata_id_o_reg[22]/C
  -------------------------------------------------------------------    -------------------
    SLICE_X75Y202        FDCE (Prop_DFF_SLICEL_C_Q)
                                                      0.079     2.244 r  u_cve2_core/if_stage_i/instr_rdata_id_o_reg[22]/Q
                         net (fo=140, routed)         0.541     2.785    u_cve2_core/register_file_i/Q[7]
    SLICE_X73Y195                                                     r  u_cve2_core/register_file_i/act_scale_hi_q_reg[21]_i_3/S
    SLICE_X73Y195        MUXF7 (Prop_F7MUX_CD_SLICEM_S_O)
                                                      0.077     2.862 f  u_cve2_core/register_file_i/act_scale_hi_q_reg[21]_i_3/O
                         net (fo=1, routed)           0.496     3.358    u_cve2_core/register_file_i/act_scale_hi_q_reg[21]_i_3_n_0
    SLICE_X79Y195                                                     f  u_cve2_core/register_file_i/act_scale_hi_q[21]_i_1/I1
    SLICE_X79Y195        LUT6 (Prop_G6LUT_SLICEM_I1_O)
                                                      0.090     3.448 f  u_cve2_core/register_file_i/act_scale_hi_q[21]_i_1/O
                         net (fo=9, routed)           0.213     3.661    u_cve2_core/vec_unit_i/rf_rdata_b[21]
    SLICE_X79Y190                                                     f  u_cve2_core/vec_unit_i/gen_mult_single_cycle.mult2_res_i_12/I1
    SLICE_X79Y190        LUT3 (Prop_F6LUT_SLICEM_I1_O)
                                                      0.098     3.759 f  u_cve2_core/vec_unit_i/gen_mult_single_cycle.mult2_res_i_12/O
                         net (fo=4, routed)           0.367     4.126    u_cve2_core/ex_block_i/gen_multdiv_fast.multdiv_i/gen_mult_single_cycle.mult2_res/B[5]
    DSP48E2_X9Y75                                                     f  u_cve2_core/ex_block_i/gen_multdiv_fast.multdiv_i/gen_mult_single_cycle.mult2_res/DSP_A_B_DATA_INST/B[5]
    DSP48E2_X9Y75        DSP_A_B_DATA (Prop_DSP_A_B_DATA_DSP48E2_B[5]_B2_DATA[5])
                                                      0.151     4.277 r  u_cve2_core/ex_block_i/gen_multdiv_fast.multdiv_i/gen_mult_single_cycle.mult2_res/DSP_A_B_DATA_INST/B2_DATA[5]
                         net (fo=1, routed)           0.000     4.277    u_cve2_core/ex_block_i/gen_multdiv_fast.multdiv_i/gen_mult_single_cycle.mult2_res/DSP_A_B_DATA.B2_DATA<5>
    DSP48E2_X9Y75                                                     r  u_cve2_core/ex_block_i/gen_multdiv_fast.multdiv_i/gen_mult_single_cycle.mult2_res/DSP_PREADD_DATA_INST/B2_DATA[5]
    DSP48E2_X9Y75        DSP_PREADD_DATA (Prop_DSP_PREADD_DATA_DSP48E2_B2_DATA[5]_B2B1[5])
                                                      0.073     4.350 r  u_cve2_core/ex_block_i/gen_multdiv_fast.multdiv_i/gen_mult_single_cycle.mult2_res/DSP_PREADD_DATA_INST/B2B1[5]
                         net (fo=1, routed)           0.000     4.350    u_cve2_core/ex_block_i/gen_multdiv_fast.multdiv_i/gen_mult_single_cycle.mult2_res/DSP_PREADD_DATA.B2B1<5>
    DSP48E2_X9Y75                                                     r  u_cve2_core/ex_block_i/gen_multdiv_fast.multdiv_i/gen_mult_single_cycle.mult2_res/DSP_MULTIPLIER_INST/B2B1[5]
    DSP48E2_X9Y75        DSP_MULTIPLIER (Prop_DSP_MULTIPLIER_DSP48E2_B2B1[5]_V[35])
                                                      0.609     4.959 f  u_cve2_core/ex_block_i/gen_multdiv_fast.multdiv_i/gen_mult_single_cycle.mult2_res/DSP_MULTIPLIER_INST/V[35]
                         net (fo=1, routed)           0.000     4.959    u_cve2_core/ex_block_i/gen_multdiv_fast.multdiv_i/gen_mult_single_cycle.mult2_res/DSP_MULTIPLIER.V<35>
    DSP48E2_X9Y75                                                     f  u_cve2_core/ex_block_i/gen_multdiv_fast.multdiv_i/gen_mult_single_cycle.mult2_res/DSP_M_DATA_INST/V[35]
    DSP48E2_X9Y75        DSP_M_DATA (Prop_DSP_M_DATA_DSP48E2_V[35]_V_DATA[35])
                                                      0.046     5.005 r  u_cve2_core/ex_block_i/gen_multdiv_fast.multdiv_i/gen_mult_single_cycle.mult2_res/DSP_M_DATA_INST/V_DATA[35]
                         net (fo=1, routed)           0.000     5.005    u_cve2_core/ex_block_i/gen_multdiv_fast.multdiv_i/gen_mult_single_cycle.mult2_res/DSP_M_DATA.V_DATA<35>
    DSP48E2_X9Y75                                                     r  u_cve2_core/ex_block_i/gen_multdiv_fast.multdiv_i/gen_mult_single_cycle.mult2_res/DSP_ALU_INST/V_DATA[35]
    DSP48E2_X9Y75        DSP_ALU (Prop_DSP_ALU_DSP48E2_V_DATA[35]_ALU_OUT[47])
                                                      0.571     5.576 f  u_cve2_core/ex_block_i/gen_multdiv_fast.multdiv_i/gen_mult_single_cycle.mult2_res/DSP_ALU_INST/ALU_OUT[47]
                         net (fo=1, routed)           0.000     5.576    u_cve2_core/ex_block_i/gen_multdiv_fast.multdiv_i/gen_mult_single_cycle.mult2_res/DSP_ALU.ALU_OUT<47>
    DSP48E2_X9Y75                                                     f  u_cve2_core/ex_block_i/gen_multdiv_fast.multdiv_i/gen_mult_single_cycle.mult2_res/DSP_OUTPUT_INST/ALU_OUT[47]
    DSP48E2_X9Y75        DSP_OUTPUT (Prop_DSP_OUTPUT_DSP48E2_ALU_OUT[47]_PCOUT[47])
                                                      0.122     5.698 r  u_cve2_core/ex_block_i/gen_multdiv_fast.multdiv_i/gen_mult_single_cycle.mult2_res/DSP_OUTPUT_INST/PCOUT[47]
                         net (fo=1, routed)           0.038     5.736    u_cve2_core/ex_block_i/gen_multdiv_fast.multdiv_i/mac_res_signed/PCIN[47]
    DSP48E2_X9Y76                                                     r  u_cve2_core/ex_block_i/gen_multdiv_fast.multdiv_i/mac_res_signed/DSP_ALU_INST/PCIN[47]
    DSP48E2_X9Y76        DSP_ALU (Prop_DSP_ALU_DSP48E2_PCIN[47]_ALU_OUT[47])
                                                      0.546     6.282 f  u_cve2_core/ex_block_i/gen_multdiv_fast.multdiv_i/mac_res_signed/DSP_ALU_INST/ALU_OUT[47]
                         net (fo=1, routed)           0.000     6.282    u_cve2_core/ex_block_i/gen_multdiv_fast.multdiv_i/mac_res_signed/DSP_ALU.ALU_OUT<47>
    DSP48E2_X9Y76                                                     f  u_cve2_core/ex_block_i/gen_multdiv_fast.multdiv_i/mac_res_signed/DSP_OUTPUT_INST/ALU_OUT[47]
    DSP48E2_X9Y76        DSP_OUTPUT (Prop_DSP_OUTPUT_DSP48E2_ALU_OUT[47]_PCOUT[47])
                                                      0.122     6.404 r  u_cve2_core/ex_block_i/gen_multdiv_fast.multdiv_i/mac_res_signed/DSP_OUTPUT_INST/PCOUT[47]
                         net (fo=1, routed)           0.014     6.418    u_cve2_core/ex_block_i/gen_multdiv_fast.multdiv_i/mac_res_signed__0/PCIN[47]
    DSP48E2_X9Y77                                                     r  u_cve2_core/ex_block_i/gen_multdiv_fast.multdiv_i/mac_res_signed__0/DSP_ALU_INST/PCIN[47]
    DSP48E2_X9Y77        DSP_ALU (Prop_DSP_ALU_DSP48E2_PCIN[47]_ALU_OUT[0])
                                                      0.546     6.964 r  u_cve2_core/ex_block_i/gen_multdiv_fast.multdiv_i/mac_res_signed__0/DSP_ALU_INST/ALU_OUT[0]
                         net (fo=1, routed)           0.000     6.964    u_cve2_core/ex_block_i/gen_multdiv_fast.multdiv_i/mac_res_signed__0/DSP_ALU.ALU_OUT<0>
    DSP48E2_X9Y77                                                     r  u_cve2_core/ex_block_i/gen_multdiv_fast.multdiv_i/mac_res_signed__0/DSP_OUTPUT_INST/ALU_OUT[0]
    DSP48E2_X9Y77        DSP_OUTPUT (Prop_DSP_OUTPUT_DSP48E2_ALU_OUT[0]_P[0])
                                                      0.109     7.073 f  u_cve2_core/ex_block_i/gen_multdiv_fast.multdiv_i/mac_res_signed__0/DSP_OUTPUT_INST/P[0]
                         net (fo=4, routed)           0.278     7.351    u_cve2_core/if_stage_i/gen_intermediate_val_reg[0].imd_val_q_reg[0][31]_0[0]
    SLICE_X74Y188                                                     f  u_cve2_core/if_stage_i/vrf_mem_reg_1_bram_0_i_240/I3
    SLICE_X74Y188        LUT6 (Prop_C6LUT_SLICEM_I3_O)
                                                      0.088     7.439 f  u_cve2_core/if_stage_i/vrf_mem_reg_1_bram_0_i_240/O
                         net (fo=1, routed)           0.149     7.588    u_cve2_core/if_stage_i/vrf_mem_reg_1_bram_0_i_240_n_0
    SLICE_X73Y190                                                     f  u_cve2_core/if_stage_i/vrf_mem_reg_1_bram_0_i_189/I0
    SLICE_X73Y190        LUT6 (Prop_C6LUT_SLICEM_I0_O)
                                                      0.098     7.686 f  u_cve2_core/if_stage_i/vrf_mem_reg_1_bram_0_i_189/O
                         net (fo=3, routed)           0.150     7.835    u_cve2_core/if_stage_i/gen_intermediate_val_reg[0].imd_val_q_reg[0][0]
    SLICE_X71Y191                                                     f  u_cve2_core/if_stage_i/FSM_sequential_state_q[2]_i_16/I1
    SLICE_X71Y191        LUT6 (Prop_D6LUT_SLICEM_I1_O)
                                                      0.088     7.923 r  u_cve2_core/if_stage_i/FSM_sequential_state_q[2]_i_16/O
                         net (fo=2, routed)           0.196     8.119    u_cve2_core/vec_unit_i/i_vrf/program_ram_reg_mux_sel_a_pos_3_0
    SLICE_X72Y191                                                     r  u_cve2_core/vec_unit_i/i_vrf/g_rf_flops[31].rf_reg_q[31][31]_i_31/I3
    SLICE_X72Y191        LUT6 (Prop_G6LUT_SLICEL_I3_O)
                                                      0.149     8.268 r  u_cve2_core/vec_unit_i/i_vrf/g_rf_flops[31].rf_reg_q[31][31]_i_31/O
                         net (fo=2, routed)           0.325     8.593    u_cve2_core/if_stage_i/vec_done
    SLICE_X73Y203                                                     r  u_cve2_core/if_stage_i/g_rf_flops[31].rf_reg_q[31][31]_i_13/I3
    SLICE_X73Y203        LUT6 (Prop_G6LUT_SLICEM_I3_O)
                                                      0.100     8.693 f  u_cve2_core/if_stage_i/g_rf_flops[31].rf_reg_q[31][31]_i_13/O
                         net (fo=10, routed)          0.296     8.990    u_cve2_core/id_stage_i/controller_i/counter_q[39]_i_4_0
    SLICE_X76Y207                                                     f  u_cve2_core/id_stage_i/controller_i/ctrl_fsm_cs[3]_i_14/I4
    SLICE_X76Y207        LUT6 (Prop_H6LUT_SLICEL_I4_O)
                                                      0.051     9.041 r  u_cve2_core/id_stage_i/controller_i/ctrl_fsm_cs[3]_i_14/O
                         net (fo=15, routed)          0.263     9.304    u_cve2_core/if_stage_i/instr_addr_q_reg[1]_4
    SLICE_X76Y215                                                     r  u_cve2_core/if_stage_i/counter_upd_i_40__0/I2
    SLICE_X76Y215        LUT6 (Prop_G6LUT_SLICEL_I2_O)
                                                      0.035     9.339 f  u_cve2_core/if_stage_i/counter_upd_i_40__0/O
                         net (fo=103, routed)         0.541     9.879    u_cve2_core/if_stage_i/counter_upd_i_40__0_n_0
    SLICE_X82Y230                                                     f  u_cve2_core/if_stage_i/counter_upd_i_2__4/I4
    SLICE_X82Y230        LUT5 (Prop_F6LUT_SLICEL_I4_O)
                                                      0.049     9.928 r  u_cve2_core/if_stage_i/counter_upd_i_2__4/O
                         net (fo=2, routed)           0.318    10.246    u_cve2_core/cs_registers_i/gen_cntrs[6].gen_imp.mcounters_variable_i/counter_upd/OPMODE[1]
    DSP48E2_X10Y92                                                    r  u_cve2_core/cs_registers_i/gen_cntrs[6].gen_imp.mcounters_variable_i/counter_upd/DSP_ALU_INST/OPMODE[1]
    DSP48E2_X10Y92       DSP_ALU (Prop_DSP_ALU_DSP48E2_OPMODE[1]_ALU_OUT[34])
                                                      0.790    11.036 f  u_cve2_core/cs_registers_i/gen_cntrs[6].gen_imp.mcounters_variable_i/counter_upd/DSP_ALU_INST/ALU_OUT[34]
                         net (fo=1, routed)           0.000    11.036    u_cve2_core/cs_registers_i/gen_cntrs[6].gen_imp.mcounters_variable_i/counter_upd/DSP_ALU.ALU_OUT<34>
    DSP48E2_X10Y92                                                    f  u_cve2_core/cs_registers_i/gen_cntrs[6].gen_imp.mcounters_variable_i/counter_upd/DSP_OUTPUT_INST/ALU_OUT[34]
    DSP48E2_X10Y92       DSP_OUTPUT (Prop_DSP_OUTPUT_DSP48E2_ALU_OUT[34]_P[34])
                                                      0.109    11.145 r  u_cve2_core/cs_registers_i/gen_cntrs[6].gen_imp.mcounters_variable_i/counter_upd/DSP_OUTPUT_INST/P[34]
                         net (fo=1, routed)           0.409    11.554    u_cve2_core/cs_registers_i/gen_cntrs[6].gen_imp.mcounters_variable_i/counter_upd_n_71
    SLICE_X83Y234        FDRE                                         r  u_cve2_core/cs_registers_i/gen_cntrs[6].gen_imp.mcounters_variable_i/counter_q_reg[34]/D
  -------------------------------------------------------------------    -------------------

                         (clock clk_pl_0 rise edge)
                                                     10.000    10.000 r  
    PS8_X0Y0             PS8                          0.000    10.000 r  ps_i/zynq_ultra_ps_e_0/inst/PS8_i/PLCLK[0]
                         net (fo=1, routed)           0.143    10.143    ps_i/zynq_ultra_ps_e_0/inst/pl_clk_unbuffered[0]
    BUFG_PS_X0Y80                                                     r  ps_i/zynq_ultra_ps_e_0/inst/buffer_pl_clk_0.PL_CLK_0_BUFG/I
    BUFG_PS_X0Y80        BUFG_PS (Prop_BUFG_PS_I_O)
                                                      0.025    10.168 r  ps_i/zynq_ultra_ps_e_0/inst/buffer_pl_clk_0.PL_CLK_0_BUFG/O
    X1Y2 (CLOCK_ROOT)    net (fo=6797, routed)        1.736    11.904    u_cve2_core/cs_registers_i/gen_cntrs[6].gen_imp.mcounters_variable_i/pl_clk0
    SLICE_X83Y234        FDRE                                         r  u_cve2_core/cs_registers_i/gen_cntrs[6].gen_imp.mcounters_variable_i/counter_q_reg[34]/C
                         clock pessimism              0.172    12.076    
                         clock uncertainty           -0.130    11.946    
    SLICE_X83Y234        FDRE (Setup_FFF_SLICEM_C_D)
                                                      0.025    11.971    u_cve2_core/cs_registers_i/gen_cntrs[6].gen_imp.mcounters_variable_i/counter_q_reg[34]
  -------------------------------------------------------------------
                         required time                         11.971    
                         arrival time                         -11.554    
  -------------------------------------------------------------------
                         slack                                  0.416    

Slack (MET) :             0.422ns  (required time - arrival time)
  Source:                 u_cve2_core/if_stage_i/instr_rdata_id_o_reg[22]/C
                            (rising edge-triggered cell FDCE clocked by clk_pl_0  {rise@0.000ns fall@5.000ns period=10.000ns})
  Destination:            u_cve2_core/cs_registers_i/gen_cntrs[1].gen_imp.mcounters_variable_i/counter_q_reg[24]/D
                            (rising edge-triggered cell FDRE clocked by clk_pl_0  {rise@0.000ns fall@5.000ns period=10.000ns})
  Path Group:             clk_pl_0
  Path Type:              Setup (Max at Slow Process Corner)
  Requirement:            10.000ns  (clk_pl_0 rise@10.000ns - clk_pl_0 rise@0.000ns)
  Data Path Delay:        9.372ns  (logic 4.799ns (51.204%)  route 4.573ns (48.796%))
  Logic Levels:           23  (DSP_A_B_DATA=1 DSP_ALU=4 DSP_M_DATA=1 DSP_MULTIPLIER=1 DSP_OUTPUT=4 DSP_PREADD_DATA=1 LUT3=1 LUT6=9 MUXF7=1)
  Clock Path Skew:        -0.101ns (DCD - SCD + CPR)
    Destination Clock Delay (DCD):    1.892ns = ( 11.892 - 10.000 ) 
    Source Clock Delay      (SCD):    2.165ns
    Clock Pessimism Removal (CPR):    0.172ns
  Clock Uncertainty:      0.130ns  ((TSJ^2 + DJ^2)^1/2) / 2 + PE
    Total System Jitter     (TSJ):    0.071ns
    Discrete Jitter          (DJ):    0.250ns
    Phase Error              (PE):    0.000ns
  Clock Net Delay (Source):      1.957ns (routing 0.569ns, distribution 1.388ns)
  Clock Net Delay (Destination): 1.724ns (routing 0.512ns, distribution 1.212ns)

    Location             Delay type                Incr(ns)  Path(ns)    Netlist Resource(s)
  -------------------------------------------------------------------    -------------------
                         (clock clk_pl_0 rise edge)
                                                      0.000     0.000 r  
    PS8_X0Y0             PS8                          0.000     0.000 r  ps_i/zynq_ultra_ps_e_0/inst/PS8_i/PLCLK[0]
                         net (fo=1, routed)           0.180     0.180    ps_i/zynq_ultra_ps_e_0/inst/pl_clk_unbuffered[0]
    BUFG_PS_X0Y80                                                     r  ps_i/zynq_ultra_ps_e_0/inst/buffer_pl_clk_0.PL_CLK_0_BUFG/I
    BUFG_PS_X0Y80        BUFG_PS (Prop_BUFG_PS_I_O)
                                                      0.028     0.208 r  ps_i/zynq_ultra_ps_e_0/inst/buffer_pl_clk_0.PL_CLK_0_BUFG/O
    X1Y2 (CLOCK_ROOT)    net (fo=6797, routed)        1.957     2.165    u_cve2_core/if_stage_i/pl_clk0
    SLICE_X75Y202        FDCE                                         r  u_cve2_core/if_stage_i/instr_rdata_id_o_reg[22]/C
  -------------------------------------------------------------------    -------------------
    SLICE_X75Y202        FDCE (Prop_DFF_SLICEL_C_Q)
                                                      0.079     2.244 r  u_cve2_core/if_stage_i/instr_rdata_id_o_reg[22]/Q
                         net (fo=140, routed)         0.541     2.785    u_cve2_core/register_file_i/Q[7]
    SLICE_X73Y195                                                     r  u_cve2_core/register_file_i/act_scale_hi_q_reg[21]_i_3/S
    SLICE_X73Y195        MUXF7 (Prop_F7MUX_CD_SLICEM_S_O)
                                                      0.077     2.862 f  u_cve2_core/register_file_i/act_scale_hi_q_reg[21]_i_3/O
                         net (fo=1, routed)           0.496     3.358    u_cve2_core/register_file_i/act_scale_hi_q_reg[21]_i_3_n_0
    SLICE_X79Y195                                                     f  u_cve2_core/register_file_i/act_scale_hi_q[21]_i_1/I1
    SLICE_X79Y195        LUT6 (Prop_G6LUT_SLICEM_I1_O)
                                                      0.090     3.448 f  u_cve2_core/register_file_i/act_scale_hi_q[21]_i_1/O
                         net (fo=9, routed)           0.213     3.661    u_cve2_core/vec_unit_i/rf_rdata_b[21]
    SLICE_X79Y190                                                     f  u_cve2_core/vec_unit_i/gen_mult_single_cycle.mult2_res_i_12/I1
    SLICE_X79Y190        LUT3 (Prop_F6LUT_SLICEM_I1_O)
                                                      0.098     3.759 f  u_cve2_core/vec_unit_i/gen_mult_single_cycle.mult2_res_i_12/O
                         net (fo=4, routed)           0.367     4.126    u_cve2_core/ex_block_i/gen_multdiv_fast.multdiv_i/gen_mult_single_cycle.mult2_res/B[5]
    DSP48E2_X9Y75                                                     f  u_cve2_core/ex_block_i/gen_multdiv_fast.multdiv_i/gen_mult_single_cycle.mult2_res/DSP_A_B_DATA_INST/B[5]
    DSP48E2_X9Y75        DSP_A_B_DATA (Prop_DSP_A_B_DATA_DSP48E2_B[5]_B2_DATA[5])
                                                      0.151     4.277 r  u_cve2_core/ex_block_i/gen_multdiv_fast.multdiv_i/gen_mult_single_cycle.mult2_res/DSP_A_B_DATA_INST/B2_DATA[5]
                         net (fo=1, routed)           0.000     4.277    u_cve2_core/ex_block_i/gen_multdiv_fast.multdiv_i/gen_mult_single_cycle.mult2_res/DSP_A_B_DATA.B2_DATA<5>
    DSP48E2_X9Y75                                                     r  u_cve2_core/ex_block_i/gen_multdiv_fast.multdiv_i/gen_mult_single_cycle.mult2_res/DSP_PREADD_DATA_INST/B2_DATA[5]
    DSP48E2_X9Y75        DSP_PREADD_DATA (Prop_DSP_PREADD_DATA_DSP48E2_B2_DATA[5]_B2B1[5])
                                                      0.073     4.350 r  u_cve2_core/ex_block_i/gen_multdiv_fast.multdiv_i/gen_mult_single_cycle.mult2_res/DSP_PREADD_DATA_INST/B2B1[5]
                         net (fo=1, routed)           0.000     4.350    u_cve2_core/ex_block_i/gen_multdiv_fast.multdiv_i/gen_mult_single_cycle.mult2_res/DSP_PREADD_DATA.B2B1<5>
    DSP48E2_X9Y75                                                     r  u_cve2_core/ex_block_i/gen_multdiv_fast.multdiv_i/gen_mult_single_cycle.mult2_res/DSP_MULTIPLIER_INST/B2B1[5]
    DSP48E2_X9Y75        DSP_MULTIPLIER (Prop_DSP_MULTIPLIER_DSP48E2_B2B1[5]_V[35])
                                                      0.609     4.959 f  u_cve2_core/ex_block_i/gen_multdiv_fast.multdiv_i/gen_mult_single_cycle.mult2_res/DSP_MULTIPLIER_INST/V[35]
                         net (fo=1, routed)           0.000     4.959    u_cve2_core/ex_block_i/gen_multdiv_fast.multdiv_i/gen_mult_single_cycle.mult2_res/DSP_MULTIPLIER.V<35>
    DSP48E2_X9Y75                                                     f  u_cve2_core/ex_block_i/gen_multdiv_fast.multdiv_i/gen_mult_single_cycle.mult2_res/DSP_M_DATA_INST/V[35]
    DSP48E2_X9Y75        DSP_M_DATA (Prop_DSP_M_DATA_DSP48E2_V[35]_V_DATA[35])
                                                      0.046     5.005 r  u_cve2_core/ex_block_i/gen_multdiv_fast.multdiv_i/gen_mult_single_cycle.mult2_res/DSP_M_DATA_INST/V_DATA[35]
                         net (fo=1, routed)           0.000     5.005    u_cve2_core/ex_block_i/gen_multdiv_fast.multdiv_i/gen_mult_single_cycle.mult2_res/DSP_M_DATA.V_DATA<35>
    DSP48E2_X9Y75                                                     r  u_cve2_core/ex_block_i/gen_multdiv_fast.multdiv_i/gen_mult_single_cycle.mult2_res/DSP_ALU_INST/V_DATA[35]
    DSP48E2_X9Y75        DSP_ALU (Prop_DSP_ALU_DSP48E2_V_DATA[35]_ALU_OUT[47])
                                                      0.571     5.576 f  u_cve2_core/ex_block_i/gen_multdiv_fast.multdiv_i/gen_mult_single_cycle.mult2_res/DSP_ALU_INST/ALU_OUT[47]
                         net (fo=1, routed)           0.000     5.576    u_cve2_core/ex_block_i/gen_multdiv_fast.multdiv_i/gen_mult_single_cycle.mult2_res/DSP_ALU.ALU_OUT<47>
    DSP48E2_X9Y75                                                     f  u_cve2_core/ex_block_i/gen_multdiv_fast.multdiv_i/gen_mult_single_cycle.mult2_res/DSP_OUTPUT_INST/ALU_OUT[47]
    DSP48E2_X9Y75        DSP_OUTPUT (Prop_DSP_OUTPUT_DSP48E2_ALU_OUT[47]_PCOUT[47])
                                                      0.122     5.698 r  u_cve2_core/ex_block_i/gen_multdiv_fast.multdiv_i/gen_mult_single_cycle.mult2_res/DSP_OUTPUT_INST/PCOUT[47]
                         net (fo=1, routed)           0.038     5.736    u_cve2_core/ex_block_i/gen_multdiv_fast.multdiv_i/mac_res_signed/PCIN[47]
    DSP48E2_X9Y76                                                     r  u_cve2_core/ex_block_i/gen_multdiv_fast.multdiv_i/mac_res_signed/DSP_ALU_INST/PCIN[47]
    DSP48E2_X9Y76        DSP_ALU (Prop_DSP_ALU_DSP48E2_PCIN[47]_ALU_OUT[47])
                                                      0.546     6.282 f  u_cve2_core/ex_block_i/gen_multdiv_fast.multdiv_i/mac_res_signed/DSP_ALU_INST/ALU_OUT[47]
                         net (fo=1, routed)           0.000     6.282    u_cve2_core/ex_block_i/gen_multdiv_fast.multdiv_i/mac_res_signed/DSP_ALU.ALU_OUT<47>
    DSP48E2_X9Y76                                                     f  u_cve2_core/ex_block_i/gen_multdiv_fast.multdiv_i/mac_res_signed/DSP_OUTPUT_INST/ALU_OUT[47]
    DSP48E2_X9Y76        DSP_OUTPUT (Prop_DSP_OUTPUT_DSP48E2_ALU_OUT[47]_PCOUT[47])
                                                      0.122     6.404 r  u_cve2_core/ex_block_i/gen_multdiv_fast.multdiv_i/mac_res_signed/DSP_OUTPUT_INST/PCOUT[47]
                         net (fo=1, routed)           0.014     6.418    u_cve2_core/ex_block_i/gen_multdiv_fast.multdiv_i/mac_res_signed__0/PCIN[47]
    DSP48E2_X9Y77                                                     r  u_cve2_core/ex_block_i/gen_multdiv_fast.multdiv_i/mac_res_signed__0/DSP_ALU_INST/PCIN[47]
    DSP48E2_X9Y77        DSP_ALU (Prop_DSP_ALU_DSP48E2_PCIN[47]_ALU_OUT[0])
                                                      0.546     6.964 f  u_cve2_core/ex_block_i/gen_multdiv_fast.multdiv_i/mac_res_signed__0/DSP_ALU_INST/ALU_OUT[0]
                         net (fo=1, routed)           0.000     6.964    u_cve2_core/ex_block_i/gen_multdiv_fast.multdiv_i/mac_res_signed__0/DSP_ALU.ALU_OUT<0>
    DSP48E2_X9Y77                                                     f  u_cve2_core/ex_block_i/gen_multdiv_fast.multdiv_i/mac_res_signed__0/DSP_OUTPUT_INST/ALU_OUT[0]
    DSP48E2_X9Y77        DSP_OUTPUT (Prop_DSP_OUTPUT_DSP48E2_ALU_OUT[0]_P[0])
                                                      0.109     7.073 r  u_cve2_core/ex_block_i/gen_multdiv_fast.multdiv_i/mac_res_signed__0/DSP_OUTPUT_INST/P[0]
                         net (fo=4, routed)           0.278     7.351    u_cve2_core/if_stage_i/gen_intermediate_val_reg[0].imd_val_q_reg[0][31]_0[0]
    SLICE_X74Y188                                                     r  u_cve2_core/if_stage_i/vrf_mem_reg_1_bram_0_i_240/I3
    SLICE_X74Y188        LUT6 (Prop_C6LUT_SLICEM_I3_O)
                                                      0.088     7.439 r  u_cve2_core/if_stage_i/vrf_mem_reg_1_bram_0_i_240/O
                         net (fo=1, routed)           0.149     7.588    u_cve2_core/if_stage_i/vrf_mem_reg_1_bram_0_i_240_n_0
    SLICE_X73Y190                                                     r  u_cve2_core/if_stage_i/vrf_mem_reg_1_bram_0_i_189/I0
    SLICE_X73Y190        LUT6 (Prop_C6LUT_SLICEM_I0_O)
                                                      0.098     7.686 r  u_cve2_core/if_stage_i/vrf_mem_reg_1_bram_0_i_189/O
                         net (fo=3, routed)           0.150     7.835    u_cve2_core/if_stage_i/gen_intermediate_val_reg[0].imd_val_q_reg[0][0]
    SLICE_X71Y191                                                     r  u_cve2_core/if_stage_i/FSM_sequential_state_q[2]_i_16/I1
    SLICE_X71Y191        LUT6 (Prop_D6LUT_SLICEM_I1_O)
                                                      0.088     7.923 f  u_cve2_core/if_stage_i/FSM_sequential_state_q[2]_i_16/O
                         net (fo=2, routed)           0.196     8.119    u_cve2_core/vec_unit_i/i_vrf/program_ram_reg_mux_sel_a_pos_3_0
    SLICE_X72Y191                                                     f  u_cve2_core/vec_unit_i/i_vrf/g_rf_flops[31].rf_reg_q[31][31]_i_31/I3
    SLICE_X72Y191        LUT6 (Prop_G6LUT_SLICEL_I3_O)
                                                      0.149     8.268 f  u_cve2_core/vec_unit_i/i_vrf/g_rf_flops[31].rf_reg_q[31][31]_i_31/O
                         net (fo=2, routed)           0.325     8.593    u_cve2_core/if_stage_i/vec_done
    SLICE_X73Y203                                                     f  u_cve2_core/if_stage_i/g_rf_flops[31].rf_reg_q[31][31]_i_13/I3
    SLICE_X73Y203        LUT6 (Prop_G6LUT_SLICEM_I3_O)
                                                      0.100     8.693 r  u_cve2_core/if_stage_i/g_rf_flops[31].rf_reg_q[31][31]_i_13/O
                         net (fo=10, routed)          0.296     8.990    u_cve2_core/id_stage_i/controller_i/counter_q[39]_i_4_0
    SLICE_X76Y207                                                     r  u_cve2_core/id_stage_i/controller_i/ctrl_fsm_cs[3]_i_14/I4
    SLICE_X76Y207        LUT6 (Prop_H6LUT_SLICEL_I4_O)
                                                      0.051     9.041 f  u_cve2_core/id_stage_i/controller_i/ctrl_fsm_cs[3]_i_14/O
                         net (fo=15, routed)          0.263     9.304    u_cve2_core/if_stage_i/instr_addr_q_reg[1]_4
    SLICE_X76Y215                                                     f  u_cve2_core/if_stage_i/counter_upd_i_40__0/I2
    SLICE_X76Y215        LUT6 (Prop_G6LUT_SLICEL_I2_O)
                                                      0.035     9.339 r  u_cve2_core/if_stage_i/counter_upd_i_40__0/O
                         net (fo=103, routed)         0.426     9.764    u_cve2_core/if_stage_i/counter_upd_i_40__0_n_0
    SLICE_X73Y227                                                     r  u_cve2_core/if_stage_i/gen_cntrs[1].gen_imp.mcounters_variable_i/counter_upd_i_1/I0
    SLICE_X73Y227        LUT6 (Prop_G6LUT_SLICEM_I0_O)
                                                      0.052     9.816 r  u_cve2_core/if_stage_i/gen_cntrs[1].gen_imp.mcounters_variable_i/counter_upd_i_1/O
                         net (fo=3, routed)           0.365    10.181    u_cve2_core/cs_registers_i/gen_cntrs[1].gen_imp.mcounters_variable_i/counter_upd/OPMODE[5]
    DSP48E2_X8Y91                                                     r  u_cve2_core/cs_registers_i/gen_cntrs[1].gen_imp.mcounters_variable_i/counter_upd/DSP_ALU_INST/OPMODE[5]
    DSP48E2_X8Y91        DSP_ALU (Prop_DSP_ALU_DSP48E2_OPMODE[5]_ALU_OUT[24])
                                                      0.790    10.971 f  u_cve2_core/cs_registers_i/gen_cntrs[1].gen_imp.mcounters_variable_i/counter_upd/DSP_ALU_INST/ALU_OUT[24]
                         net (fo=1, routed)           0.000    10.971    u_cve2_core/cs_registers_i/gen_cntrs[1].gen_imp.mcounters_variable_i/counter_upd/DSP_ALU.ALU_OUT<24>
    DSP48E2_X8Y91                                                     f  u_cve2_core/cs_registers_i/gen_cntrs[1].gen_imp.mcounters_variable_i/counter_upd/DSP_OUTPUT_INST/ALU_OUT[24]
    DSP48E2_X8Y91        DSP_OUTPUT (Prop_DSP_OUTPUT_DSP48E2_ALU_OUT[24]_P[24])
                                                      0.109    11.080 r  u_cve2_core/cs_registers_i/gen_cntrs[1].gen_imp.mcounters_variable_i/counter_upd/DSP_OUTPUT_INST/P[24]
                         net (fo=1, routed)           0.457    11.537    u_cve2_core/cs_registers_i/gen_cntrs[1].gen_imp.mcounters_variable_i/counter_upd_n_81
    SLICE_X73Y228        FDRE                                         r  u_cve2_core/cs_registers_i/gen_cntrs[1].gen_imp.mcounters_variable_i/counter_q_reg[24]/D
  -------------------------------------------------------------------    -------------------

                         (clock clk_pl_0 rise edge)
                                                     10.000    10.000 r  
    PS8_X0Y0             PS8                          0.000    10.000 r  ps_i/zynq_ultra_ps_e_0/inst/PS8_i/PLCLK[0]
                         net (fo=1, routed)           0.143    10.143    ps_i/zynq_ultra_ps_e_0/inst/pl_clk_unbuffered[0]
    BUFG_PS_X0Y80                                                     r  ps_i/zynq_ultra_ps_e_0/inst/buffer_pl_clk_0.PL_CLK_0_BUFG/I
    BUFG_PS_X0Y80        BUFG_PS (Prop_BUFG_PS_I_O)
                                                      0.025    10.168 r  ps_i/zynq_ultra_ps_e_0/inst/buffer_pl_clk_0.PL_CLK_0_BUFG/O
    X1Y2 (CLOCK_ROOT)    net (fo=6797, routed)        1.724    11.892    u_cve2_core/cs_registers_i/gen_cntrs[1].gen_imp.mcounters_variable_i/pl_clk0
    SLICE_X73Y228        FDRE                                         r  u_cve2_core/cs_registers_i/gen_cntrs[1].gen_imp.mcounters_variable_i/counter_q_reg[24]/C
                         clock pessimism              0.172    12.064    
                         clock uncertainty           -0.130    11.934    
    SLICE_X73Y228        FDRE (Setup_HFF_SLICEM_C_D)
                                                      0.025    11.959    u_cve2_core/cs_registers_i/gen_cntrs[1].gen_imp.mcounters_variable_i/counter_q_reg[24]
  -------------------------------------------------------------------
                         required time                         11.959    
                         arrival time                         -11.537    
  -------------------------------------------------------------------
                         slack                                  0.422    





Min Delay Paths
--------------------------------------------------------------------------------------
Slack (MET) :             0.010ns  (arrival time - required time)
  Source:                 ps_i/axi_interconnect_0/s00_couplers/auto_ds/inst/gen_downsizer.gen_simple_downsizer.axi_downsizer_inst/USE_READ.read_addr_inst/cmd_queue/inst/fifo_gen_inst/inst_fifo_gen/gconvfifo.rf/grf.rf/gntv_or_sync_fifo.mem/gdm.dm_gen.dm/gpr1.dout_i_reg[16]/C
                            (rising edge-triggered cell FDRE clocked by clk_pl_0  {rise@0.000ns fall@5.000ns period=10.000ns})
  Destination:            ps_i/axi_interconnect_0/s00_couplers/auto_ds/inst/gen_downsizer.gen_simple_downsizer.axi_downsizer_inst/USE_READ.read_addr_inst/cmd_queue/inst/fifo_gen_inst/inst_fifo_gen/gconvfifo.rf/grf.rf/gntv_or_sync_fifo.mem/goreg_dm.dout_i_reg[16]/D
                            (rising edge-triggered cell FDRE clocked by clk_pl_0  {rise@0.000ns fall@5.000ns period=10.000ns})
  Path Group:             clk_pl_0
  Path Type:              Hold (Min at Slow Process Corner)
  Requirement:            0.000ns  (clk_pl_0 rise@0.000ns - clk_pl_0 rise@0.000ns)
  Data Path Delay:        0.171ns  (logic 0.060ns (35.088%)  route 0.111ns (64.912%))
  Logic Levels:           0  
  Clock Path Skew:        0.101ns (DCD - SCD - CPR)
    Destination Clock Delay (DCD):    1.984ns
    Source Clock Delay      (SCD):    1.719ns
    Clock Pessimism Removal (CPR):    0.164ns
  Clock Net Delay (Source):      1.551ns (routing 0.512ns, distribution 1.039ns)
  Clock Net Delay (Destination): 1.776ns (routing 0.569ns, distribution 1.207ns)

    Location             Delay type                Incr(ns)  Path(ns)    Netlist Resource(s)
  -------------------------------------------------------------------    -------------------
                         (clock clk_pl_0 rise edge)
                                                      0.000     0.000 r  
    PS8_X0Y0             PS8                          0.000     0.000 r  ps_i/zynq_ultra_ps_e_0/inst/PS8_i/PLCLK[0]
                         net (fo=1, routed)           0.143     0.143    ps_i/zynq_ultra_ps_e_0/inst/pl_clk_unbuffered[0]
    BUFG_PS_X0Y80                                                     r  ps_i/zynq_ultra_ps_e_0/inst/buffer_pl_clk_0.PL_CLK_0_BUFG/I
    BUFG_PS_X0Y80        BUFG_PS (Prop_BUFG_PS_I_O)
                                                      0.025     0.168 r  ps_i/zynq_ultra_ps_e_0/inst/buffer_pl_clk_0.PL_CLK_0_BUFG/O
    X1Y2 (CLOCK_ROOT)    net (fo=6797, routed)        1.551     1.719    ps_i/axi_interconnect_0/s00_couplers/auto_ds/inst/gen_downsizer.gen_simple_downsizer.axi_downsizer_inst/USE_READ.read_addr_inst/cmd_queue/inst/fifo_gen_inst/inst_fifo_gen/gconvfifo.rf/grf.rf/gntv_or_sync_fifo.mem/gdm.dm_gen.dm/clk
    SLICE_X53Y105        FDRE                                         r  ps_i/axi_interconnect_0/s00_couplers/auto_ds/inst/gen_downsizer.gen_simple_downsizer.axi_downsizer_inst/USE_READ.read_addr_inst/cmd_queue/inst/fifo_gen_inst/inst_fifo_gen/gconvfifo.rf/grf.rf/gntv_or_sync_fifo.mem/gdm.dm_gen.dm/gpr1.dout_i_reg[16]/C
  -------------------------------------------------------------------    -------------------
    SLICE_X53Y105        FDRE (Prop_BFF2_SLICEM_C_Q)
                                                      0.060     1.779 r  ps_i/axi_interconnect_0/s00_couplers/auto_ds/inst/gen_downsizer.gen_simple_downsizer.axi_downsizer_inst/USE_READ.read_addr_inst/cmd_queue/inst/fifo_gen_inst/inst_fifo_gen/gconvfifo.rf/grf.rf/gntv_or_sync_fifo.mem/gdm.dm_gen.dm/gpr1.dout_i_reg[16]/Q
                         net (fo=1, routed)           0.111     1.890    ps_i/axi_interconnect_0/s00_couplers/auto_ds/inst/gen_downsizer.gen_simple_downsizer.axi_downsizer_inst/USE_READ.read_addr_inst/cmd_queue/inst/fifo_gen_inst/inst_fifo_gen/gconvfifo.rf/grf.rf/gntv_or_sync_fifo.mem/dout_i[16]
    SLICE_X52Y106        FDRE                                         r  ps_i/axi_interconnect_0/s00_couplers/auto_ds/inst/gen_downsizer.gen_simple_downsizer.axi_downsizer_inst/USE_READ.read_addr_inst/cmd_queue/inst/fifo_gen_inst/inst_fifo_gen/gconvfifo.rf/grf.rf/gntv_or_sync_fifo.mem/goreg_dm.dout_i_reg[16]/D
  -------------------------------------------------------------------    -------------------

                         (clock clk_pl_0 rise edge)
                                                      0.000     0.000 r  
    PS8_X0Y0             PS8                          0.000     0.000 r  ps_i/zynq_ultra_ps_e_0/inst/PS8_i/PLCLK[0]
                         net (fo=1, routed)           0.180     0.180    ps_i/zynq_ultra_ps_e_0/inst/pl_clk_unbuffered[0]
    BUFG_PS_X0Y80                                                     r  ps_i/zynq_ultra_ps_e_0/inst/buffer_pl_clk_0.PL_CLK_0_BUFG/I
    BUFG_PS_X0Y80        BUFG_PS (Prop_BUFG_PS_I_O)
                                                      0.028     0.208 r  ps_i/zynq_ultra_ps_e_0/inst/buffer_pl_clk_0.PL_CLK_0_BUFG/O
    X1Y2 (CLOCK_ROOT)    net (fo=6797, routed)        1.776     1.984    ps_i/axi_interconnect_0/s00_couplers/auto_ds/inst/gen_downsizer.gen_simple_downsizer.axi_downsizer_inst/USE_READ.read_addr_inst/cmd_queue/inst/fifo_gen_inst/inst_fifo_gen/gconvfifo.rf/grf.rf/gntv_or_sync_fifo.mem/clk
    SLICE_X52Y106        FDRE                                         r  ps_i/axi_interconnect_0/s00_couplers/auto_ds/inst/gen_downsizer.gen_simple_downsizer.axi_downsizer_inst/USE_READ.read_addr_inst/cmd_queue/inst/fifo_gen_inst/inst_fifo_gen/gconvfifo.rf/grf.rf/gntv_or_sync_fifo.mem/goreg_dm.dout_i_reg[16]/C
                         clock pessimism             -0.164     1.820    
    SLICE_X52Y106        FDRE (Hold_GFF_SLICEL_C_D)
                                                      0.060     1.880    ps_i/axi_interconnect_0/s00_couplers/auto_ds/inst/gen_downsizer.gen_simple_downsizer.axi_downsizer_inst/USE_READ.read_addr_inst/cmd_queue/inst/fifo_gen_inst/inst_fifo_gen/gconvfifo.rf/grf.rf/gntv_or_sync_fifo.mem/goreg_dm.dout_i_reg[16]
  -------------------------------------------------------------------
                         required time                         -1.880    
                         arrival time                           1.890    
  -------------------------------------------------------------------
                         slack                                  0.010    

Slack (MET) :             0.012ns  (arrival time - required time)
  Source:                 u_cve2_core/cf_unit_i/u_array/GEN_ROW[7].GEN_COL[5].u_mac/u_acc/q_o_reg[11]/C
                            (rising edge-triggered cell FDRE clocked by clk_pl_0  {rise@0.000ns fall@5.000ns period=10.000ns})
  Destination:            u_cve2_core/cf_unit_i/ctx_tile_snapshot_reg[7][5][11]/D
                            (rising edge-triggered cell FDCE clocked by clk_pl_0  {rise@0.000ns fall@5.000ns period=10.000ns})
  Path Group:             clk_pl_0
  Path Type:              Hold (Min at Slow Process Corner)
  Requirement:            0.000ns  (clk_pl_0 rise@0.000ns - clk_pl_0 rise@0.000ns)
  Data Path Delay:        0.179ns  (logic 0.059ns (32.887%)  route 0.120ns (67.113%))
  Logic Levels:           0  
  Clock Path Skew:        0.105ns (DCD - SCD - CPR)
    Destination Clock Delay (DCD):    2.126ns
    Source Clock Delay      (SCD):    1.853ns
    Clock Pessimism Removal (CPR):    0.168ns
  Clock Net Delay (Source):      1.685ns (routing 0.512ns, distribution 1.173ns)
  Clock Net Delay (Destination): 1.918ns (routing 0.569ns, distribution 1.349ns)

    Location             Delay type                Incr(ns)  Path(ns)    Netlist Resource(s)
  -------------------------------------------------------------------    -------------------
                         (clock clk_pl_0 rise edge)
                                                      0.000     0.000 r  
    PS8_X0Y0             PS8                          0.000     0.000 r  ps_i/zynq_ultra_ps_e_0/inst/PS8_i/PLCLK[0]
                         net (fo=1, routed)           0.143     0.143    ps_i/zynq_ultra_ps_e_0/inst/pl_clk_unbuffered[0]
    BUFG_PS_X0Y80                                                     r  ps_i/zynq_ultra_ps_e_0/inst/buffer_pl_clk_0.PL_CLK_0_BUFG/I
    BUFG_PS_X0Y80        BUFG_PS (Prop_BUFG_PS_I_O)
                                                      0.025     0.168 r  ps_i/zynq_ultra_ps_e_0/inst/buffer_pl_clk_0.PL_CLK_0_BUFG/O
    X1Y2 (CLOCK_ROOT)    net (fo=6797, routed)        1.685     1.853    u_cve2_core/cf_unit_i/u_array/GEN_ROW[7].GEN_COL[5].u_mac/u_acc/pl_clk0
    SLICE_X83Y160        FDRE                                         r  u_cve2_core/cf_unit_i/u_array/GEN_ROW[7].GEN_COL[5].u_mac/u_acc/q_o_reg[11]/C
  -------------------------------------------------------------------    -------------------
    SLICE_X83Y160        FDRE (Prop_CFF2_SLICEM_C_Q)
                                                      0.059     1.912 r  u_cve2_core/cf_unit_i/u_array/GEN_ROW[7].GEN_COL[5].u_mac/u_acc/q_o_reg[11]/Q
                         net (fo=4, routed)           0.120     2.032    u_cve2_core/cf_unit_i/tile_snapshot[7][5]_61[11]
    SLICE_X82Y159        FDCE                                         r  u_cve2_core/cf_unit_i/ctx_tile_snapshot_reg[7][5][11]/D
  -------------------------------------------------------------------    -------------------

                         (clock clk_pl_0 rise edge)
                                                      0.000     0.000 r  
    PS8_X0Y0             PS8                          0.000     0.000 r  ps_i/zynq_ultra_ps_e_0/inst/PS8_i/PLCLK[0]
                         net (fo=1, routed)           0.180     0.180    ps_i/zynq_ultra_ps_e_0/inst/pl_clk_unbuffered[0]
    BUFG_PS_X0Y80                                                     r  ps_i/zynq_ultra_ps_e_0/inst/buffer_pl_clk_0.PL_CLK_0_BUFG/I
    BUFG_PS_X0Y80        BUFG_PS (Prop_BUFG_PS_I_O)
                                                      0.028     0.208 r  ps_i/zynq_ultra_ps_e_0/inst/buffer_pl_clk_0.PL_CLK_0_BUFG/O
    X1Y2 (CLOCK_ROOT)    net (fo=6797, routed)        1.918     2.126    u_cve2_core/cf_unit_i/pl_clk0
    SLICE_X82Y159        FDCE                                         r  u_cve2_core/cf_unit_i/ctx_tile_snapshot_reg[7][5][11]/C
                         clock pessimism             -0.168     1.958    
    SLICE_X82Y159        FDCE (Hold_GFF2_SLICEL_C_D)
                                                      0.062     2.020    u_cve2_core/cf_unit_i/ctx_tile_snapshot_reg[7][5][11]
  -------------------------------------------------------------------
                         required time                         -2.020    
                         arrival time                           2.032    
  -------------------------------------------------------------------
                         slack                                  0.012    

Slack (MET) :             0.016ns  (arrival time - required time)
  Source:                 u_cve2_core/cf_unit_i/u_array/GEN_ROW[7].GEN_COL[7].u_mac/u_acc/q_o_reg[10]/C
                            (rising edge-triggered cell FDRE clocked by clk_pl_0  {rise@0.000ns fall@5.000ns period=10.000ns})
  Destination:            u_cve2_core/cf_unit_i/ctx_tile_snapshot_reg[7][7][10]/D
                            (rising edge-triggered cell FDCE clocked by clk_pl_0  {rise@0.000ns fall@5.000ns period=10.000ns})
  Path Group:             clk_pl_0
  Path Type:              Hold (Min at Slow Process Corner)
  Requirement:            0.000ns  (clk_pl_0 rise@0.000ns - clk_pl_0 rise@0.000ns)
  Data Path Delay:        0.192ns  (logic 0.059ns (30.665%)  route 0.133ns (69.335%))
  Logic Levels:           0  
  Clock Path Skew:        0.114ns (DCD - SCD - CPR)
    Destination Clock Delay (DCD):    2.134ns
    Source Clock Delay      (SCD):    1.852ns
    Clock Pessimism Removal (CPR):    0.168ns
  Clock Net Delay (Source):      1.684ns (routing 0.512ns, distribution 1.172ns)
  Clock Net Delay (Destination): 1.926ns (routing 0.569ns, distribution 1.357ns)

    Location             Delay type                Incr(ns)  Path(ns)    Netlist Resource(s)
  -------------------------------------------------------------------    -------------------
                         (clock clk_pl_0 rise edge)
                                                      0.000     0.000 r  
    PS8_X0Y0             PS8                          0.000     0.000 r  ps_i/zynq_ultra_ps_e_0/inst/PS8_i/PLCLK[0]
                         net (fo=1, routed)           0.143     0.143    ps_i/zynq_ultra_ps_e_0/inst/pl_clk_unbuffered[0]
    BUFG_PS_X0Y80                                                     r  ps_i/zynq_ultra_ps_e_0/inst/buffer_pl_clk_0.PL_CLK_0_BUFG/I
    BUFG_PS_X0Y80        BUFG_PS (Prop_BUFG_PS_I_O)
                                                      0.025     0.168 r  ps_i/zynq_ultra_ps_e_0/inst/buffer_pl_clk_0.PL_CLK_0_BUFG/O
    X1Y2 (CLOCK_ROOT)    net (fo=6797, routed)        1.684     1.852    u_cve2_core/cf_unit_i/u_array/GEN_ROW[7].GEN_COL[7].u_mac/u_acc/pl_clk0
    SLICE_X77Y172        FDRE                                         r  u_cve2_core/cf_unit_i/u_array/GEN_ROW[7].GEN_COL[7].u_mac/u_acc/q_o_reg[10]/C
  -------------------------------------------------------------------    -------------------
    SLICE_X77Y172        FDRE (Prop_DFF_SLICEL_C_Q)
                                                      0.059     1.911 r  u_cve2_core/cf_unit_i/u_array/GEN_ROW[7].GEN_COL[7].u_mac/u_acc/q_o_reg[10]/Q
                         net (fo=4, routed)           0.133     2.044    u_cve2_core/cf_unit_i/tile_snapshot[7][7]_63[10]
    SLICE_X80Y172        FDCE                                         r  u_cve2_core/cf_unit_i/ctx_tile_snapshot_reg[7][7][10]/D
  -------------------------------------------------------------------    -------------------

                         (clock clk_pl_0 rise edge)
                                                      0.000     0.000 r  
    PS8_X0Y0             PS8                          0.000     0.000 r  ps_i/zynq_ultra_ps_e_0/inst/PS8_i/PLCLK[0]
                         net (fo=1, routed)           0.180     0.180    ps_i/zynq_ultra_ps_e_0/inst/pl_clk_unbuffered[0]
    BUFG_PS_X0Y80                                                     r  ps_i/zynq_ultra_ps_e_0/inst/buffer_pl_clk_0.PL_CLK_0_BUFG/I
    BUFG_PS_X0Y80        BUFG_PS (Prop_BUFG_PS_I_O)
                                                      0.028     0.208 r  ps_i/zynq_ultra_ps_e_0/inst/buffer_pl_clk_0.PL_CLK_0_BUFG/O
    X1Y2 (CLOCK_ROOT)    net (fo=6797, routed)        1.926     2.134    u_cve2_core/cf_unit_i/pl_clk0
    SLICE_X80Y172        FDCE                                         r  u_cve2_core/cf_unit_i/ctx_tile_snapshot_reg[7][7][10]/C
                         clock pessimism             -0.168     1.966    
    SLICE_X80Y172        FDCE (Hold_FFF2_SLICEL_C_D)
                                                      0.062     2.028    u_cve2_core/cf_unit_i/ctx_tile_snapshot_reg[7][7][10]
  -------------------------------------------------------------------
                         required time                         -2.028    
                         arrival time                           2.044    
  -------------------------------------------------------------------
                         slack                                  0.016    

Slack (MET) :             0.017ns  (arrival time - required time)
  Source:                 u_cve2_core/cf_unit_i/u_array/GEN_ROW[2].GEN_COL[7].u_mac/u_acc/q_o_reg[9]/C
                            (rising edge-triggered cell FDRE clocked by clk_pl_0  {rise@0.000ns fall@5.000ns period=10.000ns})
  Destination:            u_cve2_core/cf_unit_i/ctx_tile_snapshot_reg[2][7][9]/D
                            (rising edge-triggered cell FDCE clocked by clk_pl_0  {rise@0.000ns fall@5.000ns period=10.000ns})
  Path Group:             clk_pl_0
  Path Type:              Hold (Min at Slow Process Corner)
  Requirement:            0.000ns  (clk_pl_0 rise@0.000ns - clk_pl_0 rise@0.000ns)
  Data Path Delay:        0.133ns  (logic 0.060ns (44.976%)  route 0.073ns (55.024%))
  Logic Levels:           0  
  Clock Path Skew:        0.054ns (DCD - SCD - CPR)
    Destination Clock Delay (DCD):    2.182ns
    Source Clock Delay      (SCD):    1.903ns
    Clock Pessimism Removal (CPR):    0.225ns
  Clock Net Delay (Source):      1.735ns (routing 0.512ns, distribution 1.223ns)
  Clock Net Delay (Destination): 1.974ns (routing 0.569ns, distribution 1.405ns)

    Location             Delay type                Incr(ns)  Path(ns)    Netlist Resource(s)
  -------------------------------------------------------------------    -------------------
                         (clock clk_pl_0 rise edge)
                                                      0.000     0.000 r  
    PS8_X0Y0             PS8                          0.000     0.000 r  ps_i/zynq_ultra_ps_e_0/inst/PS8_i/PLCLK[0]
                         net (fo=1, routed)           0.143     0.143    ps_i/zynq_ultra_ps_e_0/inst/pl_clk_unbuffered[0]
    BUFG_PS_X0Y80                                                     r  ps_i/zynq_ultra_ps_e_0/inst/buffer_pl_clk_0.PL_CLK_0_BUFG/I
    BUFG_PS_X0Y80        BUFG_PS (Prop_BUFG_PS_I_O)
                                                      0.025     0.168 r  ps_i/zynq_ultra_ps_e_0/inst/buffer_pl_clk_0.PL_CLK_0_BUFG/O
    X1Y2 (CLOCK_ROOT)    net (fo=6797, routed)        1.735     1.903    u_cve2_core/cf_unit_i/u_array/GEN_ROW[2].GEN_COL[7].u_mac/u_acc/pl_clk0
    SLICE_X90Y163        FDRE                                         r  u_cve2_core/cf_unit_i/u_array/GEN_ROW[2].GEN_COL[7].u_mac/u_acc/q_o_reg[9]/C
  -------------------------------------------------------------------    -------------------
    SLICE_X90Y163        FDRE (Prop_AFF2_SLICEL_C_Q)
                                                      0.060     1.963 r  u_cve2_core/cf_unit_i/u_array/GEN_ROW[2].GEN_COL[7].u_mac/u_acc/q_o_reg[9]/Q
                         net (fo=4, routed)           0.073     2.036    u_cve2_core/cf_unit_i/tile_snapshot[2][7]_23[9]
    SLICE_X90Y164        FDCE                                         r  u_cve2_core/cf_unit_i/ctx_tile_snapshot_reg[2][7][9]/D
  -------------------------------------------------------------------    -------------------

                         (clock clk_pl_0 rise edge)
                                                      0.000     0.000 r  
    PS8_X0Y0             PS8                          0.000     0.000 r  ps_i/zynq_ultra_ps_e_0/inst/PS8_i/PLCLK[0]
                         net (fo=1, routed)           0.180     0.180    ps_i/zynq_ultra_ps_e_0/inst/pl_clk_unbuffered[0]
    BUFG_PS_X0Y80                                                     r  ps_i/zynq_ultra_ps_e_0/inst/buffer_pl_clk_0.PL_CLK_0_BUFG/I
    BUFG_PS_X0Y80        BUFG_PS (Prop_BUFG_PS_I_O)
                                                      0.028     0.208 r  ps_i/zynq_ultra_ps_e_0/inst/buffer_pl_clk_0.PL_CLK_0_BUFG/O
    X1Y2 (CLOCK_ROOT)    net (fo=6797, routed)        1.974     2.182    u_cve2_core/cf_unit_i/pl_clk0
    SLICE_X90Y164        FDCE                                         r  u_cve2_core/cf_unit_i/ctx_tile_snapshot_reg[2][7][9]/C
                         clock pessimism             -0.225     1.957    
    SLICE_X90Y164        FDCE (Hold_EFF2_SLICEL_C_D)
                                                      0.062     2.019    u_cve2_core/cf_unit_i/ctx_tile_snapshot_reg[2][7][9]
  -------------------------------------------------------------------
                         required time                         -2.019    
                         arrival time                           2.036    
  -------------------------------------------------------------------
                         slack                                  0.017    

Slack (MET) :             0.018ns  (arrival time - required time)
  Source:                 u_cve2_core/cf_unit_i/u_array/GEN_ROW[1].GEN_COL[2].u_mac/u_acc/q_o_reg[1]/C
                            (rising edge-triggered cell FDRE clocked by clk_pl_0  {rise@0.000ns fall@5.000ns period=10.000ns})
  Destination:            u_cve2_core/cf_unit_i/ctx_tile_snapshot_reg[1][2][1]/D
                            (rising edge-triggered cell FDCE clocked by clk_pl_0  {rise@0.000ns fall@5.000ns period=10.000ns})
  Path Group:             clk_pl_0
  Path Type:              Hold (Min at Slow Process Corner)
  Requirement:            0.000ns  (clk_pl_0 rise@0.000ns - clk_pl_0 rise@0.000ns)
  Data Path Delay:        0.174ns  (logic 0.060ns (34.521%)  route 0.114ns (65.479%))
  Logic Levels:           0  
  Clock Path Skew:        0.094ns (DCD - SCD - CPR)
    Destination Clock Delay (DCD):    2.099ns
    Source Clock Delay      (SCD):    1.837ns
    Clock Pessimism Removal (CPR):    0.168ns
  Clock Net Delay (Source):      1.669ns (routing 0.512ns, distribution 1.157ns)
  Clock Net Delay (Destination): 1.891ns (routing 0.569ns, distribution 1.322ns)

    Location             Delay type                Incr(ns)  Path(ns)    Netlist Resource(s)
  -------------------------------------------------------------------    -------------------
                         (clock clk_pl_0 rise edge)
                                                      0.000     0.000 r  
    PS8_X0Y0             PS8                          0.000     0.000 r  ps_i/zynq_ultra_ps_e_0/inst/PS8_i/PLCLK[0]
                         net (fo=1, routed)           0.143     0.143    ps_i/zynq_ultra_ps_e_0/inst/pl_clk_unbuffered[0]
    BUFG_PS_X0Y80                                                     r  ps_i/zynq_ultra_ps_e_0/inst/buffer_pl_clk_0.PL_CLK_0_BUFG/I
    BUFG_PS_X0Y80        BUFG_PS (Prop_BUFG_PS_I_O)
                                                      0.025     0.168 r  ps_i/zynq_ultra_ps_e_0/inst/buffer_pl_clk_0.PL_CLK_0_BUFG/O
    X1Y2 (CLOCK_ROOT)    net (fo=6797, routed)        1.669     1.837    u_cve2_core/cf_unit_i/u_array/GEN_ROW[1].GEN_COL[2].u_mac/u_acc/pl_clk0
    SLICE_X76Y154        FDRE                                         r  u_cve2_core/cf_unit_i/u_array/GEN_ROW[1].GEN_COL[2].u_mac/u_acc/q_o_reg[1]/C
  -------------------------------------------------------------------    -------------------
    SLICE_X76Y154        FDRE (Prop_BFF2_SLICEL_C_Q)
                                                      0.060     1.897 r  u_cve2_core/cf_unit_i/u_array/GEN_ROW[1].GEN_COL[2].u_mac/u_acc/q_o_reg[1]/Q
                         net (fo=3, routed)           0.114     2.010    u_cve2_core/cf_unit_i/q_o_reg[7]_8[0]
    SLICE_X75Y152        FDCE                                         r  u_cve2_core/cf_unit_i/ctx_tile_snapshot_reg[1][2][1]/D
  -------------------------------------------------------------------    -------------------

                         (clock clk_pl_0 rise edge)
                                                      0.000     0.000 r  
    PS8_X0Y0             PS8                          0.000     0.000 r  ps_i/zynq_ultra_ps_e_0/inst/PS8_i/PLCLK[0]
                         net (fo=1, routed)           0.180     0.180    ps_i/zynq_ultra_ps_e_0/inst/pl_clk_unbuffered[0]
    BUFG_PS_X0Y80                                                     r  ps_i/zynq_ultra_ps_e_0/inst/buffer_pl_clk_0.PL_CLK_0_BUFG/I
    BUFG_PS_X0Y80        BUFG_PS (Prop_BUFG_PS_I_O)
                                                      0.028     0.208 r  ps_i/zynq_ultra_ps_e_0/inst/buffer_pl_clk_0.PL_CLK_0_BUFG/O
    X1Y2 (CLOCK_ROOT)    net (fo=6797, routed)        1.891     2.099    u_cve2_core/cf_unit_i/pl_clk0
    SLICE_X75Y152        FDCE                                         r  u_cve2_core/cf_unit_i/ctx_tile_snapshot_reg[1][2][1]/C
                         clock pessimism             -0.168     1.931    
    SLICE_X75Y152        FDCE (Hold_EFF2_SLICEL_C_D)
                                                      0.062     1.993    u_cve2_core/cf_unit_i/ctx_tile_snapshot_reg[1][2][1]
  -------------------------------------------------------------------
                         required time                         -1.993    
                         arrival time                           2.010    
  -------------------------------------------------------------------
                         slack                                  0.018    

Slack (MET) :             0.019ns  (arrival time - required time)
  Source:                 u_cve2_core/cf_unit_i/u_ctrl/act_scale_hi_q_reg[18]/C
                            (rising edge-triggered cell FDCE clocked by clk_pl_0  {rise@0.000ns fall@5.000ns period=10.000ns})
  Destination:            u_cve2_core/cf_unit_i/ctx_act_scale_hi_reg[18]/D
                            (rising edge-triggered cell FDCE clocked by clk_pl_0  {rise@0.000ns fall@5.000ns period=10.000ns})
  Path Group:             clk_pl_0
  Path Type:              Hold (Min at Fast Process Corner)
  Requirement:            0.000ns  (clk_pl_0 rise@0.000ns - clk_pl_0 rise@0.000ns)
  Data Path Delay:        0.072ns  (logic 0.039ns (54.167%)  route 0.033ns (45.833%))
  Logic Levels:           0  
  Clock Path Skew:        0.006ns (DCD - SCD - CPR)
    Destination Clock Delay (DCD):    1.345ns
    Source Clock Delay      (SCD):    1.178ns
    Clock Pessimism Removal (CPR):    0.162ns
  Clock Net Delay (Source):      1.039ns (routing 0.311ns, distribution 0.728ns)
  Clock Net Delay (Destination): 1.173ns (routing 0.352ns, distribution 0.821ns)

    Location             Delay type                Incr(ns)  Path(ns)    Netlist Resource(s)
  -------------------------------------------------------------------    -------------------
                         (clock clk_pl_0 rise edge)
                                                      0.000     0.000 r  
    PS8_X0Y0             PS8                          0.000     0.000 r  ps_i/zynq_ultra_ps_e_0/inst/PS8_i/PLCLK[0]
                         net (fo=1, routed)           0.122     0.122    ps_i/zynq_ultra_ps_e_0/inst/pl_clk_unbuffered[0]
    BUFG_PS_X0Y80                                                     r  ps_i/zynq_ultra_ps_e_0/inst/buffer_pl_clk_0.PL_CLK_0_BUFG/I
    BUFG_PS_X0Y80        BUFG_PS (Prop_BUFG_PS_I_O)
                                                      0.017     0.139 r  ps_i/zynq_ultra_ps_e_0/inst/buffer_pl_clk_0.PL_CLK_0_BUFG/O
    X1Y2 (CLOCK_ROOT)    net (fo=6797, routed)        1.039     1.178    u_cve2_core/cf_unit_i/u_ctrl/pl_clk0
    SLICE_X69Y177        FDCE                                         r  u_cve2_core/cf_unit_i/u_ctrl/act_scale_hi_q_reg[18]/C
  -------------------------------------------------------------------    -------------------
    SLICE_X69Y177        FDCE (Prop_HFF_SLICEL_C_Q)
                                                      0.039     1.217 r  u_cve2_core/cf_unit_i/u_ctrl/act_scale_hi_q_reg[18]/Q
                         net (fo=1, routed)           0.033     1.250    u_cve2_core/cf_unit_i/act_scale_hi[18]
    SLICE_X69Y177        FDCE                                         r  u_cve2_core/cf_unit_i/ctx_act_scale_hi_reg[18]/D
  -------------------------------------------------------------------    -------------------

                         (clock clk_pl_0 rise edge)
                                                      0.000     0.000 r  
    PS8_X0Y0             PS8                          0.000     0.000 r  ps_i/zynq_ultra_ps_e_0/inst/PS8_i/PLCLK[0]
                         net (fo=1, routed)           0.154     0.154    ps_i/zynq_ultra_ps_e_0/inst/pl_clk_unbuffered[0]
    BUFG_PS_X0Y80                                                     r  ps_i/zynq_ultra_ps_e_0/inst/buffer_pl_clk_0.PL_CLK_0_BUFG/I
    BUFG_PS_X0Y80        BUFG_PS (Prop_BUFG_PS_I_O)
                                                      0.018     0.172 r  ps_i/zynq_ultra_ps_e_0/inst/buffer_pl_clk_0.PL_CLK_0_BUFG/O
    X1Y2 (CLOCK_ROOT)    net (fo=6797, routed)        1.173     1.345    u_cve2_core/cf_unit_i/pl_clk0
    SLICE_X69Y177        FDCE                                         r  u_cve2_core/cf_unit_i/ctx_act_scale_hi_reg[18]/C
                         clock pessimism             -0.162     1.184    
    SLICE_X69Y177        FDCE (Hold_HFF2_SLICEL_C_D)
                                                      0.047     1.231    u_cve2_core/cf_unit_i/ctx_act_scale_hi_reg[18]
  -------------------------------------------------------------------
                         required time                         -1.231    
                         arrival time                           1.250    
  -------------------------------------------------------------------
                         slack                                  0.019    

Slack (MET) :             0.019ns  (arrival time - required time)
  Source:                 u_cve2_core/cf_unit_i/u_ctrl/act_scale_hi_q_reg[22]/C
                            (rising edge-triggered cell FDCE clocked by clk_pl_0  {rise@0.000ns fall@5.000ns period=10.000ns})
  Destination:            u_cve2_core/cf_unit_i/ctx_act_scale_hi_reg[22]/D
                            (rising edge-triggered cell FDCE clocked by clk_pl_0  {rise@0.000ns fall@5.000ns period=10.000ns})
  Path Group:             clk_pl_0
  Path Type:              Hold (Min at Fast Process Corner)
  Requirement:            0.000ns  (clk_pl_0 rise@0.000ns - clk_pl_0 rise@0.000ns)
  Data Path Delay:        0.072ns  (logic 0.039ns (54.167%)  route 0.033ns (45.833%))
  Logic Levels:           0  
  Clock Path Skew:        0.006ns (DCD - SCD - CPR)
    Destination Clock Delay (DCD):    1.361ns
    Source Clock Delay      (SCD):    1.192ns
    Clock Pessimism Removal (CPR):    0.163ns
  Clock Net Delay (Source):      1.053ns (routing 0.311ns, distribution 0.742ns)
  Clock Net Delay (Destination): 1.189ns (routing 0.352ns, distribution 0.837ns)

    Location             Delay type                Incr(ns)  Path(ns)    Netlist Resource(s)
  -------------------------------------------------------------------    -------------------
                         (clock clk_pl_0 rise edge)
                                                      0.000     0.000 r  
    PS8_X0Y0             PS8                          0.000     0.000 r  ps_i/zynq_ultra_ps_e_0/inst/PS8_i/PLCLK[0]
                         net (fo=1, routed)           0.122     0.122    ps_i/zynq_ultra_ps_e_0/inst/pl_clk_unbuffered[0]
    BUFG_PS_X0Y80                                                     r  ps_i/zynq_ultra_ps_e_0/inst/buffer_pl_clk_0.PL_CLK_0_BUFG/I
    BUFG_PS_X0Y80        BUFG_PS (Prop_BUFG_PS_I_O)
                                                      0.017     0.139 r  ps_i/zynq_ultra_ps_e_0/inst/buffer_pl_clk_0.PL_CLK_0_BUFG/O
    X1Y2 (CLOCK_ROOT)    net (fo=6797, routed)        1.053     1.192    u_cve2_core/cf_unit_i/u_ctrl/pl_clk0
    SLICE_X85Y177        FDCE                                         r  u_cve2_core/cf_unit_i/u_ctrl/act_scale_hi_q_reg[22]/C
  -------------------------------------------------------------------    -------------------
    SLICE_X85Y177        FDCE (Prop_HFF_SLICEL_C_Q)
                                                      0.039     1.231 r  u_cve2_core/cf_unit_i/u_ctrl/act_scale_hi_q_reg[22]/Q
                         net (fo=1, routed)           0.033     1.264    u_cve2_core/cf_unit_i/act_scale_hi[22]
    SLICE_X85Y177        FDCE                                         r  u_cve2_core/cf_unit_i/ctx_act_scale_hi_reg[22]/D
  -------------------------------------------------------------------    -------------------

                         (clock clk_pl_0 rise edge)
                                                      0.000     0.000 r  
    PS8_X0Y0             PS8                          0.000     0.000 r  ps_i/zynq_ultra_ps_e_0/inst/PS8_i/PLCLK[0]
                         net (fo=1, routed)           0.154     0.154    ps_i/zynq_ultra_ps_e_0/inst/pl_clk_unbuffered[0]
    BUFG_PS_X0Y80                                                     r  ps_i/zynq_ultra_ps_e_0/inst/buffer_pl_clk_0.PL_CLK_0_BUFG/I
    BUFG_PS_X0Y80        BUFG_PS (Prop_BUFG_PS_I_O)
                                                      0.018     0.172 r  ps_i/zynq_ultra_ps_e_0/inst/buffer_pl_clk_0.PL_CLK_0_BUFG/O
    X1Y2 (CLOCK_ROOT)    net (fo=6797, routed)        1.189     1.361    u_cve2_core/cf_unit_i/pl_clk0
    SLICE_X85Y177        FDCE                                         r  u_cve2_core/cf_unit_i/ctx_act_scale_hi_reg[22]/C
                         clock pessimism             -0.163     1.198    
    SLICE_X85Y177        FDCE (Hold_HFF2_SLICEL_C_D)
                                                      0.047     1.245    u_cve2_core/cf_unit_i/ctx_act_scale_hi_reg[22]
  -------------------------------------------------------------------
                         required time                         -1.245    
                         arrival time                           1.264    
  -------------------------------------------------------------------
                         slack                                  0.019    

Slack (MET) :             0.019ns  (arrival time - required time)
  Source:                 u_cve2_core/cf_unit_i/u_ctrl/act_scale_hi_q_reg[25]/C
                            (rising edge-triggered cell FDCE clocked by clk_pl_0  {rise@0.000ns fall@5.000ns period=10.000ns})
  Destination:            u_cve2_core/cf_unit_i/ctx_act_scale_hi_reg[25]/D
                            (rising edge-triggered cell FDCE clocked by clk_pl_0  {rise@0.000ns fall@5.000ns period=10.000ns})
  Path Group:             clk_pl_0
  Path Type:              Hold (Min at Fast Process Corner)
  Requirement:            0.000ns  (clk_pl_0 rise@0.000ns - clk_pl_0 rise@0.000ns)
  Data Path Delay:        0.072ns  (logic 0.039ns (54.167%)  route 0.033ns (45.833%))
  Logic Levels:           0  
  Clock Path Skew:        0.006ns (DCD - SCD - CPR)
    Destination Clock Delay (DCD):    1.361ns
    Source Clock Delay      (SCD):    1.190ns
    Clock Pessimism Removal (CPR):    0.165ns
  Clock Net Delay (Source):      1.051ns (routing 0.311ns, distribution 0.740ns)
  Clock Net Delay (Destination): 1.189ns (routing 0.352ns, distribution 0.837ns)

    Location             Delay type                Incr(ns)  Path(ns)    Netlist Resource(s)
  -------------------------------------------------------------------    -------------------
                         (clock clk_pl_0 rise edge)
                                                      0.000     0.000 r  
    PS8_X0Y0             PS8                          0.000     0.000 r  ps_i/zynq_ultra_ps_e_0/inst/PS8_i/PLCLK[0]
                         net (fo=1, routed)           0.122     0.122    ps_i/zynq_ultra_ps_e_0/inst/pl_clk_unbuffered[0]
    BUFG_PS_X0Y80                                                     r  ps_i/zynq_ultra_ps_e_0/inst/buffer_pl_clk_0.PL_CLK_0_BUFG/I
    BUFG_PS_X0Y80        BUFG_PS (Prop_BUFG_PS_I_O)
                                                      0.017     0.139 r  ps_i/zynq_ultra_ps_e_0/inst/buffer_pl_clk_0.PL_CLK_0_BUFG/O
    X1Y2 (CLOCK_ROOT)    net (fo=6797, routed)        1.051     1.190    u_cve2_core/cf_unit_i/u_ctrl/pl_clk0
    SLICE_X75Y173        FDCE                                         r  u_cve2_core/cf_unit_i/u_ctrl/act_scale_hi_q_reg[25]/C
  -------------------------------------------------------------------    -------------------
    SLICE_X75Y173        FDCE (Prop_HFF_SLICEL_C_Q)
                                                      0.039     1.229 r  u_cve2_core/cf_unit_i/u_ctrl/act_scale_hi_q_reg[25]/Q
                         net (fo=1, routed)           0.033     1.262    u_cve2_core/cf_unit_i/act_scale_hi[25]
    SLICE_X75Y173        FDCE                                         r  u_cve2_core/cf_unit_i/ctx_act_scale_hi_reg[25]/D
  -------------------------------------------------------------------    -------------------

                         (clock clk_pl_0 rise edge)
                                                      0.000     0.000 r  
    PS8_X0Y0             PS8                          0.000     0.000 r  ps_i/zynq_ultra_ps_e_0/inst/PS8_i/PLCLK[0]
                         net (fo=1, routed)           0.154     0.154    ps_i/zynq_ultra_ps_e_0/inst/pl_clk_unbuffered[0]
    BUFG_PS_X0Y80                                                     r  ps_i/zynq_ultra_ps_e_0/inst/buffer_pl_clk_0.PL_CLK_0_BUFG/I
    BUFG_PS_X0Y80        BUFG_PS (Prop_BUFG_PS_I_O)
                                                      0.018     0.172 r  ps_i/zynq_ultra_ps_e_0/inst/buffer_pl_clk_0.PL_CLK_0_BUFG/O
    X1Y2 (CLOCK_ROOT)    net (fo=6797, routed)        1.189     1.361    u_cve2_core/cf_unit_i/pl_clk0
    SLICE_X75Y173        FDCE                                         r  u_cve2_core/cf_unit_i/ctx_act_scale_hi_reg[25]/C
                         clock pessimism             -0.165     1.196    
    SLICE_X75Y173        FDCE (Hold_HFF2_SLICEL_C_D)
                                                      0.047     1.243    u_cve2_core/cf_unit_i/ctx_act_scale_hi_reg[25]
  -------------------------------------------------------------------
                         required time                         -1.243    
                         arrival time                           1.262    
  -------------------------------------------------------------------
                         slack                                  0.019    

Slack (MET) :             0.019ns  (arrival time - required time)
  Source:                 u_cve2_core/cf_unit_i/u_ctrl/weight_scale_hi_q_reg[10]/C
                            (rising edge-triggered cell FDCE clocked by clk_pl_0  {rise@0.000ns fall@5.000ns period=10.000ns})
  Destination:            u_cve2_core/cf_unit_i/ctx_weight_scale_hi_reg[10]/D
                            (rising edge-triggered cell FDCE clocked by clk_pl_0  {rise@0.000ns fall@5.000ns period=10.000ns})
  Path Group:             clk_pl_0
  Path Type:              Hold (Min at Fast Process Corner)
  Requirement:            0.000ns  (clk_pl_0 rise@0.000ns - clk_pl_0 rise@0.000ns)
  Data Path Delay:        0.072ns  (logic 0.039ns (54.167%)  route 0.033ns (45.833%))
  Logic Levels:           0  
  Clock Path Skew:        0.006ns (DCD - SCD - CPR)
    Destination Clock Delay (DCD):    1.334ns
    Source Clock Delay      (SCD):    1.168ns
    Clock Pessimism Removal (CPR):    0.160ns
  Clock Net Delay (Source):      1.029ns (routing 0.311ns, distribution 0.718ns)
  Clock Net Delay (Destination): 1.162ns (routing 0.352ns, distribution 0.810ns)

    Location             Delay type                Incr(ns)  Path(ns)    Netlist Resource(s)
  -------------------------------------------------------------------    -------------------
                         (clock clk_pl_0 rise edge)
                                                      0.000     0.000 r  
    PS8_X0Y0             PS8                          0.000     0.000 r  ps_i/zynq_ultra_ps_e_0/inst/PS8_i/PLCLK[0]
                         net (fo=1, routed)           0.122     0.122    ps_i/zynq_ultra_ps_e_0/inst/pl_clk_unbuffered[0]
    BUFG_PS_X0Y80                                                     r  ps_i/zynq_ultra_ps_e_0/inst/buffer_pl_clk_0.PL_CLK_0_BUFG/I
    BUFG_PS_X0Y80        BUFG_PS (Prop_BUFG_PS_I_O)
                                                      0.017     0.139 r  ps_i/zynq_ultra_ps_e_0/inst/buffer_pl_clk_0.PL_CLK_0_BUFG/O
    X1Y2 (CLOCK_ROOT)    net (fo=6797, routed)        1.029     1.168    u_cve2_core/cf_unit_i/u_ctrl/pl_clk0
    SLICE_X68Y176        FDCE                                         r  u_cve2_core/cf_unit_i/u_ctrl/weight_scale_hi_q_reg[10]/C
  -------------------------------------------------------------------    -------------------
    SLICE_X68Y176        FDCE (Prop_HFF_SLICEL_C_Q)
                                                      0.039     1.207 r  u_cve2_core/cf_unit_i/u_ctrl/weight_scale_hi_q_reg[10]/Q
                         net (fo=1, routed)           0.033     1.240    u_cve2_core/cf_unit_i/weight_scale_hi[10]
    SLICE_X68Y176        FDCE                                         r  u_cve2_core/cf_unit_i/ctx_weight_scale_hi_reg[10]/D
  -------------------------------------------------------------------    -------------------

                         (clock clk_pl_0 rise edge)
                                                      0.000     0.000 r  
    PS8_X0Y0             PS8                          0.000     0.000 r  ps_i/zynq_ultra_ps_e_0/inst/PS8_i/PLCLK[0]
                         net (fo=1, routed)           0.154     0.154    ps_i/zynq_ultra_ps_e_0/inst/pl_clk_unbuffered[0]
    BUFG_PS_X0Y80                                                     r  ps_i/zynq_ultra_ps_e_0/inst/buffer_pl_clk_0.PL_CLK_0_BUFG/I
    BUFG_PS_X0Y80        BUFG_PS (Prop_BUFG_PS_I_O)
                                                      0.018     0.172 r  ps_i/zynq_ultra_ps_e_0/inst/buffer_pl_clk_0.PL_CLK_0_BUFG/O
    X1Y2 (CLOCK_ROOT)    net (fo=6797, routed)        1.162     1.334    u_cve2_core/cf_unit_i/pl_clk0
    SLICE_X68Y176        FDCE                                         r  u_cve2_core/cf_unit_i/ctx_weight_scale_hi_reg[10]/C
                         clock pessimism             -0.160     1.174    
    SLICE_X68Y176        FDCE (Hold_HFF2_SLICEL_C_D)
                                                      0.047     1.221    u_cve2_core/cf_unit_i/ctx_weight_scale_hi_reg[10]
  -------------------------------------------------------------------
                         required time                         -1.221    
                         arrival time                           1.240    
  -------------------------------------------------------------------
                         slack                                  0.019    

Slack (MET) :             0.019ns  (arrival time - required time)
  Source:                 u_cve2_core/cf_unit_i/u_ctrl/weight_scale_hi_q_reg[14]/C
                            (rising edge-triggered cell FDCE clocked by clk_pl_0  {rise@0.000ns fall@5.000ns period=10.000ns})
  Destination:            u_cve2_core/cf_unit_i/ctx_weight_scale_hi_reg[14]/D
                            (rising edge-triggered cell FDCE clocked by clk_pl_0  {rise@0.000ns fall@5.000ns period=10.000ns})
  Path Group:             clk_pl_0
  Path Type:              Hold (Min at Fast Process Corner)
  Requirement:            0.000ns  (clk_pl_0 rise@0.000ns - clk_pl_0 rise@0.000ns)
  Data Path Delay:        0.072ns  (logic 0.039ns (54.167%)  route 0.033ns (45.833%))
  Logic Levels:           0  
  Clock Path Skew:        0.006ns (DCD - SCD - CPR)
    Destination Clock Delay (DCD):    1.362ns
    Source Clock Delay      (SCD):    1.192ns
    Clock Pessimism Removal (CPR):    0.164ns
  Clock Net Delay (Source):      1.053ns (routing 0.311ns, distribution 0.742ns)
  Clock Net Delay (Destination): 1.190ns (routing 0.352ns, distribution 0.838ns)

    Location             Delay type                Incr(ns)  Path(ns)    Netlist Resource(s)
  -------------------------------------------------------------------    -------------------
                         (clock clk_pl_0 rise edge)
                                                      0.000     0.000 r  
    PS8_X0Y0             PS8                          0.000     0.000 r  ps_i/zynq_ultra_ps_e_0/inst/PS8_i/PLCLK[0]
                         net (fo=1, routed)           0.122     0.122    ps_i/zynq_ultra_ps_e_0/inst/pl_clk_unbuffered[0]
    BUFG_PS_X0Y80                                                     r  ps_i/zynq_ultra_ps_e_0/inst/buffer_pl_clk_0.PL_CLK_0_BUFG/I
    BUFG_PS_X0Y80        BUFG_PS (Prop_BUFG_PS_I_O)
                                                      0.017     0.139 r  ps_i/zynq_ultra_ps_e_0/inst/buffer_pl_clk_0.PL_CLK_0_BUFG/O
    X1Y2 (CLOCK_ROOT)    net (fo=6797, routed)        1.053     1.192    u_cve2_core/cf_unit_i/u_ctrl/pl_clk0
    SLICE_X76Y179        FDCE                                         r  u_cve2_core/cf_unit_i/u_ctrl/weight_scale_hi_q_reg[14]/C
  -------------------------------------------------------------------    -------------------
    SLICE_X76Y179        FDCE (Prop_HFF_SLICEL_C_Q)
                                                      0.039     1.231 r  u_cve2_core/cf_unit_i/u_ctrl/weight_scale_hi_q_reg[14]/Q
                         net (fo=1, routed)           0.033     1.264    u_cve2_core/cf_unit_i/weight_scale_hi[14]
    SLICE_X76Y179        FDCE                                         r  u_cve2_core/cf_unit_i/ctx_weight_scale_hi_reg[14]/D
  -------------------------------------------------------------------    -------------------

                         (clock clk_pl_0 rise edge)
                                                      0.000     0.000 r  
    PS8_X0Y0             PS8                          0.000     0.000 r  ps_i/zynq_ultra_ps_e_0/inst/PS8_i/PLCLK[0]
                         net (fo=1, routed)           0.154     0.154    ps_i/zynq_ultra_ps_e_0/inst/pl_clk_unbuffered[0]
    BUFG_PS_X0Y80                                                     r  ps_i/zynq_ultra_ps_e_0/inst/buffer_pl_clk_0.PL_CLK_0_BUFG/I
    BUFG_PS_X0Y80        BUFG_PS (Prop_BUFG_PS_I_O)
                                                      0.018     0.172 r  ps_i/zynq_ultra_ps_e_0/inst/buffer_pl_clk_0.PL_CLK_0_BUFG/O
    X1Y2 (CLOCK_ROOT)    net (fo=6797, routed)        1.190     1.362    u_cve2_core/cf_unit_i/pl_clk0
    SLICE_X76Y179        FDCE                                         r  u_cve2_core/cf_unit_i/ctx_weight_scale_hi_reg[14]/C
                         clock pessimism             -0.164     1.198    
    SLICE_X76Y179        FDCE (Hold_HFF2_SLICEL_C_D)
                                                      0.047     1.245    u_cve2_core/cf_unit_i/ctx_weight_scale_hi_reg[14]
  -------------------------------------------------------------------
                         required time                         -1.245    
                         arrival time                           1.264    
  -------------------------------------------------------------------
                         slack                                  0.019    





Pulse Width Checks
--------------------------------------------------------------------------------------
Clock Name:         clk_pl_0
Waveform(ns):       { 0.000 5.000 }
Period(ns):         10.000
Sources:            { ps_i/zynq_ultra_ps_e_0/inst/PS8_i/PLCLK[0] }

Check Type        Corner  Lib Pin             Reference Pin  Required(ns)  Actual(ns)  Slack(ns)  Location      Pin
Min Period        n/a     PS8/MAXIGP0ACLK     n/a            3.000         10.000      7.000      PS8_X0Y0      ps_i/zynq_ultra_ps_e_0/inst/PS8_i/MAXIGP0ACLK
Min Period        n/a     RAMB36E2/CLKARDCLK  n/a            1.569         10.000      8.431      RAMB36_X1Y35  memory_system_i/mmio_ram_reg_bram_0/CLKARDCLK
Min Period        n/a     RAMB36E2/CLKARDCLK  n/a            1.569         10.000      8.431      RAMB36_X3Y61  memory_system_i/program_ram_reg_bram_0/CLKARDCLK
Min Period        n/a     RAMB36E2/CLKARDCLK  n/a            1.569         10.000      8.431      RAMB36_X3Y62  memory_system_i/program_ram_reg_bram_1/CLKARDCLK
Min Period        n/a     RAMB36E2/CLKARDCLK  n/a            1.569         10.000      8.431      RAMB36_X2Y66  memory_system_i/program_ram_reg_bram_10/CLKARDCLK
Min Period        n/a     RAMB36E2/CLKARDCLK  n/a            1.569         10.000      8.431      RAMB36_X1Y40  memory_system_i/program_ram_reg_bram_100/CLKARDCLK
Min Period        n/a     RAMB36E2/CLKARDCLK  n/a            1.569         10.000      8.431      RAMB36_X1Y41  memory_system_i/program_ram_reg_bram_101/CLKARDCLK
Min Period        n/a     RAMB36E2/CLKARDCLK  n/a            1.569         10.000      8.431      RAMB36_X1Y42  memory_system_i/program_ram_reg_bram_102/CLKARDCLK
Min Period        n/a     RAMB36E2/CLKARDCLK  n/a            1.569         10.000      8.431      RAMB36_X1Y43  memory_system_i/program_ram_reg_bram_103/CLKARDCLK
Min Period        n/a     RAMB36E2/CLKARDCLK  n/a            1.569         10.000      8.431      RAMB36_X1Y27  memory_system_i/program_ram_reg_bram_104/CLKARDCLK
Low Pulse Width   Slow    PS8/MAXIGP0ACLK     n/a            1.500         5.000       3.500      PS8_X0Y0      ps_i/zynq_ultra_ps_e_0/inst/PS8_i/MAXIGP0ACLK
Low Pulse Width   Fast    PS8/MAXIGP0ACLK     n/a            1.500         5.000       3.500      PS8_X0Y0      ps_i/zynq_ultra_ps_e_0/inst/PS8_i/MAXIGP0ACLK
Low Pulse Width   Slow    RAMB36E2/CLKARDCLK  n/a            0.542         5.000       4.458      RAMB36_X1Y35  memory_system_i/mmio_ram_reg_bram_0/CLKARDCLK
Low Pulse Width   Fast    RAMB36E2/CLKARDCLK  n/a            0.542         5.000       4.458      RAMB36_X1Y35  memory_system_i/mmio_ram_reg_bram_0/CLKARDCLK
Low Pulse Width   Slow    RAMB36E2/CLKBWRCLK  n/a            0.542         5.000       4.458      RAMB36_X1Y35  memory_system_i/mmio_ram_reg_bram_0/CLKBWRCLK
Low Pulse Width   Fast    RAMB36E2/CLKBWRCLK  n/a            0.542         5.000       4.458      RAMB36_X1Y35  memory_system_i/mmio_ram_reg_bram_0/CLKBWRCLK
Low Pulse Width   Slow    RAMB36E2/CLKARDCLK  n/a            0.542         5.000       4.458      RAMB36_X3Y61  memory_system_i/program_ram_reg_bram_0/CLKARDCLK
Low Pulse Width   Fast    RAMB36E2/CLKARDCLK  n/a            0.542         5.000       4.458      RAMB36_X3Y61  memory_system_i/program_ram_reg_bram_0/CLKARDCLK
Low Pulse Width   Slow    RAMB36E2/CLKBWRCLK  n/a            0.542         5.000       4.458      RAMB36_X3Y61  memory_system_i/program_ram_reg_bram_0/CLKBWRCLK
Low Pulse Width   Fast    RAMB36E2/CLKBWRCLK  n/a            0.542         5.000       4.458      RAMB36_X3Y61  memory_system_i/program_ram_reg_bram_0/CLKBWRCLK
High Pulse Width  Slow    PS8/MAXIGP0ACLK     n/a            1.500         5.000       3.500      PS8_X0Y0      ps_i/zynq_ultra_ps_e_0/inst/PS8_i/MAXIGP0ACLK
High Pulse Width  Fast    PS8/MAXIGP0ACLK     n/a            1.500         5.000       3.500      PS8_X0Y0      ps_i/zynq_ultra_ps_e_0/inst/PS8_i/MAXIGP0ACLK
High Pulse Width  Slow    RAMB36E2/CLKARDCLK  n/a            0.542         5.000       4.458      RAMB36_X1Y35  memory_system_i/mmio_ram_reg_bram_0/CLKARDCLK
High Pulse Width  Fast    RAMB36E2/CLKARDCLK  n/a            0.542         5.000       4.458      RAMB36_X1Y35  memory_system_i/mmio_ram_reg_bram_0/CLKARDCLK
High Pulse Width  Slow    RAMB36E2/CLKBWRCLK  n/a            0.542         5.000       4.458      RAMB36_X1Y35  memory_system_i/mmio_ram_reg_bram_0/CLKBWRCLK
High Pulse Width  Fast    RAMB36E2/CLKBWRCLK  n/a            0.542         5.000       4.458      RAMB36_X1Y35  memory_system_i/mmio_ram_reg_bram_0/CLKBWRCLK
High Pulse Width  Slow    RAMB36E2/CLKARDCLK  n/a            0.542         5.000       4.458      RAMB36_X3Y61  memory_system_i/program_ram_reg_bram_0/CLKARDCLK
High Pulse Width  Fast    RAMB36E2/CLKARDCLK  n/a            0.542         5.000       4.458      RAMB36_X3Y61  memory_system_i/program_ram_reg_bram_0/CLKARDCLK
High Pulse Width  Slow    RAMB36E2/CLKBWRCLK  n/a            0.542         5.000       4.458      RAMB36_X3Y61  memory_system_i/program_ram_reg_bram_0/CLKBWRCLK
High Pulse Width  Fast    RAMB36E2/CLKBWRCLK  n/a            0.542         5.000       4.458      RAMB36_X3Y61  memory_system_i/program_ram_reg_bram_0/CLKBWRCLK



---------------------------------------------------------------------------------------------------
Path Group:  **async_default**
From Clock:  clk_pl_0
  To Clock:  clk_pl_0

Setup :            0  Failing Endpoints,  Worst Slack        7.267ns,  Total Violation        0.000ns
Hold  :            0  Failing Endpoints,  Worst Slack        0.162ns,  Total Violation        0.000ns
---------------------------------------------------------------------------------------------------


Max Delay Paths
--------------------------------------------------------------------------------------
Slack (MET) :             7.267ns  (required time - arrival time)
  Source:                 ps_i/proc_sys_reset_0/U0/ACTIVE_LOW_PR_OUT_DFF[0].FDRE_PER_N/C
                            (rising edge-triggered cell FDRE clocked by clk_pl_0  {rise@0.000ns fall@5.000ns period=10.000ns})
  Destination:            u_cve2_core/cf_unit_i/u_scale_accum0/accumulator_s1_reg[3]/CLR
                            (recovery check against rising-edge clock clk_pl_0  {rise@0.000ns fall@5.000ns period=10.000ns})
  Path Group:             **async_default**
  Path Type:              Recovery (Max at Slow Process Corner)
  Requirement:            10.000ns  (clk_pl_0 rise@10.000ns - clk_pl_0 rise@0.000ns)
  Data Path Delay:        2.525ns  (logic 0.107ns (4.238%)  route 2.418ns (95.762%))
  Logic Levels:           1  (BUFGCE=1)
  Clock Path Skew:        -0.012ns (DCD - SCD + CPR)
    Destination Clock Delay (DCD):    1.935ns = ( 11.935 - 10.000 ) 
    Source Clock Delay      (SCD):    2.044ns
    Clock Pessimism Removal (CPR):    0.097ns
  Clock Uncertainty:      0.130ns  ((TSJ^2 + DJ^2)^1/2) / 2 + PE
    Total System Jitter     (TSJ):    0.071ns
    Discrete Jitter          (DJ):    0.250ns
    Phase Error              (PE):    0.000ns
  Clock Net Delay (Source):      1.836ns (routing 0.569ns, distribution 1.267ns)
  Clock Net Delay (Destination): 1.767ns (routing 0.512ns, distribution 1.255ns)

    Location             Delay type                Incr(ns)  Path(ns)    Netlist Resource(s)
  -------------------------------------------------------------------    -------------------
                         (clock clk_pl_0 rise edge)
                                                      0.000     0.000 r  
    PS8_X0Y0             PS8                          0.000     0.000 r  ps_i/zynq_ultra_ps_e_0/inst/PS8_i/PLCLK[0]
                         net (fo=1, routed)           0.180     0.180    ps_i/zynq_ultra_ps_e_0/inst/pl_clk_unbuffered[0]
    BUFG_PS_X0Y80                                                     r  ps_i/zynq_ultra_ps_e_0/inst/buffer_pl_clk_0.PL_CLK_0_BUFG/I
    BUFG_PS_X0Y80        BUFG_PS (Prop_BUFG_PS_I_O)
                                                      0.028     0.208 r  ps_i/zynq_ultra_ps_e_0/inst/buffer_pl_clk_0.PL_CLK_0_BUFG/O
    X1Y2 (CLOCK_ROOT)    net (fo=6797, routed)        1.836     2.044    ps_i/proc_sys_reset_0/U0/slowest_sync_clk
    SLICE_X64Y190        FDRE                                         r  ps_i/proc_sys_reset_0/U0/ACTIVE_LOW_PR_OUT_DFF[0].FDRE_PER_N/C
  -------------------------------------------------------------------    -------------------
    SLICE_X64Y190        FDRE (Prop_EFF2_SLICEM_C_Q)
                                                      0.079     2.123 r  ps_i/proc_sys_reset_0/U0/ACTIVE_LOW_PR_OUT_DFF[0].FDRE_PER_N/Q
                         net (fo=1, routed)           1.102     3.225    ps_i/proc_sys_reset_0/U0/peripheral_aresetn[0]_bufg_place
    BUFGCE_X1Y92                                                      r  ps_i/proc_sys_reset_0/U0/ACTIVE_LOW_PR_OUT_DFF[0].FDRE_PER_N_bufg_place/I
    BUFGCE_X1Y92         BUFGCE (Prop_BUFCE_BUFGCE_I_O)
                                                      0.028     3.253 r  ps_i/proc_sys_reset_0/U0/ACTIVE_LOW_PR_OUT_DFF[0].FDRE_PER_N_bufg_place/O
                         net (fo=4279, routed)        1.316     4.569    u_cve2_core/cf_unit_i/u_scale_accum0/bf16_scaled_s3_reg[sign]_0
    SLICE_X94Y178        FDCE                                         f  u_cve2_core/cf_unit_i/u_scale_accum0/accumulator_s1_reg[3]/CLR  (IS_INVERTED)
  -------------------------------------------------------------------    -------------------

                         (clock clk_pl_0 rise edge)
                                                     10.000    10.000 r  
    PS8_X0Y0             PS8                          0.000    10.000 r  ps_i/zynq_ultra_ps_e_0/inst/PS8_i/PLCLK[0]
                         net (fo=1, routed)           0.143    10.143    ps_i/zynq_ultra_ps_e_0/inst/pl_clk_unbuffered[0]
    BUFG_PS_X0Y80                                                     r  ps_i/zynq_ultra_ps_e_0/inst/buffer_pl_clk_0.PL_CLK_0_BUFG/I
    BUFG_PS_X0Y80        BUFG_PS (Prop_BUFG_PS_I_O)
                                                      0.025    10.168 r  ps_i/zynq_ultra_ps_e_0/inst/buffer_pl_clk_0.PL_CLK_0_BUFG/O
    X1Y2 (CLOCK_ROOT)    net (fo=6797, routed)        1.767    11.935    u_cve2_core/cf_unit_i/u_scale_accum0/pl_clk0
    SLICE_X94Y178        FDCE                                         r  u_cve2_core/cf_unit_i/u_scale_accum0/accumulator_s1_reg[3]/C
                         clock pessimism              0.097    12.032    
                         clock uncertainty           -0.130    11.902    
    SLICE_X94Y178        FDCE (Recov_AFF_SLICEM_C_CLR)
                                                     -0.066    11.836    u_cve2_core/cf_unit_i/u_scale_accum0/accumulator_s1_reg[3]
  -------------------------------------------------------------------
                         required time                         11.836    
                         arrival time                          -4.569    
  -------------------------------------------------------------------
                         slack                                  7.267    

Slack (MET) :             7.267ns  (required time - arrival time)
  Source:                 ps_i/proc_sys_reset_0/U0/ACTIVE_LOW_PR_OUT_DFF[0].FDRE_PER_N/C
                            (rising edge-triggered cell FDRE clocked by clk_pl_0  {rise@0.000ns fall@5.000ns period=10.000ns})
  Destination:            u_cve2_core/cf_unit_i/u_scale_accum0/accumulator_s1_reg[4]/CLR
                            (recovery check against rising-edge clock clk_pl_0  {rise@0.000ns fall@5.000ns period=10.000ns})
  Path Group:             **async_default**
  Path Type:              Recovery (Max at Slow Process Corner)
  Requirement:            10.000ns  (clk_pl_0 rise@10.000ns - clk_pl_0 rise@0.000ns)
  Data Path Delay:        2.525ns  (logic 0.107ns (4.238%)  route 2.418ns (95.762%))
  Logic Levels:           1  (BUFGCE=1)
  Clock Path Skew:        -0.012ns (DCD - SCD + CPR)
    Destination Clock Delay (DCD):    1.935ns = ( 11.935 - 10.000 ) 
    Source Clock Delay      (SCD):    2.044ns
    Clock Pessimism Removal (CPR):    0.097ns
  Clock Uncertainty:      0.130ns  ((TSJ^2 + DJ^2)^1/2) / 2 + PE
    Total System Jitter     (TSJ):    0.071ns
    Discrete Jitter          (DJ):    0.250ns
    Phase Error              (PE):    0.000ns
  Clock Net Delay (Source):      1.836ns (routing 0.569ns, distribution 1.267ns)
  Clock Net Delay (Destination): 1.767ns (routing 0.512ns, distribution 1.255ns)

    Location             Delay type                Incr(ns)  Path(ns)    Netlist Resource(s)
  -------------------------------------------------------------------    -------------------
                         (clock clk_pl_0 rise edge)
                                                      0.000     0.000 r  
    PS8_X0Y0             PS8                          0.000     0.000 r  ps_i/zynq_ultra_ps_e_0/inst/PS8_i/PLCLK[0]
                         net (fo=1, routed)           0.180     0.180    ps_i/zynq_ultra_ps_e_0/inst/pl_clk_unbuffered[0]
    BUFG_PS_X0Y80                                                     r  ps_i/zynq_ultra_ps_e_0/inst/buffer_pl_clk_0.PL_CLK_0_BUFG/I
    BUFG_PS_X0Y80        BUFG_PS (Prop_BUFG_PS_I_O)
                                                      0.028     0.208 r  ps_i/zynq_ultra_ps_e_0/inst/buffer_pl_clk_0.PL_CLK_0_BUFG/O
    X1Y2 (CLOCK_ROOT)    net (fo=6797, routed)        1.836     2.044    ps_i/proc_sys_reset_0/U0/slowest_sync_clk
    SLICE_X64Y190        FDRE                                         r  ps_i/proc_sys_reset_0/U0/ACTIVE_LOW_PR_OUT_DFF[0].FDRE_PER_N/C
  -------------------------------------------------------------------    -------------------
    SLICE_X64Y190        FDRE (Prop_EFF2_SLICEM_C_Q)
                                                      0.079     2.123 r  ps_i/proc_sys_reset_0/U0/ACTIVE_LOW_PR_OUT_DFF[0].FDRE_PER_N/Q
                         net (fo=1, routed)           1.102     3.225    ps_i/proc_sys_reset_0/U0/peripheral_aresetn[0]_bufg_place
    BUFGCE_X1Y92                                                      r  ps_i/proc_sys_reset_0/U0/ACTIVE_LOW_PR_OUT_DFF[0].FDRE_PER_N_bufg_place/I
    BUFGCE_X1Y92         BUFGCE (Prop_BUFCE_BUFGCE_I_O)
                                                      0.028     3.253 r  ps_i/proc_sys_reset_0/U0/ACTIVE_LOW_PR_OUT_DFF[0].FDRE_PER_N_bufg_place/O
                         net (fo=4279, routed)        1.316     4.569    u_cve2_core/cf_unit_i/u_scale_accum0/bf16_scaled_s3_reg[sign]_0
    SLICE_X94Y178        FDCE                                         f  u_cve2_core/cf_unit_i/u_scale_accum0/accumulator_s1_reg[4]/CLR  (IS_INVERTED)
  -------------------------------------------------------------------    -------------------

                         (clock clk_pl_0 rise edge)
                                                     10.000    10.000 r  
    PS8_X0Y0             PS8                          0.000    10.000 r  ps_i/zynq_ultra_ps_e_0/inst/PS8_i/PLCLK[0]
                         net (fo=1, routed)           0.143    10.143    ps_i/zynq_ultra_ps_e_0/inst/pl_clk_unbuffered[0]
    BUFG_PS_X0Y80                                                     r  ps_i/zynq_ultra_ps_e_0/inst/buffer_pl_clk_0.PL_CLK_0_BUFG/I
    BUFG_PS_X0Y80        BUFG_PS (Prop_BUFG_PS_I_O)
                                                      0.025    10.168 r  ps_i/zynq_ultra_ps_e_0/inst/buffer_pl_clk_0.PL_CLK_0_BUFG/O
    X1Y2 (CLOCK_ROOT)    net (fo=6797, routed)        1.767    11.935    u_cve2_core/cf_unit_i/u_scale_accum0/pl_clk0
    SLICE_X94Y178        FDCE                                         r  u_cve2_core/cf_unit_i/u_scale_accum0/accumulator_s1_reg[4]/C
                         clock pessimism              0.097    12.032    
                         clock uncertainty           -0.130    11.902    
    SLICE_X94Y178        FDCE (Recov_AFF2_SLICEM_C_CLR)
                                                     -0.066    11.836    u_cve2_core/cf_unit_i/u_scale_accum0/accumulator_s1_reg[4]
  -------------------------------------------------------------------
                         required time                         11.836    
                         arrival time                          -4.569    
  -------------------------------------------------------------------
                         slack                                  7.267    

Slack (MET) :             7.267ns  (required time - arrival time)
  Source:                 ps_i/proc_sys_reset_0/U0/ACTIVE_LOW_PR_OUT_DFF[0].FDRE_PER_N/C
                            (rising edge-triggered cell FDRE clocked by clk_pl_0  {rise@0.000ns fall@5.000ns period=10.000ns})
  Destination:            u_cve2_core/cf_unit_i/u_scale_accum0/accumulator_s2_reg[3]/CLR
                            (recovery check against rising-edge clock clk_pl_0  {rise@0.000ns fall@5.000ns period=10.000ns})
  Path Group:             **async_default**
  Path Type:              Recovery (Max at Slow Process Corner)
  Requirement:            10.000ns  (clk_pl_0 rise@10.000ns - clk_pl_0 rise@0.000ns)
  Data Path Delay:        2.525ns  (logic 0.107ns (4.238%)  route 2.418ns (95.762%))
  Logic Levels:           1  (BUFGCE=1)
  Clock Path Skew:        -0.012ns (DCD - SCD + CPR)
    Destination Clock Delay (DCD):    1.935ns = ( 11.935 - 10.000 ) 
    Source Clock Delay      (SCD):    2.044ns
    Clock Pessimism Removal (CPR):    0.097ns
  Clock Uncertainty:      0.130ns  ((TSJ^2 + DJ^2)^1/2) / 2 + PE
    Total System Jitter     (TSJ):    0.071ns
    Discrete Jitter          (DJ):    0.250ns
    Phase Error              (PE):    0.000ns
  Clock Net Delay (Source):      1.836ns (routing 0.569ns, distribution 1.267ns)
  Clock Net Delay (Destination): 1.767ns (routing 0.512ns, distribution 1.255ns)

    Location             Delay type                Incr(ns)  Path(ns)    Netlist Resource(s)
  -------------------------------------------------------------------    -------------------
                         (clock clk_pl_0 rise edge)
                                                      0.000     0.000 r  
    PS8_X0Y0             PS8                          0.000     0.000 r  ps_i/zynq_ultra_ps_e_0/inst/PS8_i/PLCLK[0]
                         net (fo=1, routed)           0.180     0.180    ps_i/zynq_ultra_ps_e_0/inst/pl_clk_unbuffered[0]
    BUFG_PS_X0Y80                                                     r  ps_i/zynq_ultra_ps_e_0/inst/buffer_pl_clk_0.PL_CLK_0_BUFG/I
    BUFG_PS_X0Y80        BUFG_PS (Prop_BUFG_PS_I_O)
                                                      0.028     0.208 r  ps_i/zynq_ultra_ps_e_0/inst/buffer_pl_clk_0.PL_CLK_0_BUFG/O
    X1Y2 (CLOCK_ROOT)    net (fo=6797, routed)        1.836     2.044    ps_i/proc_sys_reset_0/U0/slowest_sync_clk
    SLICE_X64Y190        FDRE                                         r  ps_i/proc_sys_reset_0/U0/ACTIVE_LOW_PR_OUT_DFF[0].FDRE_PER_N/C
  -------------------------------------------------------------------    -------------------
    SLICE_X64Y190        FDRE (Prop_EFF2_SLICEM_C_Q)
                                                      0.079     2.123 r  ps_i/proc_sys_reset_0/U0/ACTIVE_LOW_PR_OUT_DFF[0].FDRE_PER_N/Q
                         net (fo=1, routed)           1.102     3.225    ps_i/proc_sys_reset_0/U0/peripheral_aresetn[0]_bufg_place
    BUFGCE_X1Y92                                                      r  ps_i/proc_sys_reset_0/U0/ACTIVE_LOW_PR_OUT_DFF[0].FDRE_PER_N_bufg_place/I
    BUFGCE_X1Y92         BUFGCE (Prop_BUFCE_BUFGCE_I_O)
                                                      0.028     3.253 r  ps_i/proc_sys_reset_0/U0/ACTIVE_LOW_PR_OUT_DFF[0].FDRE_PER_N_bufg_place/O
                         net (fo=4279, routed)        1.316     4.569    u_cve2_core/cf_unit_i/u_scale_accum0/bf16_scaled_s3_reg[sign]_0
    SLICE_X94Y178        FDCE                                         f  u_cve2_core/cf_unit_i/u_scale_accum0/accumulator_s2_reg[3]/CLR  (IS_INVERTED)
  -------------------------------------------------------------------    -------------------

                         (clock clk_pl_0 rise edge)
                                                     10.000    10.000 r  
    PS8_X0Y0             PS8                          0.000    10.000 r  ps_i/zynq_ultra_ps_e_0/inst/PS8_i/PLCLK[0]
                         net (fo=1, routed)           0.143    10.143    ps_i/zynq_ultra_ps_e_0/inst/pl_clk_unbuffered[0]
    BUFG_PS_X0Y80                                                     r  ps_i/zynq_ultra_ps_e_0/inst/buffer_pl_clk_0.PL_CLK_0_BUFG/I
    BUFG_PS_X0Y80        BUFG_PS (Prop_BUFG_PS_I_O)
                                                      0.025    10.168 r  ps_i/zynq_ultra_ps_e_0/inst/buffer_pl_clk_0.PL_CLK_0_BUFG/O
    X1Y2 (CLOCK_ROOT)    net (fo=6797, routed)        1.767    11.935    u_cve2_core/cf_unit_i/u_scale_accum0/pl_clk0
    SLICE_X94Y178        FDCE                                         r  u_cve2_core/cf_unit_i/u_scale_accum0/accumulator_s2_reg[3]/C
                         clock pessimism              0.097    12.032    
                         clock uncertainty           -0.130    11.902    
    SLICE_X94Y178        FDCE (Recov_BFF_SLICEM_C_CLR)
                                                     -0.066    11.836    u_cve2_core/cf_unit_i/u_scale_accum0/accumulator_s2_reg[3]
  -------------------------------------------------------------------
                         required time                         11.836    
                         arrival time                          -4.569    
  -------------------------------------------------------------------
                         slack                                  7.267    

Slack (MET) :             7.267ns  (required time - arrival time)
  Source:                 ps_i/proc_sys_reset_0/U0/ACTIVE_LOW_PR_OUT_DFF[0].FDRE_PER_N/C
                            (rising edge-triggered cell FDRE clocked by clk_pl_0  {rise@0.000ns fall@5.000ns period=10.000ns})
  Destination:            u_cve2_core/cf_unit_i/u_scale_accum0/accumulator_s2_reg[4]/CLR
                            (recovery check against rising-edge clock clk_pl_0  {rise@0.000ns fall@5.000ns period=10.000ns})
  Path Group:             **async_default**
  Path Type:              Recovery (Max at Slow Process Corner)
  Requirement:            10.000ns  (clk_pl_0 rise@10.000ns - clk_pl_0 rise@0.000ns)
  Data Path Delay:        2.525ns  (logic 0.107ns (4.238%)  route 2.418ns (95.762%))
  Logic Levels:           1  (BUFGCE=1)
  Clock Path Skew:        -0.012ns (DCD - SCD + CPR)
    Destination Clock Delay (DCD):    1.935ns = ( 11.935 - 10.000 ) 
    Source Clock Delay      (SCD):    2.044ns
    Clock Pessimism Removal (CPR):    0.097ns
  Clock Uncertainty:      0.130ns  ((TSJ^2 + DJ^2)^1/2) / 2 + PE
    Total System Jitter     (TSJ):    0.071ns
    Discrete Jitter          (DJ):    0.250ns
    Phase Error              (PE):    0.000ns
  Clock Net Delay (Source):      1.836ns (routing 0.569ns, distribution 1.267ns)
  Clock Net Delay (Destination): 1.767ns (routing 0.512ns, distribution 1.255ns)

    Location             Delay type                Incr(ns)  Path(ns)    Netlist Resource(s)
  -------------------------------------------------------------------    -------------------
                         (clock clk_pl_0 rise edge)
                                                      0.000     0.000 r  
    PS8_X0Y0             PS8                          0.000     0.000 r  ps_i/zynq_ultra_ps_e_0/inst/PS8_i/PLCLK[0]
                         net (fo=1, routed)           0.180     0.180    ps_i/zynq_ultra_ps_e_0/inst/pl_clk_unbuffered[0]
    BUFG_PS_X0Y80                                                     r  ps_i/zynq_ultra_ps_e_0/inst/buffer_pl_clk_0.PL_CLK_0_BUFG/I
    BUFG_PS_X0Y80        BUFG_PS (Prop_BUFG_PS_I_O)
                                                      0.028     0.208 r  ps_i/zynq_ultra_ps_e_0/inst/buffer_pl_clk_0.PL_CLK_0_BUFG/O
    X1Y2 (CLOCK_ROOT)    net (fo=6797, routed)        1.836     2.044    ps_i/proc_sys_reset_0/U0/slowest_sync_clk
    SLICE_X64Y190        FDRE                                         r  ps_i/proc_sys_reset_0/U0/ACTIVE_LOW_PR_OUT_DFF[0].FDRE_PER_N/C
  -------------------------------------------------------------------    -------------------
    SLICE_X64Y190        FDRE (Prop_EFF2_SLICEM_C_Q)
                                                      0.079     2.123 r  ps_i/proc_sys_reset_0/U0/ACTIVE_LOW_PR_OUT_DFF[0].FDRE_PER_N/Q
                         net (fo=1, routed)           1.102     3.225    ps_i/proc_sys_reset_0/U0/peripheral_aresetn[0]_bufg_place
    BUFGCE_X1Y92                                                      r  ps_i/proc_sys_reset_0/U0/ACTIVE_LOW_PR_OUT_DFF[0].FDRE_PER_N_bufg_place/I
    BUFGCE_X1Y92         BUFGCE (Prop_BUFCE_BUFGCE_I_O)
                                                      0.028     3.253 r  ps_i/proc_sys_reset_0/U0/ACTIVE_LOW_PR_OUT_DFF[0].FDRE_PER_N_bufg_place/O
                         net (fo=4279, routed)        1.316     4.569    u_cve2_core/cf_unit_i/u_scale_accum0/bf16_scaled_s3_reg[sign]_0
    SLICE_X94Y178        FDCE                                         f  u_cve2_core/cf_unit_i/u_scale_accum0/accumulator_s2_reg[4]/CLR  (IS_INVERTED)
  -------------------------------------------------------------------    -------------------

                         (clock clk_pl_0 rise edge)
                                                     10.000    10.000 r  
    PS8_X0Y0             PS8                          0.000    10.000 r  ps_i/zynq_ultra_ps_e_0/inst/PS8_i/PLCLK[0]
                         net (fo=1, routed)           0.143    10.143    ps_i/zynq_ultra_ps_e_0/inst/pl_clk_unbuffered[0]
    BUFG_PS_X0Y80                                                     r  ps_i/zynq_ultra_ps_e_0/inst/buffer_pl_clk_0.PL_CLK_0_BUFG/I
    BUFG_PS_X0Y80        BUFG_PS (Prop_BUFG_PS_I_O)
                                                      0.025    10.168 r  ps_i/zynq_ultra_ps_e_0/inst/buffer_pl_clk_0.PL_CLK_0_BUFG/O
    X1Y2 (CLOCK_ROOT)    net (fo=6797, routed)        1.767    11.935    u_cve2_core/cf_unit_i/u_scale_accum0/pl_clk0
    SLICE_X94Y178        FDCE                                         r  u_cve2_core/cf_unit_i/u_scale_accum0/accumulator_s2_reg[4]/C
                         clock pessimism              0.097    12.032    
                         clock uncertainty           -0.130    11.902    
    SLICE_X94Y178        FDCE (Recov_BFF2_SLICEM_C_CLR)
                                                     -0.066    11.836    u_cve2_core/cf_unit_i/u_scale_accum0/accumulator_s2_reg[4]
  -------------------------------------------------------------------
                         required time                         11.836    
                         arrival time                          -4.569    
  -------------------------------------------------------------------
                         slack                                  7.267    

Slack (MET) :             7.269ns  (required time - arrival time)
  Source:                 ps_i/proc_sys_reset_0/U0/ACTIVE_LOW_PR_OUT_DFF[0].FDRE_PER_N/C
                            (rising edge-triggered cell FDRE clocked by clk_pl_0  {rise@0.000ns fall@5.000ns period=10.000ns})
  Destination:            u_cve2_core/cf_unit_i/u_accum_bram/wr_data_q_reg[14]/CLR
                            (recovery check against rising-edge clock clk_pl_0  {rise@0.000ns fall@5.000ns period=10.000ns})
  Path Group:             **async_default**
  Path Type:              Recovery (Max at Slow Process Corner)
  Requirement:            10.000ns  (clk_pl_0 rise@10.000ns - clk_pl_0 rise@0.000ns)
  Data Path Delay:        2.522ns  (logic 0.107ns (4.243%)  route 2.415ns (95.757%))
  Logic Levels:           1  (BUFGCE=1)
  Clock Path Skew:        -0.013ns (DCD - SCD + CPR)
    Destination Clock Delay (DCD):    1.934ns = ( 11.934 - 10.000 ) 
    Source Clock Delay      (SCD):    2.044ns
    Clock Pessimism Removal (CPR):    0.097ns
  Clock Uncertainty:      0.130ns  ((TSJ^2 + DJ^2)^1/2) / 2 + PE
    Total System Jitter     (TSJ):    0.071ns
    Discrete Jitter          (DJ):    0.250ns
    Phase Error              (PE):    0.000ns
  Clock Net Delay (Source):      1.836ns (routing 0.569ns, distribution 1.267ns)
  Clock Net Delay (Destination): 1.766ns (routing 0.512ns, distribution 1.254ns)

    Location             Delay type                Incr(ns)  Path(ns)    Netlist Resource(s)
  -------------------------------------------------------------------    -------------------
                         (clock clk_pl_0 rise edge)
                                                      0.000     0.000 r  
    PS8_X0Y0             PS8                          0.000     0.000 r  ps_i/zynq_ultra_ps_e_0/inst/PS8_i/PLCLK[0]
                         net (fo=1, routed)           0.180     0.180    ps_i/zynq_ultra_ps_e_0/inst/pl_clk_unbuffered[0]
    BUFG_PS_X0Y80                                                     r  ps_i/zynq_ultra_ps_e_0/inst/buffer_pl_clk_0.PL_CLK_0_BUFG/I
    BUFG_PS_X0Y80        BUFG_PS (Prop_BUFG_PS_I_O)
                                                      0.028     0.208 r  ps_i/zynq_ultra_ps_e_0/inst/buffer_pl_clk_0.PL_CLK_0_BUFG/O
    X1Y2 (CLOCK_ROOT)    net (fo=6797, routed)        1.836     2.044    ps_i/proc_sys_reset_0/U0/slowest_sync_clk
    SLICE_X64Y190        FDRE                                         r  ps_i/proc_sys_reset_0/U0/ACTIVE_LOW_PR_OUT_DFF[0].FDRE_PER_N/C
  -------------------------------------------------------------------    -------------------
    SLICE_X64Y190        FDRE (Prop_EFF2_SLICEM_C_Q)
                                                      0.079     2.123 r  ps_i/proc_sys_reset_0/U0/ACTIVE_LOW_PR_OUT_DFF[0].FDRE_PER_N/Q
                         net (fo=1, routed)           1.102     3.225    ps_i/proc_sys_reset_0/U0/peripheral_aresetn[0]_bufg_place
    BUFGCE_X1Y92                                                      r  ps_i/proc_sys_reset_0/U0/ACTIVE_LOW_PR_OUT_DFF[0].FDRE_PER_N_bufg_place/I
    BUFGCE_X1Y92         BUFGCE (Prop_BUFCE_BUFGCE_I_O)
                                                      0.028     3.253 r  ps_i/proc_sys_reset_0/U0/ACTIVE_LOW_PR_OUT_DFF[0].FDRE_PER_N_bufg_place/O
                         net (fo=4279, routed)        1.313     4.566    u_cve2_core/cf_unit_i/u_accum_bram/wr_data_q_reg[31]_1
    SLICE_X94Y178        FDCE                                         f  u_cve2_core/cf_unit_i/u_accum_bram/wr_data_q_reg[14]/CLR  (IS_INVERTED)
  -------------------------------------------------------------------    -------------------

                         (clock clk_pl_0 rise edge)
                                                     10.000    10.000 r  
    PS8_X0Y0             PS8                          0.000    10.000 r  ps_i/zynq_ultra_ps_e_0/inst/PS8_i/PLCLK[0]
                         net (fo=1, routed)           0.143    10.143    ps_i/zynq_ultra_ps_e_0/inst/pl_clk_unbuffered[0]
    BUFG_PS_X0Y80                                                     r  ps_i/zynq_ultra_ps_e_0/inst/buffer_pl_clk_0.PL_CLK_0_BUFG/I
    BUFG_PS_X0Y80        BUFG_PS (Prop_BUFG_PS_I_O)
                                                      0.025    10.168 r  ps_i/zynq_ultra_ps_e_0/inst/buffer_pl_clk_0.PL_CLK_0_BUFG/O
    X1Y2 (CLOCK_ROOT)    net (fo=6797, routed)        1.766    11.934    u_cve2_core/cf_unit_i/u_accum_bram/pl_clk0
    SLICE_X94Y178        FDCE                                         r  u_cve2_core/cf_unit_i/u_accum_bram/wr_data_q_reg[14]/C
                         clock pessimism              0.097    12.031    
                         clock uncertainty           -0.130    11.901    
    SLICE_X94Y178        FDCE (Recov_EFF_SLICEM_C_CLR)
                                                     -0.066    11.835    u_cve2_core/cf_unit_i/u_accum_bram/wr_data_q_reg[14]
  -------------------------------------------------------------------
                         required time                         11.835    
                         arrival time                          -4.566    
  -------------------------------------------------------------------
                         slack                                  7.269    

Slack (MET) :             7.269ns  (required time - arrival time)
  Source:                 ps_i/proc_sys_reset_0/U0/ACTIVE_LOW_PR_OUT_DFF[0].FDRE_PER_N/C
                            (rising edge-triggered cell FDRE clocked by clk_pl_0  {rise@0.000ns fall@5.000ns period=10.000ns})
  Destination:            u_cve2_core/cf_unit_i/u_scale_accum0/accumulator_s1_reg[2]/CLR
                            (recovery check against rising-edge clock clk_pl_0  {rise@0.000ns fall@5.000ns period=10.000ns})
  Path Group:             **async_default**
  Path Type:              Recovery (Max at Slow Process Corner)
  Requirement:            10.000ns  (clk_pl_0 rise@10.000ns - clk_pl_0 rise@0.000ns)
  Data Path Delay:        2.522ns  (logic 0.107ns (4.243%)  route 2.415ns (95.757%))
  Logic Levels:           1  (BUFGCE=1)
  Clock Path Skew:        -0.013ns (DCD - SCD + CPR)
    Destination Clock Delay (DCD):    1.934ns = ( 11.934 - 10.000 ) 
    Source Clock Delay      (SCD):    2.044ns
    Clock Pessimism Removal (CPR):    0.097ns
  Clock Uncertainty:      0.130ns  ((TSJ^2 + DJ^2)^1/2) / 2 + PE
    Total System Jitter     (TSJ):    0.071ns
    Discrete Jitter          (DJ):    0.250ns
    Phase Error              (PE):    0.000ns
  Clock Net Delay (Source):      1.836ns (routing 0.569ns, distribution 1.267ns)
  Clock Net Delay (Destination): 1.766ns (routing 0.512ns, distribution 1.254ns)

    Location             Delay type                Incr(ns)  Path(ns)    Netlist Resource(s)
  -------------------------------------------------------------------    -------------------
                         (clock clk_pl_0 rise edge)
                                                      0.000     0.000 r  
    PS8_X0Y0             PS8                          0.000     0.000 r  ps_i/zynq_ultra_ps_e_0/inst/PS8_i/PLCLK[0]
                         net (fo=1, routed)           0.180     0.180    ps_i/zynq_ultra_ps_e_0/inst/pl_clk_unbuffered[0]
    BUFG_PS_X0Y80                                                     r  ps_i/zynq_ultra_ps_e_0/inst/buffer_pl_clk_0.PL_CLK_0_BUFG/I
    BUFG_PS_X0Y80        BUFG_PS (Prop_BUFG_PS_I_O)
                                                      0.028     0.208 r  ps_i/zynq_ultra_ps_e_0/inst/buffer_pl_clk_0.PL_CLK_0_BUFG/O
    X1Y2 (CLOCK_ROOT)    net (fo=6797, routed)        1.836     2.044    ps_i/proc_sys_reset_0/U0/slowest_sync_clk
    SLICE_X64Y190        FDRE                                         r  ps_i/proc_sys_reset_0/U0/ACTIVE_LOW_PR_OUT_DFF[0].FDRE_PER_N/C
  -------------------------------------------------------------------    -------------------
    SLICE_X64Y190        FDRE (Prop_EFF2_SLICEM_C_Q)
                                                      0.079     2.123 r  ps_i/proc_sys_reset_0/U0/ACTIVE_LOW_PR_OUT_DFF[0].FDRE_PER_N/Q
                         net (fo=1, routed)           1.102     3.225    ps_i/proc_sys_reset_0/U0/peripheral_aresetn[0]_bufg_place
    BUFGCE_X1Y92                                                      r  ps_i/proc_sys_reset_0/U0/ACTIVE_LOW_PR_OUT_DFF[0].FDRE_PER_N_bufg_place/I
    BUFGCE_X1Y92         BUFGCE (Prop_BUFCE_BUFGCE_I_O)
                                                      0.028     3.253 r  ps_i/proc_sys_reset_0/U0/ACTIVE_LOW_PR_OUT_DFF[0].FDRE_PER_N_bufg_place/O
                         net (fo=4279, routed)        1.313     4.566    u_cve2_core/cf_unit_i/u_scale_accum0/bf16_scaled_s3_reg[sign]_0
    SLICE_X94Y178        FDCE                                         f  u_cve2_core/cf_unit_i/u_scale_accum0/accumulator_s1_reg[2]/CLR  (IS_INVERTED)
  -------------------------------------------------------------------    -------------------

                         (clock clk_pl_0 rise edge)
                                                     10.000    10.000 r  
    PS8_X0Y0             PS8                          0.000    10.000 r  ps_i/zynq_ultra_ps_e_0/inst/PS8_i/PLCLK[0]
                         net (fo=1, routed)           0.143    10.143    ps_i/zynq_ultra_ps_e_0/inst/pl_clk_unbuffered[0]
    BUFG_PS_X0Y80                                                     r  ps_i/zynq_ultra_ps_e_0/inst/buffer_pl_clk_0.PL_CLK_0_BUFG/I
    BUFG_PS_X0Y80        BUFG_PS (Prop_BUFG_PS_I_O)
                                                      0.025    10.168 r  ps_i/zynq_ultra_ps_e_0/inst/buffer_pl_clk_0.PL_CLK_0_BUFG/O
    X1Y2 (CLOCK_ROOT)    net (fo=6797, routed)        1.766    11.934    u_cve2_core/cf_unit_i/u_scale_accum0/pl_clk0
    SLICE_X94Y178        FDCE                                         r  u_cve2_core/cf_unit_i/u_scale_accum0/accumulator_s1_reg[2]/C
                         clock pessimism              0.097    12.031    
                         clock uncertainty           -0.130    11.901    
    SLICE_X94Y178        FDCE (Recov_EFF2_SLICEM_C_CLR)
                                                     -0.066    11.835    u_cve2_core/cf_unit_i/u_scale_accum0/accumulator_s1_reg[2]
  -------------------------------------------------------------------
                         required time                         11.835    
                         arrival time                          -4.566    
  -------------------------------------------------------------------
                         slack                                  7.269    

Slack (MET) :             7.269ns  (required time - arrival time)
  Source:                 ps_i/proc_sys_reset_0/U0/ACTIVE_LOW_PR_OUT_DFF[0].FDRE_PER_N/C
                            (rising edge-triggered cell FDRE clocked by clk_pl_0  {rise@0.000ns fall@5.000ns period=10.000ns})
  Destination:            u_cve2_core/cf_unit_i/u_scale_accum0/accumulator_s1_reg[5]/CLR
                            (recovery check against rising-edge clock clk_pl_0  {rise@0.000ns fall@5.000ns period=10.000ns})
  Path Group:             **async_default**
  Path Type:              Recovery (Max at Slow Process Corner)
  Requirement:            10.000ns  (clk_pl_0 rise@10.000ns - clk_pl_0 rise@0.000ns)
  Data Path Delay:        2.522ns  (logic 0.107ns (4.243%)  route 2.415ns (95.757%))
  Logic Levels:           1  (BUFGCE=1)
  Clock Path Skew:        -0.013ns (DCD - SCD + CPR)
    Destination Clock Delay (DCD):    1.934ns = ( 11.934 - 10.000 ) 
    Source Clock Delay      (SCD):    2.044ns
    Clock Pessimism Removal (CPR):    0.097ns
  Clock Uncertainty:      0.130ns  ((TSJ^2 + DJ^2)^1/2) / 2 + PE
    Total System Jitter     (TSJ):    0.071ns
    Discrete Jitter          (DJ):    0.250ns
    Phase Error              (PE):    0.000ns
  Clock Net Delay (Source):      1.836ns (routing 0.569ns, distribution 1.267ns)
  Clock Net Delay (Destination): 1.766ns (routing 0.512ns, distribution 1.254ns)

    Location             Delay type                Incr(ns)  Path(ns)    Netlist Resource(s)
  -------------------------------------------------------------------    -------------------
                         (clock clk_pl_0 rise edge)
                                                      0.000     0.000 r  
    PS8_X0Y0             PS8                          0.000     0.000 r  ps_i/zynq_ultra_ps_e_0/inst/PS8_i/PLCLK[0]
                         net (fo=1, routed)           0.180     0.180    ps_i/zynq_ultra_ps_e_0/inst/pl_clk_unbuffered[0]
    BUFG_PS_X0Y80                                                     r  ps_i/zynq_ultra_ps_e_0/inst/buffer_pl_clk_0.PL_CLK_0_BUFG/I
    BUFG_PS_X0Y80        BUFG_PS (Prop_BUFG_PS_I_O)
                                                      0.028     0.208 r  ps_i/zynq_ultra_ps_e_0/inst/buffer_pl_clk_0.PL_CLK_0_BUFG/O
    X1Y2 (CLOCK_ROOT)    net (fo=6797, routed)        1.836     2.044    ps_i/proc_sys_reset_0/U0/slowest_sync_clk
    SLICE_X64Y190        FDRE                                         r  ps_i/proc_sys_reset_0/U0/ACTIVE_LOW_PR_OUT_DFF[0].FDRE_PER_N/C
  -------------------------------------------------------------------    -------------------
    SLICE_X64Y190        FDRE (Prop_EFF2_SLICEM_C_Q)
                                                      0.079     2.123 r  ps_i/proc_sys_reset_0/U0/ACTIVE_LOW_PR_OUT_DFF[0].FDRE_PER_N/Q
                         net (fo=1, routed)           1.102     3.225    ps_i/proc_sys_reset_0/U0/peripheral_aresetn[0]_bufg_place
    BUFGCE_X1Y92                                                      r  ps_i/proc_sys_reset_0/U0/ACTIVE_LOW_PR_OUT_DFF[0].FDRE_PER_N_bufg_place/I
    BUFGCE_X1Y92         BUFGCE (Prop_BUFCE_BUFGCE_I_O)
                                                      0.028     3.253 r  ps_i/proc_sys_reset_0/U0/ACTIVE_LOW_PR_OUT_DFF[0].FDRE_PER_N_bufg_place/O
                         net (fo=4279, routed)        1.313     4.566    u_cve2_core/cf_unit_i/u_scale_accum0/bf16_scaled_s3_reg[sign]_0
    SLICE_X94Y178        FDCE                                         f  u_cve2_core/cf_unit_i/u_scale_accum0/accumulator_s1_reg[5]/CLR  (IS_INVERTED)
  -------------------------------------------------------------------    -------------------

                         (clock clk_pl_0 rise edge)
                                                     10.000    10.000 r  
    PS8_X0Y0             PS8                          0.000    10.000 r  ps_i/zynq_ultra_ps_e_0/inst/PS8_i/PLCLK[0]
                         net (fo=1, routed)           0.143    10.143    ps_i/zynq_ultra_ps_e_0/inst/pl_clk_unbuffered[0]
    BUFG_PS_X0Y80                                                     r  ps_i/zynq_ultra_ps_e_0/inst/buffer_pl_clk_0.PL_CLK_0_BUFG/I
    BUFG_PS_X0Y80        BUFG_PS (Prop_BUFG_PS_I_O)
                                                      0.025    10.168 r  ps_i/zynq_ultra_ps_e_0/inst/buffer_pl_clk_0.PL_CLK_0_BUFG/O
    X1Y2 (CLOCK_ROOT)    net (fo=6797, routed)        1.766    11.934    u_cve2_core/cf_unit_i/u_scale_accum0/pl_clk0
    SLICE_X94Y178        FDCE                                         r  u_cve2_core/cf_unit_i/u_scale_accum0/accumulator_s1_reg[5]/C
                         clock pessimism              0.097    12.031    
                         clock uncertainty           -0.130    11.901    
    SLICE_X94Y178        FDCE (Recov_FFF_SLICEM_C_CLR)
                                                     -0.066    11.835    u_cve2_core/cf_unit_i/u_scale_accum0/accumulator_s1_reg[5]
  -------------------------------------------------------------------
                         required time                         11.835    
                         arrival time                          -4.566    
  -------------------------------------------------------------------
                         slack                                  7.269    

Slack (MET) :             7.269ns  (required time - arrival time)
  Source:                 ps_i/proc_sys_reset_0/U0/ACTIVE_LOW_PR_OUT_DFF[0].FDRE_PER_N/C
                            (rising edge-triggered cell FDRE clocked by clk_pl_0  {rise@0.000ns fall@5.000ns period=10.000ns})
  Destination:            u_cve2_core/cf_unit_i/u_scale_accum0/accumulator_s2_reg[2]/CLR
                            (recovery check against rising-edge clock clk_pl_0  {rise@0.000ns fall@5.000ns period=10.000ns})
  Path Group:             **async_default**
  Path Type:              Recovery (Max at Slow Process Corner)
  Requirement:            10.000ns  (clk_pl_0 rise@10.000ns - clk_pl_0 rise@0.000ns)
  Data Path Delay:        2.522ns  (logic 0.107ns (4.243%)  route 2.415ns (95.757%))
  Logic Levels:           1  (BUFGCE=1)
  Clock Path Skew:        -0.013ns (DCD - SCD + CPR)
    Destination Clock Delay (DCD):    1.934ns = ( 11.934 - 10.000 ) 
    Source Clock Delay      (SCD):    2.044ns
    Clock Pessimism Removal (CPR):    0.097ns
  Clock Uncertainty:      0.130ns  ((TSJ^2 + DJ^2)^1/2) / 2 + PE
    Total System Jitter     (TSJ):    0.071ns
    Discrete Jitter          (DJ):    0.250ns
    Phase Error              (PE):    0.000ns
  Clock Net Delay (Source):      1.836ns (routing 0.569ns, distribution 1.267ns)
  Clock Net Delay (Destination): 1.766ns (routing 0.512ns, distribution 1.254ns)

    Location             Delay type                Incr(ns)  Path(ns)    Netlist Resource(s)
  -------------------------------------------------------------------    -------------------
                         (clock clk_pl_0 rise edge)
                                                      0.000     0.000 r  
    PS8_X0Y0             PS8                          0.000     0.000 r  ps_i/zynq_ultra_ps_e_0/inst/PS8_i/PLCLK[0]
                         net (fo=1, routed)           0.180     0.180    ps_i/zynq_ultra_ps_e_0/inst/pl_clk_unbuffered[0]
    BUFG_PS_X0Y80                                                     r  ps_i/zynq_ultra_ps_e_0/inst/buffer_pl_clk_0.PL_CLK_0_BUFG/I
    BUFG_PS_X0Y80        BUFG_PS (Prop_BUFG_PS_I_O)
                                                      0.028     0.208 r  ps_i/zynq_ultra_ps_e_0/inst/buffer_pl_clk_0.PL_CLK_0_BUFG/O
    X1Y2 (CLOCK_ROOT)    net (fo=6797, routed)        1.836     2.044    ps_i/proc_sys_reset_0/U0/slowest_sync_clk
    SLICE_X64Y190        FDRE                                         r  ps_i/proc_sys_reset_0/U0/ACTIVE_LOW_PR_OUT_DFF[0].FDRE_PER_N/C
  -------------------------------------------------------------------    -------------------
    SLICE_X64Y190        FDRE (Prop_EFF2_SLICEM_C_Q)
                                                      0.079     2.123 r  ps_i/proc_sys_reset_0/U0/ACTIVE_LOW_PR_OUT_DFF[0].FDRE_PER_N/Q
                         net (fo=1, routed)           1.102     3.225    ps_i/proc_sys_reset_0/U0/peripheral_aresetn[0]_bufg_place
    BUFGCE_X1Y92                                                      r  ps_i/proc_sys_reset_0/U0/ACTIVE_LOW_PR_OUT_DFF[0].FDRE_PER_N_bufg_place/I
    BUFGCE_X1Y92         BUFGCE (Prop_BUFCE_BUFGCE_I_O)
                                                      0.028     3.253 r  ps_i/proc_sys_reset_0/U0/ACTIVE_LOW_PR_OUT_DFF[0].FDRE_PER_N_bufg_place/O
                         net (fo=4279, routed)        1.313     4.566    u_cve2_core/cf_unit_i/u_scale_accum0/bf16_scaled_s3_reg[sign]_0
    SLICE_X94Y178        FDCE                                         f  u_cve2_core/cf_unit_i/u_scale_accum0/accumulator_s2_reg[2]/CLR  (IS_INVERTED)
  -------------------------------------------------------------------    -------------------

                         (clock clk_pl_0 rise edge)
                                                     10.000    10.000 r  
    PS8_X0Y0             PS8                          0.000    10.000 r  ps_i/zynq_ultra_ps_e_0/inst/PS8_i/PLCLK[0]
                         net (fo=1, routed)           0.143    10.143    ps_i/zynq_ultra_ps_e_0/inst/pl_clk_unbuffered[0]
    BUFG_PS_X0Y80                                                     r  ps_i/zynq_ultra_ps_e_0/inst/buffer_pl_clk_0.PL_CLK_0_BUFG/I
    BUFG_PS_X0Y80        BUFG_PS (Prop_BUFG_PS_I_O)
                                                      0.025    10.168 r  ps_i/zynq_ultra_ps_e_0/inst/buffer_pl_clk_0.PL_CLK_0_BUFG/O
    X1Y2 (CLOCK_ROOT)    net (fo=6797, routed)        1.766    11.934    u_cve2_core/cf_unit_i/u_scale_accum0/pl_clk0
    SLICE_X94Y178        FDCE                                         r  u_cve2_core/cf_unit_i/u_scale_accum0/accumulator_s2_reg[2]/C
                         clock pessimism              0.097    12.031    
                         clock uncertainty           -0.130    11.901    
    SLICE_X94Y178        FDCE (Recov_FFF2_SLICEM_C_CLR)
                                                     -0.066    11.835    u_cve2_core/cf_unit_i/u_scale_accum0/accumulator_s2_reg[2]
  -------------------------------------------------------------------
                         required time                         11.835    
                         arrival time                          -4.566    
  -------------------------------------------------------------------
                         slack                                  7.269    

Slack (MET) :             7.269ns  (required time - arrival time)
  Source:                 ps_i/proc_sys_reset_0/U0/ACTIVE_LOW_PR_OUT_DFF[0].FDRE_PER_N/C
                            (rising edge-triggered cell FDRE clocked by clk_pl_0  {rise@0.000ns fall@5.000ns period=10.000ns})
  Destination:            u_cve2_core/cf_unit_i/u_scale_accum0/accumulator_s2_reg[5]/CLR
                            (recovery check against rising-edge clock clk_pl_0  {rise@0.000ns fall@5.000ns period=10.000ns})
  Path Group:             **async_default**
  Path Type:              Recovery (Max at Slow Process Corner)
  Requirement:            10.000ns  (clk_pl_0 rise@10.000ns - clk_pl_0 rise@0.000ns)
  Data Path Delay:        2.522ns  (logic 0.107ns (4.243%)  route 2.415ns (95.757%))
  Logic Levels:           1  (BUFGCE=1)
  Clock Path Skew:        -0.013ns (DCD - SCD + CPR)
    Destination Clock Delay (DCD):    1.934ns = ( 11.934 - 10.000 ) 
    Source Clock Delay      (SCD):    2.044ns
    Clock Pessimism Removal (CPR):    0.097ns
  Clock Uncertainty:      0.130ns  ((TSJ^2 + DJ^2)^1/2) / 2 + PE
    Total System Jitter     (TSJ):    0.071ns
    Discrete Jitter          (DJ):    0.250ns
    Phase Error              (PE):    0.000ns
  Clock Net Delay (Source):      1.836ns (routing 0.569ns, distribution 1.267ns)
  Clock Net Delay (Destination): 1.766ns (routing 0.512ns, distribution 1.254ns)

    Location             Delay type                Incr(ns)  Path(ns)    Netlist Resource(s)
  -------------------------------------------------------------------    -------------------
                         (clock clk_pl_0 rise edge)
                                                      0.000     0.000 r  
    PS8_X0Y0             PS8                          0.000     0.000 r  ps_i/zynq_ultra_ps_e_0/inst/PS8_i/PLCLK[0]
                         net (fo=1, routed)           0.180     0.180    ps_i/zynq_ultra_ps_e_0/inst/pl_clk_unbuffered[0]
    BUFG_PS_X0Y80                                                     r  ps_i/zynq_ultra_ps_e_0/inst/buffer_pl_clk_0.PL_CLK_0_BUFG/I
    BUFG_PS_X0Y80        BUFG_PS (Prop_BUFG_PS_I_O)
                                                      0.028     0.208 r  ps_i/zynq_ultra_ps_e_0/inst/buffer_pl_clk_0.PL_CLK_0_BUFG/O
    X1Y2 (CLOCK_ROOT)    net (fo=6797, routed)        1.836     2.044    ps_i/proc_sys_reset_0/U0/slowest_sync_clk
    SLICE_X64Y190        FDRE                                         r  ps_i/proc_sys_reset_0/U0/ACTIVE_LOW_PR_OUT_DFF[0].FDRE_PER_N/C
  -------------------------------------------------------------------    -------------------
    SLICE_X64Y190        FDRE (Prop_EFF2_SLICEM_C_Q)
                                                      0.079     2.123 r  ps_i/proc_sys_reset_0/U0/ACTIVE_LOW_PR_OUT_DFF[0].FDRE_PER_N/Q
                         net (fo=1, routed)           1.102     3.225    ps_i/proc_sys_reset_0/U0/peripheral_aresetn[0]_bufg_place
    BUFGCE_X1Y92                                                      r  ps_i/proc_sys_reset_0/U0/ACTIVE_LOW_PR_OUT_DFF[0].FDRE_PER_N_bufg_place/I
    BUFGCE_X1Y92         BUFGCE (Prop_BUFCE_BUFGCE_I_O)
                                                      0.028     3.253 r  ps_i/proc_sys_reset_0/U0/ACTIVE_LOW_PR_OUT_DFF[0].FDRE_PER_N_bufg_place/O
                         net (fo=4279, routed)        1.313     4.566    u_cve2_core/cf_unit_i/u_scale_accum0/bf16_scaled_s3_reg[sign]_0
    SLICE_X94Y178        FDCE                                         f  u_cve2_core/cf_unit_i/u_scale_accum0/accumulator_s2_reg[5]/CLR  (IS_INVERTED)
  -------------------------------------------------------------------    -------------------

                         (clock clk_pl_0 rise edge)
                                                     10.000    10.000 r  
    PS8_X0Y0             PS8                          0.000    10.000 r  ps_i/zynq_ultra_ps_e_0/inst/PS8_i/PLCLK[0]
                         net (fo=1, routed)           0.143    10.143    ps_i/zynq_ultra_ps_e_0/inst/pl_clk_unbuffered[0]
    BUFG_PS_X0Y80                                                     r  ps_i/zynq_ultra_ps_e_0/inst/buffer_pl_clk_0.PL_CLK_0_BUFG/I
    BUFG_PS_X0Y80        BUFG_PS (Prop_BUFG_PS_I_O)
                                                      0.025    10.168 r  ps_i/zynq_ultra_ps_e_0/inst/buffer_pl_clk_0.PL_CLK_0_BUFG/O
    X1Y2 (CLOCK_ROOT)    net (fo=6797, routed)        1.766    11.934    u_cve2_core/cf_unit_i/u_scale_accum0/pl_clk0
    SLICE_X94Y178        FDCE                                         r  u_cve2_core/cf_unit_i/u_scale_accum0/accumulator_s2_reg[5]/C
                         clock pessimism              0.097    12.031    
                         clock uncertainty           -0.130    11.901    
    SLICE_X94Y178        FDCE (Recov_GFF_SLICEM_C_CLR)
                                                     -0.066    11.835    u_cve2_core/cf_unit_i/u_scale_accum0/accumulator_s2_reg[5]
  -------------------------------------------------------------------
                         required time                         11.835    
                         arrival time                          -4.566    
  -------------------------------------------------------------------
                         slack                                  7.269    

Slack (MET) :             7.272ns  (required time - arrival time)
  Source:                 ps_i/proc_sys_reset_0/U0/ACTIVE_LOW_PR_OUT_DFF[0].FDRE_PER_N/C
                            (rising edge-triggered cell FDRE clocked by clk_pl_0  {rise@0.000ns fall@5.000ns period=10.000ns})
  Destination:            u_cve2_core/cf_unit_i/u_accum_bram/wr_data_q_reg[18]/CLR
                            (recovery check against rising-edge clock clk_pl_0  {rise@0.000ns fall@5.000ns period=10.000ns})
  Path Group:             **async_default**
  Path Type:              Recovery (Max at Slow Process Corner)
  Requirement:            10.000ns  (clk_pl_0 rise@10.000ns - clk_pl_0 rise@0.000ns)
  Data Path Delay:        2.519ns  (logic 0.107ns (4.248%)  route 2.412ns (95.752%))
  Logic Levels:           1  (BUFGCE=1)
  Clock Path Skew:        -0.013ns (DCD - SCD + CPR)
    Destination Clock Delay (DCD):    1.934ns = ( 11.934 - 10.000 ) 
    Source Clock Delay      (SCD):    2.044ns
    Clock Pessimism Removal (CPR):    0.097ns
  Clock Uncertainty:      0.130ns  ((TSJ^2 + DJ^2)^1/2) / 2 + PE
    Total System Jitter     (TSJ):    0.071ns
    Discrete Jitter          (DJ):    0.250ns
    Phase Error              (PE):    0.000ns
  Clock Net Delay (Source):      1.836ns (routing 0.569ns, distribution 1.267ns)
  Clock Net Delay (Destination): 1.766ns (routing 0.512ns, distribution 1.254ns)

    Location             Delay type                Incr(ns)  Path(ns)    Netlist Resource(s)
  -------------------------------------------------------------------    -------------------
                         (clock clk_pl_0 rise edge)
                                                      0.000     0.000 r  
    PS8_X0Y0             PS8                          0.000     0.000 r  ps_i/zynq_ultra_ps_e_0/inst/PS8_i/PLCLK[0]
                         net (fo=1, routed)           0.180     0.180    ps_i/zynq_ultra_ps_e_0/inst/pl_clk_unbuffered[0]
    BUFG_PS_X0Y80                                                     r  ps_i/zynq_ultra_ps_e_0/inst/buffer_pl_clk_0.PL_CLK_0_BUFG/I
    BUFG_PS_X0Y80        BUFG_PS (Prop_BUFG_PS_I_O)
                                                      0.028     0.208 r  ps_i/zynq_ultra_ps_e_0/inst/buffer_pl_clk_0.PL_CLK_0_BUFG/O
    X1Y2 (CLOCK_ROOT)    net (fo=6797, routed)        1.836     2.044    ps_i/proc_sys_reset_0/U0/slowest_sync_clk
    SLICE_X64Y190        FDRE                                         r  ps_i/proc_sys_reset_0/U0/ACTIVE_LOW_PR_OUT_DFF[0].FDRE_PER_N/C
  -------------------------------------------------------------------    -------------------
    SLICE_X64Y190        FDRE (Prop_EFF2_SLICEM_C_Q)
                                                      0.079     2.123 r  ps_i/proc_sys_reset_0/U0/ACTIVE_LOW_PR_OUT_DFF[0].FDRE_PER_N/Q
                         net (fo=1, routed)           1.102     3.225    ps_i/proc_sys_reset_0/U0/peripheral_aresetn[0]_bufg_place
    BUFGCE_X1Y92                                                      r  ps_i/proc_sys_reset_0/U0/ACTIVE_LOW_PR_OUT_DFF[0].FDRE_PER_N_bufg_place/I
    BUFGCE_X1Y92         BUFGCE (Prop_BUFCE_BUFGCE_I_O)
                                                      0.028     3.253 r  ps_i/proc_sys_reset_0/U0/ACTIVE_LOW_PR_OUT_DFF[0].FDRE_PER_N_bufg_place/O
                         net (fo=4279, routed)        1.310     4.563    u_cve2_core/cf_unit_i/u_accum_bram/wr_data_q_reg[31]_1
    SLICE_X96Y176        FDCE                                         f  u_cve2_core/cf_unit_i/u_accum_bram/wr_data_q_reg[18]/CLR  (IS_INVERTED)
  -------------------------------------------------------------------    -------------------

                         (clock clk_pl_0 rise edge)
                                                     10.000    10.000 r  
    PS8_X0Y0             PS8                          0.000    10.000 r  ps_i/zynq_ultra_ps_e_0/inst/PS8_i/PLCLK[0]
                         net (fo=1, routed)           0.143    10.143    ps_i/zynq_ultra_ps_e_0/inst/pl_clk_unbuffered[0]
    BUFG_PS_X0Y80                                                     r  ps_i/zynq_ultra_ps_e_0/inst/buffer_pl_clk_0.PL_CLK_0_BUFG/I
    BUFG_PS_X0Y80        BUFG_PS (Prop_BUFG_PS_I_O)
                                                      0.025    10.168 r  ps_i/zynq_ultra_ps_e_0/inst/buffer_pl_clk_0.PL_CLK_0_BUFG/O
    X1Y2 (CLOCK_ROOT)    net (fo=6797, routed)        1.766    11.934    u_cve2_core/cf_unit_i/u_accum_bram/pl_clk0
    SLICE_X96Y176        FDCE                                         r  u_cve2_core/cf_unit_i/u_accum_bram/wr_data_q_reg[18]/C
                         clock pessimism              0.097    12.031    
                         clock uncertainty           -0.130    11.901    
    SLICE_X96Y176        FDCE (Recov_AFF_SLICEM_C_CLR)
                                                     -0.066    11.835    u_cve2_core/cf_unit_i/u_accum_bram/wr_data_q_reg[18]
  -------------------------------------------------------------------
                         required time                         11.835    
                         arrival time                          -4.563    
  -------------------------------------------------------------------
                         slack                                  7.272    





Min Delay Paths
--------------------------------------------------------------------------------------
Slack (MET) :             0.162ns  (arrival time - required time)
  Source:                 ps_i/axi_interconnect_0/s00_couplers/auto_ds/inst/gen_downsizer.gen_simple_downsizer.axi_downsizer_inst/USE_WRITE.write_addr_inst/cmd_queue/inst/fifo_gen_inst/inst_fifo_gen/gconvfifo.rf/grf.rf/rstblk/ngwrdrst.grst.g7serrst.gnsckt_wrst.gcc_rst.sckt_wr_rst_cc_reg[0]/C
                            (rising edge-triggered cell FDRE clocked by clk_pl_0  {rise@0.000ns fall@5.000ns period=10.000ns})
  Destination:            ps_i/axi_interconnect_0/s00_couplers/auto_ds/inst/gen_downsizer.gen_simple_downsizer.axi_downsizer_inst/USE_WRITE.write_addr_inst/cmd_queue/inst/fifo_gen_inst/inst_fifo_gen/gconvfifo.rf/grf.rf/gntv_or_sync_fifo.gl0.wr/wpntr/gcc0.gc0.count_d1_reg[0]/CLR
                            (removal check against rising-edge clock clk_pl_0  {rise@0.000ns fall@5.000ns period=10.000ns})
  Path Group:             **async_default**
  Path Type:              Removal (Min at Fast Process Corner)
  Requirement:            0.000ns  (clk_pl_0 rise@0.000ns - clk_pl_0 rise@0.000ns)
  Data Path Delay:        0.154ns  (logic 0.052ns (33.773%)  route 0.102ns (66.227%))
  Logic Levels:           1  (LUT3=1)
  Clock Path Skew:        0.012ns (DCD - SCD - CPR)
    Destination Clock Delay (DCD):    1.283ns
    Source Clock Delay      (SCD):    1.118ns
    Clock Pessimism Removal (CPR):    0.153ns
  Clock Net Delay (Source):      0.979ns (routing 0.311ns, distribution 0.668ns)
  Clock Net Delay (Destination): 1.111ns (routing 0.352ns, distribution 0.759ns)

    Location             Delay type                Incr(ns)  Path(ns)    Netlist Resource(s)
  -------------------------------------------------------------------    -------------------
                         (clock clk_pl_0 rise edge)
                                                      0.000     0.000 r  
    PS8_X0Y0             PS8                          0.000     0.000 r  ps_i/zynq_ultra_ps_e_0/inst/PS8_i/PLCLK[0]
                         net (fo=1, routed)           0.122     0.122    ps_i/zynq_ultra_ps_e_0/inst/pl_clk_unbuffered[0]
    BUFG_PS_X0Y80                                                     r  ps_i/zynq_ultra_ps_e_0/inst/buffer_pl_clk_0.PL_CLK_0_BUFG/I
    BUFG_PS_X0Y80        BUFG_PS (Prop_BUFG_PS_I_O)
                                                      0.017     0.139 r  ps_i/zynq_ultra_ps_e_0/inst/buffer_pl_clk_0.PL_CLK_0_BUFG/O
    X1Y2 (CLOCK_ROOT)    net (fo=6797, routed)        0.979     1.118    ps_i/axi_interconnect_0/s00_couplers/auto_ds/inst/gen_downsizer.gen_simple_downsizer.axi_downsizer_inst/USE_WRITE.write_addr_inst/cmd_queue/inst/fifo_gen_inst/inst_fifo_gen/gconvfifo.rf/grf.rf/rstblk/clk
    SLICE_X54Y86         FDRE                                         r  ps_i/axi_interconnect_0/s00_couplers/auto_ds/inst/gen_downsizer.gen_simple_downsizer.axi_downsizer_inst/USE_WRITE.write_addr_inst/cmd_queue/inst/fifo_gen_inst/inst_fifo_gen/gconvfifo.rf/grf.rf/rstblk/ngwrdrst.grst.g7serrst.gnsckt_wrst.gcc_rst.sckt_wr_rst_cc_reg[0]/C
  -------------------------------------------------------------------    -------------------
    SLICE_X54Y86         FDRE (Prop_AFF_SLICEM_C_Q)
                                                      0.038     1.156 f  ps_i/axi_interconnect_0/s00_couplers/auto_ds/inst/gen_downsizer.gen_simple_downsizer.axi_downsizer_inst/USE_WRITE.write_addr_inst/cmd_queue/inst/fifo_gen_inst/inst_fifo_gen/gconvfifo.rf/grf.rf/rstblk/ngwrdrst.grst.g7serrst.gnsckt_wrst.gcc_rst.sckt_wr_rst_cc_reg[0]/Q
                         net (fo=3, routed)           0.029     1.185    ps_i/axi_interconnect_0/s00_couplers/auto_ds/inst/gen_downsizer.gen_simple_downsizer.axi_downsizer_inst/USE_WRITE.write_addr_inst/cmd_queue/inst/fifo_gen_inst/inst_fifo_gen/gconvfifo.rf/grf.rf/rstblk/ngwrdrst.grst.g7serrst.gnsckt_wrst.gcc_rst.sckt_wr_rst_cc[0]
    SLICE_X54Y86                                                      f  ps_i/axi_interconnect_0/s00_couplers/auto_ds/inst/gen_downsizer.gen_simple_downsizer.axi_downsizer_inst/USE_WRITE.write_addr_inst/cmd_queue/inst/fifo_gen_inst/inst_fifo_gen/gconvfifo.rf/grf.rf/rstblk/gpregsm1.curr_fwft_state[1]_i_2/I1
    SLICE_X54Y86         LUT3 (Prop_E6LUT_SLICEM_I1_O)
                                                      0.014     1.199 f  ps_i/axi_interconnect_0/s00_couplers/auto_ds/inst/gen_downsizer.gen_simple_downsizer.axi_downsizer_inst/USE_WRITE.write_addr_inst/cmd_queue/inst/fifo_gen_inst/inst_fifo_gen/gconvfifo.rf/grf.rf/rstblk/gpregsm1.curr_fwft_state[1]_i_2/O
                         net (fo=32, routed)          0.073     1.272    ps_i/axi_interconnect_0/s00_couplers/auto_ds/inst/gen_downsizer.gen_simple_downsizer.axi_downsizer_inst/USE_WRITE.write_addr_inst/cmd_queue/inst/fifo_gen_inst/inst_fifo_gen/gconvfifo.rf/grf.rf/gntv_or_sync_fifo.gl0.wr/wpntr/AR[0]
    SLICE_X55Y86         FDCE                                         f  ps_i/axi_interconnect_0/s00_couplers/auto_ds/inst/gen_downsizer.gen_simple_downsizer.axi_downsizer_inst/USE_WRITE.write_addr_inst/cmd_queue/inst/fifo_gen_inst/inst_fifo_gen/gconvfifo.rf/grf.rf/gntv_or_sync_fifo.gl0.wr/wpntr/gcc0.gc0.count_d1_reg[0]/CLR
  -------------------------------------------------------------------    -------------------

                         (clock clk_pl_0 rise edge)
                                                      0.000     0.000 r  
    PS8_X0Y0             PS8                          0.000     0.000 r  ps_i/zynq_ultra_ps_e_0/inst/PS8_i/PLCLK[0]
                         net (fo=1, routed)           0.154     0.154    ps_i/zynq_ultra_ps_e_0/inst/pl_clk_unbuffered[0]
    BUFG_PS_X0Y80                                                     r  ps_i/zynq_ultra_ps_e_0/inst/buffer_pl_clk_0.PL_CLK_0_BUFG/I
    BUFG_PS_X0Y80        BUFG_PS (Prop_BUFG_PS_I_O)
                                                      0.018     0.172 r  ps_i/zynq_ultra_ps_e_0/inst/buffer_pl_clk_0.PL_CLK_0_BUFG/O
    X1Y2 (CLOCK_ROOT)    net (fo=6797, routed)        1.111     1.283    ps_i/axi_interconnect_0/s00_couplers/auto_ds/inst/gen_downsizer.gen_simple_downsizer.axi_downsizer_inst/USE_WRITE.write_addr_inst/cmd_queue/inst/fifo_gen_inst/inst_fifo_gen/gconvfifo.rf/grf.rf/gntv_or_sync_fifo.gl0.wr/wpntr/clk
    SLICE_X55Y86         FDCE                                         r  ps_i/axi_interconnect_0/s00_couplers/auto_ds/inst/gen_downsizer.gen_simple_downsizer.axi_downsizer_inst/USE_WRITE.write_addr_inst/cmd_queue/inst/fifo_gen_inst/inst_fifo_gen/gconvfifo.rf/grf.rf/gntv_or_sync_fifo.gl0.wr/wpntr/gcc0.gc0.count_d1_reg[0]/C
                         clock pessimism             -0.153     1.130    
    SLICE_X55Y86         FDCE (Remov_EFF_SLICEL_C_CLR)
                                                     -0.020     1.110    ps_i/axi_interconnect_0/s00_couplers/auto_ds/inst/gen_downsizer.gen_simple_downsizer.axi_downsizer_inst/USE_WRITE.write_addr_inst/cmd_queue/inst/fifo_gen_inst/inst_fifo_gen/gconvfifo.rf/grf.rf/gntv_or_sync_fifo.gl0.wr/wpntr/gcc0.gc0.count_d1_reg[0]
  -------------------------------------------------------------------
                         required time                         -1.110    
                         arrival time                           1.272    
  -------------------------------------------------------------------
                         slack                                  0.162    

Slack (MET) :             0.162ns  (arrival time - required time)
  Source:                 ps_i/axi_interconnect_0/s00_couplers/auto_ds/inst/gen_downsizer.gen_simple_downsizer.axi_downsizer_inst/USE_WRITE.write_addr_inst/cmd_queue/inst/fifo_gen_inst/inst_fifo_gen/gconvfifo.rf/grf.rf/rstblk/ngwrdrst.grst.g7serrst.gnsckt_wrst.gcc_rst.sckt_wr_rst_cc_reg[0]/C
                            (rising edge-triggered cell FDRE clocked by clk_pl_0  {rise@0.000ns fall@5.000ns period=10.000ns})
  Destination:            ps_i/axi_interconnect_0/s00_couplers/auto_ds/inst/gen_downsizer.gen_simple_downsizer.axi_downsizer_inst/USE_WRITE.write_addr_inst/cmd_queue/inst/fifo_gen_inst/inst_fifo_gen/gconvfifo.rf/grf.rf/gntv_or_sync_fifo.gl0.wr/wpntr/gcc0.gc0.count_d1_reg[1]/CLR
                            (removal check against rising-edge clock clk_pl_0  {rise@0.000ns fall@5.000ns period=10.000ns})
  Path Group:             **async_default**
  Path Type:              Removal (Min at Fast Process Corner)
  Requirement:            0.000ns  (clk_pl_0 rise@0.000ns - clk_pl_0 rise@0.000ns)
  Data Path Delay:        0.154ns  (logic 0.052ns (33.773%)  route 0.102ns (66.227%))
  Logic Levels:           1  (LUT3=1)
  Clock Path Skew:        0.012ns (DCD - SCD - CPR)
    Destination Clock Delay (DCD):    1.283ns
    Source Clock Delay      (SCD):    1.118ns
    Clock Pessimism Removal (CPR):    0.153ns
  Clock Net Delay (Source):      0.979ns (routing 0.311ns, distribution 0.668ns)
  Clock Net Delay (Destination): 1.111ns (routing 0.352ns, distribution 0.759ns)

    Location             Delay type                Incr(ns)  Path(ns)    Netlist Resource(s)
  -------------------------------------------------------------------    -------------------
                         (clock clk_pl_0 rise edge)
                                                      0.000     0.000 r  
    PS8_X0Y0             PS8                          0.000     0.000 r  ps_i/zynq_ultra_ps_e_0/inst/PS8_i/PLCLK[0]
                         net (fo=1, routed)           0.122     0.122    ps_i/zynq_ultra_ps_e_0/inst/pl_clk_unbuffered[0]
    BUFG_PS_X0Y80                                                     r  ps_i/zynq_ultra_ps_e_0/inst/buffer_pl_clk_0.PL_CLK_0_BUFG/I
    BUFG_PS_X0Y80        BUFG_PS (Prop_BUFG_PS_I_O)
                                                      0.017     0.139 r  ps_i/zynq_ultra_ps_e_0/inst/buffer_pl_clk_0.PL_CLK_0_BUFG/O
    X1Y2 (CLOCK_ROOT)    net (fo=6797, routed)        0.979     1.118    ps_i/axi_interconnect_0/s00_couplers/auto_ds/inst/gen_downsizer.gen_simple_downsizer.axi_downsizer_inst/USE_WRITE.write_addr_inst/cmd_queue/inst/fifo_gen_inst/inst_fifo_gen/gconvfifo.rf/grf.rf/rstblk/clk
    SLICE_X54Y86         FDRE                                         r  ps_i/axi_interconnect_0/s00_couplers/auto_ds/inst/gen_downsizer.gen_simple_downsizer.axi_downsizer_inst/USE_WRITE.write_addr_inst/cmd_queue/inst/fifo_gen_inst/inst_fifo_gen/gconvfifo.rf/grf.rf/rstblk/ngwrdrst.grst.g7serrst.gnsckt_wrst.gcc_rst.sckt_wr_rst_cc_reg[0]/C
  -------------------------------------------------------------------    -------------------
    SLICE_X54Y86         FDRE (Prop_AFF_SLICEM_C_Q)
                                                      0.038     1.156 f  ps_i/axi_interconnect_0/s00_couplers/auto_ds/inst/gen_downsizer.gen_simple_downsizer.axi_downsizer_inst/USE_WRITE.write_addr_inst/cmd_queue/inst/fifo_gen_inst/inst_fifo_gen/gconvfifo.rf/grf.rf/rstblk/ngwrdrst.grst.g7serrst.gnsckt_wrst.gcc_rst.sckt_wr_rst_cc_reg[0]/Q
                         net (fo=3, routed)           0.029     1.185    ps_i/axi_interconnect_0/s00_couplers/auto_ds/inst/gen_downsizer.gen_simple_downsizer.axi_downsizer_inst/USE_WRITE.write_addr_inst/cmd_queue/inst/fifo_gen_inst/inst_fifo_gen/gconvfifo.rf/grf.rf/rstblk/ngwrdrst.grst.g7serrst.gnsckt_wrst.gcc_rst.sckt_wr_rst_cc[0]
    SLICE_X54Y86                                                      f  ps_i/axi_interconnect_0/s00_couplers/auto_ds/inst/gen_downsizer.gen_simple_downsizer.axi_downsizer_inst/USE_WRITE.write_addr_inst/cmd_queue/inst/fifo_gen_inst/inst_fifo_gen/gconvfifo.rf/grf.rf/rstblk/gpregsm1.curr_fwft_state[1]_i_2/I1
    SLICE_X54Y86         LUT3 (Prop_E6LUT_SLICEM_I1_O)
                                                      0.014     1.199 f  ps_i/axi_interconnect_0/s00_couplers/auto_ds/inst/gen_downsizer.gen_simple_downsizer.axi_downsizer_inst/USE_WRITE.write_addr_inst/cmd_queue/inst/fifo_gen_inst/inst_fifo_gen/gconvfifo.rf/grf.rf/rstblk/gpregsm1.curr_fwft_state[1]_i_2/O
                         net (fo=32, routed)          0.073     1.272    ps_i/axi_interconnect_0/s00_couplers/auto_ds/inst/gen_downsizer.gen_simple_downsizer.axi_downsizer_inst/USE_WRITE.write_addr_inst/cmd_queue/inst/fifo_gen_inst/inst_fifo_gen/gconvfifo.rf/grf.rf/gntv_or_sync_fifo.gl0.wr/wpntr/AR[0]
    SLICE_X55Y86         FDCE                                         f  ps_i/axi_interconnect_0/s00_couplers/auto_ds/inst/gen_downsizer.gen_simple_downsizer.axi_downsizer_inst/USE_WRITE.write_addr_inst/cmd_queue/inst/fifo_gen_inst/inst_fifo_gen/gconvfifo.rf/grf.rf/gntv_or_sync_fifo.gl0.wr/wpntr/gcc0.gc0.count_d1_reg[1]/CLR
  -------------------------------------------------------------------    -------------------

                         (clock clk_pl_0 rise edge)
                                                      0.000     0.000 r  
    PS8_X0Y0             PS8                          0.000     0.000 r  ps_i/zynq_ultra_ps_e_0/inst/PS8_i/PLCLK[0]
                         net (fo=1, routed)           0.154     0.154    ps_i/zynq_ultra_ps_e_0/inst/pl_clk_unbuffered[0]
    BUFG_PS_X0Y80                                                     r  ps_i/zynq_ultra_ps_e_0/inst/buffer_pl_clk_0.PL_CLK_0_BUFG/I
    BUFG_PS_X0Y80        BUFG_PS (Prop_BUFG_PS_I_O)
                                                      0.018     0.172 r  ps_i/zynq_ultra_ps_e_0/inst/buffer_pl_clk_0.PL_CLK_0_BUFG/O
    X1Y2 (CLOCK_ROOT)    net (fo=6797, routed)        1.111     1.283    ps_i/axi_interconnect_0/s00_couplers/auto_ds/inst/gen_downsizer.gen_simple_downsizer.axi_downsizer_inst/USE_WRITE.write_addr_inst/cmd_queue/inst/fifo_gen_inst/inst_fifo_gen/gconvfifo.rf/grf.rf/gntv_or_sync_fifo.gl0.wr/wpntr/clk
    SLICE_X55Y86         FDCE                                         r  ps_i/axi_interconnect_0/s00_couplers/auto_ds/inst/gen_downsizer.gen_simple_downsizer.axi_downsizer_inst/USE_WRITE.write_addr_inst/cmd_queue/inst/fifo_gen_inst/inst_fifo_gen/gconvfifo.rf/grf.rf/gntv_or_sync_fifo.gl0.wr/wpntr/gcc0.gc0.count_d1_reg[1]/C
                         clock pessimism             -0.153     1.130    
    SLICE_X55Y86         FDCE (Remov_EFF2_SLICEL_C_CLR)
                                                     -0.020     1.110    ps_i/axi_interconnect_0/s00_couplers/auto_ds/inst/gen_downsizer.gen_simple_downsizer.axi_downsizer_inst/USE_WRITE.write_addr_inst/cmd_queue/inst/fifo_gen_inst/inst_fifo_gen/gconvfifo.rf/grf.rf/gntv_or_sync_fifo.gl0.wr/wpntr/gcc0.gc0.count_d1_reg[1]
  -------------------------------------------------------------------
                         required time                         -1.110    
                         arrival time                           1.272    
  -------------------------------------------------------------------
                         slack                                  0.162    

Slack (MET) :             0.162ns  (arrival time - required time)
  Source:                 ps_i/axi_interconnect_0/s00_couplers/auto_ds/inst/gen_downsizer.gen_simple_downsizer.axi_downsizer_inst/USE_WRITE.write_addr_inst/cmd_queue/inst/fifo_gen_inst/inst_fifo_gen/gconvfifo.rf/grf.rf/rstblk/ngwrdrst.grst.g7serrst.gnsckt_wrst.gcc_rst.sckt_wr_rst_cc_reg[0]/C
                            (rising edge-triggered cell FDRE clocked by clk_pl_0  {rise@0.000ns fall@5.000ns period=10.000ns})
  Destination:            ps_i/axi_interconnect_0/s00_couplers/auto_ds/inst/gen_downsizer.gen_simple_downsizer.axi_downsizer_inst/USE_WRITE.write_addr_inst/cmd_queue/inst/fifo_gen_inst/inst_fifo_gen/gconvfifo.rf/grf.rf/gntv_or_sync_fifo.gl0.wr/wpntr/gcc0.gc0.count_d1_reg[2]/CLR
                            (removal check against rising-edge clock clk_pl_0  {rise@0.000ns fall@5.000ns period=10.000ns})
  Path Group:             **async_default**
  Path Type:              Removal (Min at Fast Process Corner)
  Requirement:            0.000ns  (clk_pl_0 rise@0.000ns - clk_pl_0 rise@0.000ns)
  Data Path Delay:        0.154ns  (logic 0.052ns (33.773%)  route 0.102ns (66.227%))
  Logic Levels:           1  (LUT3=1)
  Clock Path Skew:        0.012ns (DCD - SCD - CPR)
    Destination Clock Delay (DCD):    1.283ns
    Source Clock Delay      (SCD):    1.118ns
    Clock Pessimism Removal (CPR):    0.153ns
  Clock Net Delay (Source):      0.979ns (routing 0.311ns, distribution 0.668ns)
  Clock Net Delay (Destination): 1.111ns (routing 0.352ns, distribution 0.759ns)

    Location             Delay type                Incr(ns)  Path(ns)    Netlist Resource(s)
  -------------------------------------------------------------------    -------------------
                         (clock clk_pl_0 rise edge)
                                                      0.000     0.000 r  
    PS8_X0Y0             PS8                          0.000     0.000 r  ps_i/zynq_ultra_ps_e_0/inst/PS8_i/PLCLK[0]
                         net (fo=1, routed)           0.122     0.122    ps_i/zynq_ultra_ps_e_0/inst/pl_clk_unbuffered[0]
    BUFG_PS_X0Y80                                                     r  ps_i/zynq_ultra_ps_e_0/inst/buffer_pl_clk_0.PL_CLK_0_BUFG/I
    BUFG_PS_X0Y80        BUFG_PS (Prop_BUFG_PS_I_O)
                                                      0.017     0.139 r  ps_i/zynq_ultra_ps_e_0/inst/buffer_pl_clk_0.PL_CLK_0_BUFG/O
    X1Y2 (CLOCK_ROOT)    net (fo=6797, routed)        0.979     1.118    ps_i/axi_interconnect_0/s00_couplers/auto_ds/inst/gen_downsizer.gen_simple_downsizer.axi_downsizer_inst/USE_WRITE.write_addr_inst/cmd_queue/inst/fifo_gen_inst/inst_fifo_gen/gconvfifo.rf/grf.rf/rstblk/clk
    SLICE_X54Y86         FDRE                                         r  ps_i/axi_interconnect_0/s00_couplers/auto_ds/inst/gen_downsizer.gen_simple_downsizer.axi_downsizer_inst/USE_WRITE.write_addr_inst/cmd_queue/inst/fifo_gen_inst/inst_fifo_gen/gconvfifo.rf/grf.rf/rstblk/ngwrdrst.grst.g7serrst.gnsckt_wrst.gcc_rst.sckt_wr_rst_cc_reg[0]/C
  -------------------------------------------------------------------    -------------------
    SLICE_X54Y86         FDRE (Prop_AFF_SLICEM_C_Q)
                                                      0.038     1.156 f  ps_i/axi_interconnect_0/s00_couplers/auto_ds/inst/gen_downsizer.gen_simple_downsizer.axi_downsizer_inst/USE_WRITE.write_addr_inst/cmd_queue/inst/fifo_gen_inst/inst_fifo_gen/gconvfifo.rf/grf.rf/rstblk/ngwrdrst.grst.g7serrst.gnsckt_wrst.gcc_rst.sckt_wr_rst_cc_reg[0]/Q
                         net (fo=3, routed)           0.029     1.185    ps_i/axi_interconnect_0/s00_couplers/auto_ds/inst/gen_downsizer.gen_simple_downsizer.axi_downsizer_inst/USE_WRITE.write_addr_inst/cmd_queue/inst/fifo_gen_inst/inst_fifo_gen/gconvfifo.rf/grf.rf/rstblk/ngwrdrst.grst.g7serrst.gnsckt_wrst.gcc_rst.sckt_wr_rst_cc[0]
    SLICE_X54Y86                                                      f  ps_i/axi_interconnect_0/s00_couplers/auto_ds/inst/gen_downsizer.gen_simple_downsizer.axi_downsizer_inst/USE_WRITE.write_addr_inst/cmd_queue/inst/fifo_gen_inst/inst_fifo_gen/gconvfifo.rf/grf.rf/rstblk/gpregsm1.curr_fwft_state[1]_i_2/I1
    SLICE_X54Y86         LUT3 (Prop_E6LUT_SLICEM_I1_O)
                                                      0.014     1.199 f  ps_i/axi_interconnect_0/s00_couplers/auto_ds/inst/gen_downsizer.gen_simple_downsizer.axi_downsizer_inst/USE_WRITE.write_addr_inst/cmd_queue/inst/fifo_gen_inst/inst_fifo_gen/gconvfifo.rf/grf.rf/rstblk/gpregsm1.curr_fwft_state[1]_i_2/O
                         net (fo=32, routed)          0.073     1.272    ps_i/axi_interconnect_0/s00_couplers/auto_ds/inst/gen_downsizer.gen_simple_downsizer.axi_downsizer_inst/USE_WRITE.write_addr_inst/cmd_queue/inst/fifo_gen_inst/inst_fifo_gen/gconvfifo.rf/grf.rf/gntv_or_sync_fifo.gl0.wr/wpntr/AR[0]
    SLICE_X55Y86         FDCE                                         f  ps_i/axi_interconnect_0/s00_couplers/auto_ds/inst/gen_downsizer.gen_simple_downsizer.axi_downsizer_inst/USE_WRITE.write_addr_inst/cmd_queue/inst/fifo_gen_inst/inst_fifo_gen/gconvfifo.rf/grf.rf/gntv_or_sync_fifo.gl0.wr/wpntr/gcc0.gc0.count_d1_reg[2]/CLR
  -------------------------------------------------------------------    -------------------

                         (clock clk_pl_0 rise edge)
                                                      0.000     0.000 r  
    PS8_X0Y0             PS8                          0.000     0.000 r  ps_i/zynq_ultra_ps_e_0/inst/PS8_i/PLCLK[0]
                         net (fo=1, routed)           0.154     0.154    ps_i/zynq_ultra_ps_e_0/inst/pl_clk_unbuffered[0]
    BUFG_PS_X0Y80                                                     r  ps_i/zynq_ultra_ps_e_0/inst/buffer_pl_clk_0.PL_CLK_0_BUFG/I
    BUFG_PS_X0Y80        BUFG_PS (Prop_BUFG_PS_I_O)
                                                      0.018     0.172 r  ps_i/zynq_ultra_ps_e_0/inst/buffer_pl_clk_0.PL_CLK_0_BUFG/O
    X1Y2 (CLOCK_ROOT)    net (fo=6797, routed)        1.111     1.283    ps_i/axi_interconnect_0/s00_couplers/auto_ds/inst/gen_downsizer.gen_simple_downsizer.axi_downsizer_inst/USE_WRITE.write_addr_inst/cmd_queue/inst/fifo_gen_inst/inst_fifo_gen/gconvfifo.rf/grf.rf/gntv_or_sync_fifo.gl0.wr/wpntr/clk
    SLICE_X55Y86         FDCE                                         r  ps_i/axi_interconnect_0/s00_couplers/auto_ds/inst/gen_downsizer.gen_simple_downsizer.axi_downsizer_inst/USE_WRITE.write_addr_inst/cmd_queue/inst/fifo_gen_inst/inst_fifo_gen/gconvfifo.rf/grf.rf/gntv_or_sync_fifo.gl0.wr/wpntr/gcc0.gc0.count_d1_reg[2]/C
                         clock pessimism             -0.153     1.130    
    SLICE_X55Y86         FDCE (Remov_FFF_SLICEL_C_CLR)
                                                     -0.020     1.110    ps_i/axi_interconnect_0/s00_couplers/auto_ds/inst/gen_downsizer.gen_simple_downsizer.axi_downsizer_inst/USE_WRITE.write_addr_inst/cmd_queue/inst/fifo_gen_inst/inst_fifo_gen/gconvfifo.rf/grf.rf/gntv_or_sync_fifo.gl0.wr/wpntr/gcc0.gc0.count_d1_reg[2]
  -------------------------------------------------------------------
                         required time                         -1.110    
                         arrival time                           1.272    
  -------------------------------------------------------------------
                         slack                                  0.162    

Slack (MET) :             0.162ns  (arrival time - required time)
  Source:                 ps_i/axi_interconnect_0/s00_couplers/auto_ds/inst/gen_downsizer.gen_simple_downsizer.axi_downsizer_inst/USE_WRITE.write_addr_inst/cmd_queue/inst/fifo_gen_inst/inst_fifo_gen/gconvfifo.rf/grf.rf/rstblk/ngwrdrst.grst.g7serrst.gnsckt_wrst.gcc_rst.sckt_wr_rst_cc_reg[0]/C
                            (rising edge-triggered cell FDRE clocked by clk_pl_0  {rise@0.000ns fall@5.000ns period=10.000ns})
  Destination:            ps_i/axi_interconnect_0/s00_couplers/auto_ds/inst/gen_downsizer.gen_simple_downsizer.axi_downsizer_inst/USE_WRITE.write_addr_inst/cmd_queue/inst/fifo_gen_inst/inst_fifo_gen/gconvfifo.rf/grf.rf/gntv_or_sync_fifo.gl0.wr/wpntr/gcc0.gc0.count_d1_reg[3]/CLR
                            (removal check against rising-edge clock clk_pl_0  {rise@0.000ns fall@5.000ns period=10.000ns})
  Path Group:             **async_default**
  Path Type:              Removal (Min at Fast Process Corner)
  Requirement:            0.000ns  (clk_pl_0 rise@0.000ns - clk_pl_0 rise@0.000ns)
  Data Path Delay:        0.154ns  (logic 0.052ns (33.773%)  route 0.102ns (66.227%))
  Logic Levels:           1  (LUT3=1)
  Clock Path Skew:        0.012ns (DCD - SCD - CPR)
    Destination Clock Delay (DCD):    1.283ns
    Source Clock Delay      (SCD):    1.118ns
    Clock Pessimism Removal (CPR):    0.153ns
  Clock Net Delay (Source):      0.979ns (routing 0.311ns, distribution 0.668ns)
  Clock Net Delay (Destination): 1.111ns (routing 0.352ns, distribution 0.759ns)

    Location             Delay type                Incr(ns)  Path(ns)    Netlist Resource(s)
  -------------------------------------------------------------------    -------------------
                         (clock clk_pl_0 rise edge)
                                                      0.000     0.000 r  
    PS8_X0Y0             PS8                          0.000     0.000 r  ps_i/zynq_ultra_ps_e_0/inst/PS8_i/PLCLK[0]
                         net (fo=1, routed)           0.122     0.122    ps_i/zynq_ultra_ps_e_0/inst/pl_clk_unbuffered[0]
    BUFG_PS_X0Y80                                                     r  ps_i/zynq_ultra_ps_e_0/inst/buffer_pl_clk_0.PL_CLK_0_BUFG/I
    BUFG_PS_X0Y80        BUFG_PS (Prop_BUFG_PS_I_O)
                                                      0.017     0.139 r  ps_i/zynq_ultra_ps_e_0/inst/buffer_pl_clk_0.PL_CLK_0_BUFG/O
    X1Y2 (CLOCK_ROOT)    net (fo=6797, routed)        0.979     1.118    ps_i/axi_interconnect_0/s00_couplers/auto_ds/inst/gen_downsizer.gen_simple_downsizer.axi_downsizer_inst/USE_WRITE.write_addr_inst/cmd_queue/inst/fifo_gen_inst/inst_fifo_gen/gconvfifo.rf/grf.rf/rstblk/clk
    SLICE_X54Y86         FDRE                                         r  ps_i/axi_interconnect_0/s00_couplers/auto_ds/inst/gen_downsizer.gen_simple_downsizer.axi_downsizer_inst/USE_WRITE.write_addr_inst/cmd_queue/inst/fifo_gen_inst/inst_fifo_gen/gconvfifo.rf/grf.rf/rstblk/ngwrdrst.grst.g7serrst.gnsckt_wrst.gcc_rst.sckt_wr_rst_cc_reg[0]/C
  -------------------------------------------------------------------    -------------------
    SLICE_X54Y86         FDRE (Prop_AFF_SLICEM_C_Q)
                                                      0.038     1.156 f  ps_i/axi_interconnect_0/s00_couplers/auto_ds/inst/gen_downsizer.gen_simple_downsizer.axi_downsizer_inst/USE_WRITE.write_addr_inst/cmd_queue/inst/fifo_gen_inst/inst_fifo_gen/gconvfifo.rf/grf.rf/rstblk/ngwrdrst.grst.g7serrst.gnsckt_wrst.gcc_rst.sckt_wr_rst_cc_reg[0]/Q
                         net (fo=3, routed)           0.029     1.185    ps_i/axi_interconnect_0/s00_couplers/auto_ds/inst/gen_downsizer.gen_simple_downsizer.axi_downsizer_inst/USE_WRITE.write_addr_inst/cmd_queue/inst/fifo_gen_inst/inst_fifo_gen/gconvfifo.rf/grf.rf/rstblk/ngwrdrst.grst.g7serrst.gnsckt_wrst.gcc_rst.sckt_wr_rst_cc[0]
    SLICE_X54Y86                                                      f  ps_i/axi_interconnect_0/s00_couplers/auto_ds/inst/gen_downsizer.gen_simple_downsizer.axi_downsizer_inst/USE_WRITE.write_addr_inst/cmd_queue/inst/fifo_gen_inst/inst_fifo_gen/gconvfifo.rf/grf.rf/rstblk/gpregsm1.curr_fwft_state[1]_i_2/I1
    SLICE_X54Y86         LUT3 (Prop_E6LUT_SLICEM_I1_O)
                                                      0.014     1.199 f  ps_i/axi_interconnect_0/s00_couplers/auto_ds/inst/gen_downsizer.gen_simple_downsizer.axi_downsizer_inst/USE_WRITE.write_addr_inst/cmd_queue/inst/fifo_gen_inst/inst_fifo_gen/gconvfifo.rf/grf.rf/rstblk/gpregsm1.curr_fwft_state[1]_i_2/O
                         net (fo=32, routed)          0.073     1.272    ps_i/axi_interconnect_0/s00_couplers/auto_ds/inst/gen_downsizer.gen_simple_downsizer.axi_downsizer_inst/USE_WRITE.write_addr_inst/cmd_queue/inst/fifo_gen_inst/inst_fifo_gen/gconvfifo.rf/grf.rf/gntv_or_sync_fifo.gl0.wr/wpntr/AR[0]
    SLICE_X55Y86         FDCE                                         f  ps_i/axi_interconnect_0/s00_couplers/auto_ds/inst/gen_downsizer.gen_simple_downsizer.axi_downsizer_inst/USE_WRITE.write_addr_inst/cmd_queue/inst/fifo_gen_inst/inst_fifo_gen/gconvfifo.rf/grf.rf/gntv_or_sync_fifo.gl0.wr/wpntr/gcc0.gc0.count_d1_reg[3]/CLR
  -------------------------------------------------------------------    -------------------

                         (clock clk_pl_0 rise edge)
                                                      0.000     0.000 r  
    PS8_X0Y0             PS8                          0.000     0.000 r  ps_i/zynq_ultra_ps_e_0/inst/PS8_i/PLCLK[0]
                         net (fo=1, routed)           0.154     0.154    ps_i/zynq_ultra_ps_e_0/inst/pl_clk_unbuffered[0]
    BUFG_PS_X0Y80                                                     r  ps_i/zynq_ultra_ps_e_0/inst/buffer_pl_clk_0.PL_CLK_0_BUFG/I
    BUFG_PS_X0Y80        BUFG_PS (Prop_BUFG_PS_I_O)
                                                      0.018     0.172 r  ps_i/zynq_ultra_ps_e_0/inst/buffer_pl_clk_0.PL_CLK_0_BUFG/O
    X1Y2 (CLOCK_ROOT)    net (fo=6797, routed)        1.111     1.283    ps_i/axi_interconnect_0/s00_couplers/auto_ds/inst/gen_downsizer.gen_simple_downsizer.axi_downsizer_inst/USE_WRITE.write_addr_inst/cmd_queue/inst/fifo_gen_inst/inst_fifo_gen/gconvfifo.rf/grf.rf/gntv_or_sync_fifo.gl0.wr/wpntr/clk
    SLICE_X55Y86         FDCE                                         r  ps_i/axi_interconnect_0/s00_couplers/auto_ds/inst/gen_downsizer.gen_simple_downsizer.axi_downsizer_inst/USE_WRITE.write_addr_inst/cmd_queue/inst/fifo_gen_inst/inst_fifo_gen/gconvfifo.rf/grf.rf/gntv_or_sync_fifo.gl0.wr/wpntr/gcc0.gc0.count_d1_reg[3]/C
                         clock pessimism             -0.153     1.130    
    SLICE_X55Y86         FDCE (Remov_FFF2_SLICEL_C_CLR)
                                                     -0.020     1.110    ps_i/axi_interconnect_0/s00_couplers/auto_ds/inst/gen_downsizer.gen_simple_downsizer.axi_downsizer_inst/USE_WRITE.write_addr_inst/cmd_queue/inst/fifo_gen_inst/inst_fifo_gen/gconvfifo.rf/grf.rf/gntv_or_sync_fifo.gl0.wr/wpntr/gcc0.gc0.count_d1_reg[3]
  -------------------------------------------------------------------
                         required time                         -1.110    
                         arrival time                           1.272    
  -------------------------------------------------------------------
                         slack                                  0.162    

Slack (MET) :             0.162ns  (arrival time - required time)
  Source:                 ps_i/axi_interconnect_0/s00_couplers/auto_ds/inst/gen_downsizer.gen_simple_downsizer.axi_downsizer_inst/USE_WRITE.write_addr_inst/cmd_queue/inst/fifo_gen_inst/inst_fifo_gen/gconvfifo.rf/grf.rf/rstblk/ngwrdrst.grst.g7serrst.gnsckt_wrst.gcc_rst.sckt_wr_rst_cc_reg[0]/C
                            (rising edge-triggered cell FDRE clocked by clk_pl_0  {rise@0.000ns fall@5.000ns period=10.000ns})
  Destination:            ps_i/axi_interconnect_0/s00_couplers/auto_ds/inst/gen_downsizer.gen_simple_downsizer.axi_downsizer_inst/USE_WRITE.write_addr_inst/cmd_queue/inst/fifo_gen_inst/inst_fifo_gen/gconvfifo.rf/grf.rf/gntv_or_sync_fifo.gl0.wr/wpntr/gcc0.gc0.count_d1_reg[4]/CLR
                            (removal check against rising-edge clock clk_pl_0  {rise@0.000ns fall@5.000ns period=10.000ns})
  Path Group:             **async_default**
  Path Type:              Removal (Min at Fast Process Corner)
  Requirement:            0.000ns  (clk_pl_0 rise@0.000ns - clk_pl_0 rise@0.000ns)
  Data Path Delay:        0.154ns  (logic 0.052ns (33.773%)  route 0.102ns (66.227%))
  Logic Levels:           1  (LUT3=1)
  Clock Path Skew:        0.012ns (DCD - SCD - CPR)
    Destination Clock Delay (DCD):    1.283ns
    Source Clock Delay      (SCD):    1.118ns
    Clock Pessimism Removal (CPR):    0.153ns
  Clock Net Delay (Source):      0.979ns (routing 0.311ns, distribution 0.668ns)
  Clock Net Delay (Destination): 1.111ns (routing 0.352ns, distribution 0.759ns)

    Location             Delay type                Incr(ns)  Path(ns)    Netlist Resource(s)
  -------------------------------------------------------------------    -------------------
                         (clock clk_pl_0 rise edge)
                                                      0.000     0.000 r  
    PS8_X0Y0             PS8                          0.000     0.000 r  ps_i/zynq_ultra_ps_e_0/inst/PS8_i/PLCLK[0]
                         net (fo=1, routed)           0.122     0.122    ps_i/zynq_ultra_ps_e_0/inst/pl_clk_unbuffered[0]
    BUFG_PS_X0Y80                                                     r  ps_i/zynq_ultra_ps_e_0/inst/buffer_pl_clk_0.PL_CLK_0_BUFG/I
    BUFG_PS_X0Y80        BUFG_PS (Prop_BUFG_PS_I_O)
                                                      0.017     0.139 r  ps_i/zynq_ultra_ps_e_0/inst/buffer_pl_clk_0.PL_CLK_0_BUFG/O
    X1Y2 (CLOCK_ROOT)    net (fo=6797, routed)        0.979     1.118    ps_i/axi_interconnect_0/s00_couplers/auto_ds/inst/gen_downsizer.gen_simple_downsizer.axi_downsizer_inst/USE_WRITE.write_addr_inst/cmd_queue/inst/fifo_gen_inst/inst_fifo_gen/gconvfifo.rf/grf.rf/rstblk/clk
    SLICE_X54Y86         FDRE                                         r  ps_i/axi_interconnect_0/s00_couplers/auto_ds/inst/gen_downsizer.gen_simple_downsizer.axi_downsizer_inst/USE_WRITE.write_addr_inst/cmd_queue/inst/fifo_gen_inst/inst_fifo_gen/gconvfifo.rf/grf.rf/rstblk/ngwrdrst.grst.g7serrst.gnsckt_wrst.gcc_rst.sckt_wr_rst_cc_reg[0]/C
  -------------------------------------------------------------------    -------------------
    SLICE_X54Y86         FDRE (Prop_AFF_SLICEM_C_Q)
                                                      0.038     1.156 f  ps_i/axi_interconnect_0/s00_couplers/auto_ds/inst/gen_downsizer.gen_simple_downsizer.axi_downsizer_inst/USE_WRITE.write_addr_inst/cmd_queue/inst/fifo_gen_inst/inst_fifo_gen/gconvfifo.rf/grf.rf/rstblk/ngwrdrst.grst.g7serrst.gnsckt_wrst.gcc_rst.sckt_wr_rst_cc_reg[0]/Q
                         net (fo=3, routed)           0.029     1.185    ps_i/axi_interconnect_0/s00_couplers/auto_ds/inst/gen_downsizer.gen_simple_downsizer.axi_downsizer_inst/USE_WRITE.write_addr_inst/cmd_queue/inst/fifo_gen_inst/inst_fifo_gen/gconvfifo.rf/grf.rf/rstblk/ngwrdrst.grst.g7serrst.gnsckt_wrst.gcc_rst.sckt_wr_rst_cc[0]
    SLICE_X54Y86                                                      f  ps_i/axi_interconnect_0/s00_couplers/auto_ds/inst/gen_downsizer.gen_simple_downsizer.axi_downsizer_inst/USE_WRITE.write_addr_inst/cmd_queue/inst/fifo_gen_inst/inst_fifo_gen/gconvfifo.rf/grf.rf/rstblk/gpregsm1.curr_fwft_state[1]_i_2/I1
    SLICE_X54Y86         LUT3 (Prop_E6LUT_SLICEM_I1_O)
                                                      0.014     1.199 f  ps_i/axi_interconnect_0/s00_couplers/auto_ds/inst/gen_downsizer.gen_simple_downsizer.axi_downsizer_inst/USE_WRITE.write_addr_inst/cmd_queue/inst/fifo_gen_inst/inst_fifo_gen/gconvfifo.rf/grf.rf/rstblk/gpregsm1.curr_fwft_state[1]_i_2/O
                         net (fo=32, routed)          0.073     1.272    ps_i/axi_interconnect_0/s00_couplers/auto_ds/inst/gen_downsizer.gen_simple_downsizer.axi_downsizer_inst/USE_WRITE.write_addr_inst/cmd_queue/inst/fifo_gen_inst/inst_fifo_gen/gconvfifo.rf/grf.rf/gntv_or_sync_fifo.gl0.wr/wpntr/AR[0]
    SLICE_X55Y86         FDCE                                         f  ps_i/axi_interconnect_0/s00_couplers/auto_ds/inst/gen_downsizer.gen_simple_downsizer.axi_downsizer_inst/USE_WRITE.write_addr_inst/cmd_queue/inst/fifo_gen_inst/inst_fifo_gen/gconvfifo.rf/grf.rf/gntv_or_sync_fifo.gl0.wr/wpntr/gcc0.gc0.count_d1_reg[4]/CLR
  -------------------------------------------------------------------    -------------------

                         (clock clk_pl_0 rise edge)
                                                      0.000     0.000 r  
    PS8_X0Y0             PS8                          0.000     0.000 r  ps_i/zynq_ultra_ps_e_0/inst/PS8_i/PLCLK[0]
                         net (fo=1, routed)           0.154     0.154    ps_i/zynq_ultra_ps_e_0/inst/pl_clk_unbuffered[0]
    BUFG_PS_X0Y80                                                     r  ps_i/zynq_ultra_ps_e_0/inst/buffer_pl_clk_0.PL_CLK_0_BUFG/I
    BUFG_PS_X0Y80        BUFG_PS (Prop_BUFG_PS_I_O)
                                                      0.018     0.172 r  ps_i/zynq_ultra_ps_e_0/inst/buffer_pl_clk_0.PL_CLK_0_BUFG/O
    X1Y2 (CLOCK_ROOT)    net (fo=6797, routed)        1.111     1.283    ps_i/axi_interconnect_0/s00_couplers/auto_ds/inst/gen_downsizer.gen_simple_downsizer.axi_downsizer_inst/USE_WRITE.write_addr_inst/cmd_queue/inst/fifo_gen_inst/inst_fifo_gen/gconvfifo.rf/grf.rf/gntv_or_sync_fifo.gl0.wr/wpntr/clk
    SLICE_X55Y86         FDCE                                         r  ps_i/axi_interconnect_0/s00_couplers/auto_ds/inst/gen_downsizer.gen_simple_downsizer.axi_downsizer_inst/USE_WRITE.write_addr_inst/cmd_queue/inst/fifo_gen_inst/inst_fifo_gen/gconvfifo.rf/grf.rf/gntv_or_sync_fifo.gl0.wr/wpntr/gcc0.gc0.count_d1_reg[4]/C
                         clock pessimism             -0.153     1.130    
    SLICE_X55Y86         FDCE (Remov_GFF_SLICEL_C_CLR)
                                                     -0.020     1.110    ps_i/axi_interconnect_0/s00_couplers/auto_ds/inst/gen_downsizer.gen_simple_downsizer.axi_downsizer_inst/USE_WRITE.write_addr_inst/cmd_queue/inst/fifo_gen_inst/inst_fifo_gen/gconvfifo.rf/grf.rf/gntv_or_sync_fifo.gl0.wr/wpntr/gcc0.gc0.count_d1_reg[4]
  -------------------------------------------------------------------
                         required time                         -1.110    
                         arrival time                           1.272    
  -------------------------------------------------------------------
                         slack                                  0.162    

Slack (MET) :             0.162ns  (arrival time - required time)
  Source:                 ps_i/axi_interconnect_0/s00_couplers/auto_ds/inst/gen_downsizer.gen_simple_downsizer.axi_downsizer_inst/USE_WRITE.write_addr_inst/cmd_queue/inst/fifo_gen_inst/inst_fifo_gen/gconvfifo.rf/grf.rf/rstblk/ngwrdrst.grst.g7serrst.gnsckt_wrst.gcc_rst.sckt_wr_rst_cc_reg[0]/C
                            (rising edge-triggered cell FDRE clocked by clk_pl_0  {rise@0.000ns fall@5.000ns period=10.000ns})
  Destination:            ps_i/axi_interconnect_0/s00_couplers/auto_ds/inst/gen_downsizer.gen_simple_downsizer.axi_downsizer_inst/USE_WRITE.write_addr_inst/cmd_queue/inst/fifo_gen_inst/inst_fifo_gen/gconvfifo.rf/grf.rf/gntv_or_sync_fifo.gl0.wr/wpntr/gcc0.gc0.count_reg[1]/CLR
                            (removal check against rising-edge clock clk_pl_0  {rise@0.000ns fall@5.000ns period=10.000ns})
  Path Group:             **async_default**
  Path Type:              Removal (Min at Fast Process Corner)
  Requirement:            0.000ns  (clk_pl_0 rise@0.000ns - clk_pl_0 rise@0.000ns)
  Data Path Delay:        0.154ns  (logic 0.052ns (33.773%)  route 0.102ns (66.227%))
  Logic Levels:           1  (LUT3=1)
  Clock Path Skew:        0.012ns (DCD - SCD - CPR)
    Destination Clock Delay (DCD):    1.283ns
    Source Clock Delay      (SCD):    1.118ns
    Clock Pessimism Removal (CPR):    0.153ns
  Clock Net Delay (Source):      0.979ns (routing 0.311ns, distribution 0.668ns)
  Clock Net Delay (Destination): 1.111ns (routing 0.352ns, distribution 0.759ns)

    Location             Delay type                Incr(ns)  Path(ns)    Netlist Resource(s)
  -------------------------------------------------------------------    -------------------
                         (clock clk_pl_0 rise edge)
                                                      0.000     0.000 r  
    PS8_X0Y0             PS8                          0.000     0.000 r  ps_i/zynq_ultra_ps_e_0/inst/PS8_i/PLCLK[0]
                         net (fo=1, routed)           0.122     0.122    ps_i/zynq_ultra_ps_e_0/inst/pl_clk_unbuffered[0]
    BUFG_PS_X0Y80                                                     r  ps_i/zynq_ultra_ps_e_0/inst/buffer_pl_clk_0.PL_CLK_0_BUFG/I
    BUFG_PS_X0Y80        BUFG_PS (Prop_BUFG_PS_I_O)
                                                      0.017     0.139 r  ps_i/zynq_ultra_ps_e_0/inst/buffer_pl_clk_0.PL_CLK_0_BUFG/O
    X1Y2 (CLOCK_ROOT)    net (fo=6797, routed)        0.979     1.118    ps_i/axi_interconnect_0/s00_couplers/auto_ds/inst/gen_downsizer.gen_simple_downsizer.axi_downsizer_inst/USE_WRITE.write_addr_inst/cmd_queue/inst/fifo_gen_inst/inst_fifo_gen/gconvfifo.rf/grf.rf/rstblk/clk
    SLICE_X54Y86         FDRE                                         r  ps_i/axi_interconnect_0/s00_couplers/auto_ds/inst/gen_downsizer.gen_simple_downsizer.axi_downsizer_inst/USE_WRITE.write_addr_inst/cmd_queue/inst/fifo_gen_inst/inst_fifo_gen/gconvfifo.rf/grf.rf/rstblk/ngwrdrst.grst.g7serrst.gnsckt_wrst.gcc_rst.sckt_wr_rst_cc_reg[0]/C
  -------------------------------------------------------------------    -------------------
    SLICE_X54Y86         FDRE (Prop_AFF_SLICEM_C_Q)
                                                      0.038     1.156 f  ps_i/axi_interconnect_0/s00_couplers/auto_ds/inst/gen_downsizer.gen_simple_downsizer.axi_downsizer_inst/USE_WRITE.write_addr_inst/cmd_queue/inst/fifo_gen_inst/inst_fifo_gen/gconvfifo.rf/grf.rf/rstblk/ngwrdrst.grst.g7serrst.gnsckt_wrst.gcc_rst.sckt_wr_rst_cc_reg[0]/Q
                         net (fo=3, routed)           0.029     1.185    ps_i/axi_interconnect_0/s00_couplers/auto_ds/inst/gen_downsizer.gen_simple_downsizer.axi_downsizer_inst/USE_WRITE.write_addr_inst/cmd_queue/inst/fifo_gen_inst/inst_fifo_gen/gconvfifo.rf/grf.rf/rstblk/ngwrdrst.grst.g7serrst.gnsckt_wrst.gcc_rst.sckt_wr_rst_cc[0]
    SLICE_X54Y86                                                      f  ps_i/axi_interconnect_0/s00_couplers/auto_ds/inst/gen_downsizer.gen_simple_downsizer.axi_downsizer_inst/USE_WRITE.write_addr_inst/cmd_queue/inst/fifo_gen_inst/inst_fifo_gen/gconvfifo.rf/grf.rf/rstblk/gpregsm1.curr_fwft_state[1]_i_2/I1
    SLICE_X54Y86         LUT3 (Prop_E6LUT_SLICEM_I1_O)
                                                      0.014     1.199 f  ps_i/axi_interconnect_0/s00_couplers/auto_ds/inst/gen_downsizer.gen_simple_downsizer.axi_downsizer_inst/USE_WRITE.write_addr_inst/cmd_queue/inst/fifo_gen_inst/inst_fifo_gen/gconvfifo.rf/grf.rf/rstblk/gpregsm1.curr_fwft_state[1]_i_2/O
                         net (fo=32, routed)          0.073     1.272    ps_i/axi_interconnect_0/s00_couplers/auto_ds/inst/gen_downsizer.gen_simple_downsizer.axi_downsizer_inst/USE_WRITE.write_addr_inst/cmd_queue/inst/fifo_gen_inst/inst_fifo_gen/gconvfifo.rf/grf.rf/gntv_or_sync_fifo.gl0.wr/wpntr/AR[0]
    SLICE_X55Y86         FDCE                                         f  ps_i/axi_interconnect_0/s00_couplers/auto_ds/inst/gen_downsizer.gen_simple_downsizer.axi_downsizer_inst/USE_WRITE.write_addr_inst/cmd_queue/inst/fifo_gen_inst/inst_fifo_gen/gconvfifo.rf/grf.rf/gntv_or_sync_fifo.gl0.wr/wpntr/gcc0.gc0.count_reg[1]/CLR
  -------------------------------------------------------------------    -------------------

                         (clock clk_pl_0 rise edge)
                                                      0.000     0.000 r  
    PS8_X0Y0             PS8                          0.000     0.000 r  ps_i/zynq_ultra_ps_e_0/inst/PS8_i/PLCLK[0]
                         net (fo=1, routed)           0.154     0.154    ps_i/zynq_ultra_ps_e_0/inst/pl_clk_unbuffered[0]
    BUFG_PS_X0Y80                                                     r  ps_i/zynq_ultra_ps_e_0/inst/buffer_pl_clk_0.PL_CLK_0_BUFG/I
    BUFG_PS_X0Y80        BUFG_PS (Prop_BUFG_PS_I_O)
                                                      0.018     0.172 r  ps_i/zynq_ultra_ps_e_0/inst/buffer_pl_clk_0.PL_CLK_0_BUFG/O
    X1Y2 (CLOCK_ROOT)    net (fo=6797, routed)        1.111     1.283    ps_i/axi_interconnect_0/s00_couplers/auto_ds/inst/gen_downsizer.gen_simple_downsizer.axi_downsizer_inst/USE_WRITE.write_addr_inst/cmd_queue/inst/fifo_gen_inst/inst_fifo_gen/gconvfifo.rf/grf.rf/gntv_or_sync_fifo.gl0.wr/wpntr/clk
    SLICE_X55Y86         FDCE                                         r  ps_i/axi_interconnect_0/s00_couplers/auto_ds/inst/gen_downsizer.gen_simple_downsizer.axi_downsizer_inst/USE_WRITE.write_addr_inst/cmd_queue/inst/fifo_gen_inst/inst_fifo_gen/gconvfifo.rf/grf.rf/gntv_or_sync_fifo.gl0.wr/wpntr/gcc0.gc0.count_reg[1]/C
                         clock pessimism             -0.153     1.130    
    SLICE_X55Y86         FDCE (Remov_HFF2_SLICEL_C_CLR)
                                                     -0.020     1.110    ps_i/axi_interconnect_0/s00_couplers/auto_ds/inst/gen_downsizer.gen_simple_downsizer.axi_downsizer_inst/USE_WRITE.write_addr_inst/cmd_queue/inst/fifo_gen_inst/inst_fifo_gen/gconvfifo.rf/grf.rf/gntv_or_sync_fifo.gl0.wr/wpntr/gcc0.gc0.count_reg[1]
  -------------------------------------------------------------------
                         required time                         -1.110    
                         arrival time                           1.272    
  -------------------------------------------------------------------
                         slack                                  0.162    

Slack (MET) :             0.166ns  (arrival time - required time)
  Source:                 ps_i/axi_interconnect_0/s00_couplers/auto_ds/inst/gen_downsizer.gen_simple_downsizer.axi_downsizer_inst/USE_WRITE.write_addr_inst/cmd_queue/inst/fifo_gen_inst/inst_fifo_gen/gconvfifo.rf/grf.rf/rstblk/ngwrdrst.grst.g7serrst.gnsckt_wrst.gcc_rst.sckt_wr_rst_cc_reg[0]/C
                            (rising edge-triggered cell FDRE clocked by clk_pl_0  {rise@0.000ns fall@5.000ns period=10.000ns})
  Destination:            ps_i/axi_interconnect_0/s00_couplers/auto_ds/inst/gen_downsizer.gen_simple_downsizer.axi_downsizer_inst/USE_WRITE.write_addr_inst/cmd_queue/inst/fifo_gen_inst/inst_fifo_gen/gconvfifo.rf/grf.rf/gntv_or_sync_fifo.gl0.wr/wpntr/gcc0.gc0.count_reg[0]/PRE
                            (removal check against rising-edge clock clk_pl_0  {rise@0.000ns fall@5.000ns period=10.000ns})
  Path Group:             **async_default**
  Path Type:              Removal (Min at Fast Process Corner)
  Requirement:            0.000ns  (clk_pl_0 rise@0.000ns - clk_pl_0 rise@0.000ns)
  Data Path Delay:        0.154ns  (logic 0.052ns (33.773%)  route 0.102ns (66.227%))
  Logic Levels:           1  (LUT3=1)
  Clock Path Skew:        0.008ns (DCD - SCD - CPR)
    Destination Clock Delay (DCD):    1.279ns
    Source Clock Delay      (SCD):    1.118ns
    Clock Pessimism Removal (CPR):    0.153ns
  Clock Net Delay (Source):      0.979ns (routing 0.311ns, distribution 0.668ns)
  Clock Net Delay (Destination): 1.107ns (routing 0.352ns, distribution 0.755ns)

    Location             Delay type                Incr(ns)  Path(ns)    Netlist Resource(s)
  -------------------------------------------------------------------    -------------------
                         (clock clk_pl_0 rise edge)
                                                      0.000     0.000 r  
    PS8_X0Y0             PS8                          0.000     0.000 r  ps_i/zynq_ultra_ps_e_0/inst/PS8_i/PLCLK[0]
                         net (fo=1, routed)           0.122     0.122    ps_i/zynq_ultra_ps_e_0/inst/pl_clk_unbuffered[0]
    BUFG_PS_X0Y80                                                     r  ps_i/zynq_ultra_ps_e_0/inst/buffer_pl_clk_0.PL_CLK_0_BUFG/I
    BUFG_PS_X0Y80        BUFG_PS (Prop_BUFG_PS_I_O)
                                                      0.017     0.139 r  ps_i/zynq_ultra_ps_e_0/inst/buffer_pl_clk_0.PL_CLK_0_BUFG/O
    X1Y2 (CLOCK_ROOT)    net (fo=6797, routed)        0.979     1.118    ps_i/axi_interconnect_0/s00_couplers/auto_ds/inst/gen_downsizer.gen_simple_downsizer.axi_downsizer_inst/USE_WRITE.write_addr_inst/cmd_queue/inst/fifo_gen_inst/inst_fifo_gen/gconvfifo.rf/grf.rf/rstblk/clk
    SLICE_X54Y86         FDRE                                         r  ps_i/axi_interconnect_0/s00_couplers/auto_ds/inst/gen_downsizer.gen_simple_downsizer.axi_downsizer_inst/USE_WRITE.write_addr_inst/cmd_queue/inst/fifo_gen_inst/inst_fifo_gen/gconvfifo.rf/grf.rf/rstblk/ngwrdrst.grst.g7serrst.gnsckt_wrst.gcc_rst.sckt_wr_rst_cc_reg[0]/C
  -------------------------------------------------------------------    -------------------
    SLICE_X54Y86         FDRE (Prop_AFF_SLICEM_C_Q)
                                                      0.038     1.156 f  ps_i/axi_interconnect_0/s00_couplers/auto_ds/inst/gen_downsizer.gen_simple_downsizer.axi_downsizer_inst/USE_WRITE.write_addr_inst/cmd_queue/inst/fifo_gen_inst/inst_fifo_gen/gconvfifo.rf/grf.rf/rstblk/ngwrdrst.grst.g7serrst.gnsckt_wrst.gcc_rst.sckt_wr_rst_cc_reg[0]/Q
                         net (fo=3, routed)           0.029     1.185    ps_i/axi_interconnect_0/s00_couplers/auto_ds/inst/gen_downsizer.gen_simple_downsizer.axi_downsizer_inst/USE_WRITE.write_addr_inst/cmd_queue/inst/fifo_gen_inst/inst_fifo_gen/gconvfifo.rf/grf.rf/rstblk/ngwrdrst.grst.g7serrst.gnsckt_wrst.gcc_rst.sckt_wr_rst_cc[0]
    SLICE_X54Y86                                                      f  ps_i/axi_interconnect_0/s00_couplers/auto_ds/inst/gen_downsizer.gen_simple_downsizer.axi_downsizer_inst/USE_WRITE.write_addr_inst/cmd_queue/inst/fifo_gen_inst/inst_fifo_gen/gconvfifo.rf/grf.rf/rstblk/gpregsm1.curr_fwft_state[1]_i_2/I1
    SLICE_X54Y86         LUT3 (Prop_E6LUT_SLICEM_I1_O)
                                                      0.014     1.199 f  ps_i/axi_interconnect_0/s00_couplers/auto_ds/inst/gen_downsizer.gen_simple_downsizer.axi_downsizer_inst/USE_WRITE.write_addr_inst/cmd_queue/inst/fifo_gen_inst/inst_fifo_gen/gconvfifo.rf/grf.rf/rstblk/gpregsm1.curr_fwft_state[1]_i_2/O
                         net (fo=32, routed)          0.073     1.272    ps_i/axi_interconnect_0/s00_couplers/auto_ds/inst/gen_downsizer.gen_simple_downsizer.axi_downsizer_inst/USE_WRITE.write_addr_inst/cmd_queue/inst/fifo_gen_inst/inst_fifo_gen/gconvfifo.rf/grf.rf/gntv_or_sync_fifo.gl0.wr/wpntr/AR[0]
    SLICE_X55Y86         FDPE                                         f  ps_i/axi_interconnect_0/s00_couplers/auto_ds/inst/gen_downsizer.gen_simple_downsizer.axi_downsizer_inst/USE_WRITE.write_addr_inst/cmd_queue/inst/fifo_gen_inst/inst_fifo_gen/gconvfifo.rf/grf.rf/gntv_or_sync_fifo.gl0.wr/wpntr/gcc0.gc0.count_reg[0]/PRE
  -------------------------------------------------------------------    -------------------

                         (clock clk_pl_0 rise edge)
                                                      0.000     0.000 r  
    PS8_X0Y0             PS8                          0.000     0.000 r  ps_i/zynq_ultra_ps_e_0/inst/PS8_i/PLCLK[0]
                         net (fo=1, routed)           0.154     0.154    ps_i/zynq_ultra_ps_e_0/inst/pl_clk_unbuffered[0]
    BUFG_PS_X0Y80                                                     r  ps_i/zynq_ultra_ps_e_0/inst/buffer_pl_clk_0.PL_CLK_0_BUFG/I
    BUFG_PS_X0Y80        BUFG_PS (Prop_BUFG_PS_I_O)
                                                      0.018     0.172 r  ps_i/zynq_ultra_ps_e_0/inst/buffer_pl_clk_0.PL_CLK_0_BUFG/O
    X1Y2 (CLOCK_ROOT)    net (fo=6797, routed)        1.107     1.279    ps_i/axi_interconnect_0/s00_couplers/auto_ds/inst/gen_downsizer.gen_simple_downsizer.axi_downsizer_inst/USE_WRITE.write_addr_inst/cmd_queue/inst/fifo_gen_inst/inst_fifo_gen/gconvfifo.rf/grf.rf/gntv_or_sync_fifo.gl0.wr/wpntr/clk
    SLICE_X55Y86         FDPE                                         r  ps_i/axi_interconnect_0/s00_couplers/auto_ds/inst/gen_downsizer.gen_simple_downsizer.axi_downsizer_inst/USE_WRITE.write_addr_inst/cmd_queue/inst/fifo_gen_inst/inst_fifo_gen/gconvfifo.rf/grf.rf/gntv_or_sync_fifo.gl0.wr/wpntr/gcc0.gc0.count_reg[0]/C
                         clock pessimism             -0.153     1.126    
    SLICE_X55Y86         FDPE (Remov_CFF2_SLICEL_C_PRE)
                                                     -0.020     1.106    ps_i/axi_interconnect_0/s00_couplers/auto_ds/inst/gen_downsizer.gen_simple_downsizer.axi_downsizer_inst/USE_WRITE.write_addr_inst/cmd_queue/inst/fifo_gen_inst/inst_fifo_gen/gconvfifo.rf/grf.rf/gntv_or_sync_fifo.gl0.wr/wpntr/gcc0.gc0.count_reg[0]
  -------------------------------------------------------------------
                         required time                         -1.106    
                         arrival time                           1.272    
  -------------------------------------------------------------------
                         slack                                  0.166    

Slack (MET) :             0.166ns  (arrival time - required time)
  Source:                 ps_i/axi_interconnect_0/s00_couplers/auto_ds/inst/gen_downsizer.gen_simple_downsizer.axi_downsizer_inst/USE_WRITE.write_addr_inst/cmd_queue/inst/fifo_gen_inst/inst_fifo_gen/gconvfifo.rf/grf.rf/rstblk/ngwrdrst.grst.g7serrst.gnsckt_wrst.gcc_rst.sckt_wr_rst_cc_reg[0]/C
                            (rising edge-triggered cell FDRE clocked by clk_pl_0  {rise@0.000ns fall@5.000ns period=10.000ns})
  Destination:            ps_i/axi_interconnect_0/s00_couplers/auto_ds/inst/gen_downsizer.gen_simple_downsizer.axi_downsizer_inst/USE_WRITE.write_addr_inst/cmd_queue/inst/fifo_gen_inst/inst_fifo_gen/gconvfifo.rf/grf.rf/gntv_or_sync_fifo.gl0.wr/wpntr/gcc0.gc0.count_reg[2]/CLR
                            (removal check against rising-edge clock clk_pl_0  {rise@0.000ns fall@5.000ns period=10.000ns})
  Path Group:             **async_default**
  Path Type:              Removal (Min at Fast Process Corner)
  Requirement:            0.000ns  (clk_pl_0 rise@0.000ns - clk_pl_0 rise@0.000ns)
  Data Path Delay:        0.154ns  (logic 0.052ns (33.773%)  route 0.102ns (66.227%))
  Logic Levels:           1  (LUT3=1)
  Clock Path Skew:        0.008ns (DCD - SCD - CPR)
    Destination Clock Delay (DCD):    1.279ns
    Source Clock Delay      (SCD):    1.118ns
    Clock Pessimism Removal (CPR):    0.153ns
  Clock Net Delay (Source):      0.979ns (routing 0.311ns, distribution 0.668ns)
  Clock Net Delay (Destination): 1.107ns (routing 0.352ns, distribution 0.755ns)

    Location             Delay type                Incr(ns)  Path(ns)    Netlist Resource(s)
  -------------------------------------------------------------------    -------------------
                         (clock clk_pl_0 rise edge)
                                                      0.000     0.000 r  
    PS8_X0Y0             PS8                          0.000     0.000 r  ps_i/zynq_ultra_ps_e_0/inst/PS8_i/PLCLK[0]
                         net (fo=1, routed)           0.122     0.122    ps_i/zynq_ultra_ps_e_0/inst/pl_clk_unbuffered[0]
    BUFG_PS_X0Y80                                                     r  ps_i/zynq_ultra_ps_e_0/inst/buffer_pl_clk_0.PL_CLK_0_BUFG/I
    BUFG_PS_X0Y80        BUFG_PS (Prop_BUFG_PS_I_O)
                                                      0.017     0.139 r  ps_i/zynq_ultra_ps_e_0/inst/buffer_pl_clk_0.PL_CLK_0_BUFG/O
    X1Y2 (CLOCK_ROOT)    net (fo=6797, routed)        0.979     1.118    ps_i/axi_interconnect_0/s00_couplers/auto_ds/inst/gen_downsizer.gen_simple_downsizer.axi_downsizer_inst/USE_WRITE.write_addr_inst/cmd_queue/inst/fifo_gen_inst/inst_fifo_gen/gconvfifo.rf/grf.rf/rstblk/clk
    SLICE_X54Y86         FDRE                                         r  ps_i/axi_interconnect_0/s00_couplers/auto_ds/inst/gen_downsizer.gen_simple_downsizer.axi_downsizer_inst/USE_WRITE.write_addr_inst/cmd_queue/inst/fifo_gen_inst/inst_fifo_gen/gconvfifo.rf/grf.rf/rstblk/ngwrdrst.grst.g7serrst.gnsckt_wrst.gcc_rst.sckt_wr_rst_cc_reg[0]/C
  -------------------------------------------------------------------    -------------------
    SLICE_X54Y86         FDRE (Prop_AFF_SLICEM_C_Q)
                                                      0.038     1.156 f  ps_i/axi_interconnect_0/s00_couplers/auto_ds/inst/gen_downsizer.gen_simple_downsizer.axi_downsizer_inst/USE_WRITE.write_addr_inst/cmd_queue/inst/fifo_gen_inst/inst_fifo_gen/gconvfifo.rf/grf.rf/rstblk/ngwrdrst.grst.g7serrst.gnsckt_wrst.gcc_rst.sckt_wr_rst_cc_reg[0]/Q
                         net (fo=3, routed)           0.029     1.185    ps_i/axi_interconnect_0/s00_couplers/auto_ds/inst/gen_downsizer.gen_simple_downsizer.axi_downsizer_inst/USE_WRITE.write_addr_inst/cmd_queue/inst/fifo_gen_inst/inst_fifo_gen/gconvfifo.rf/grf.rf/rstblk/ngwrdrst.grst.g7serrst.gnsckt_wrst.gcc_rst.sckt_wr_rst_cc[0]
    SLICE_X54Y86                                                      f  ps_i/axi_interconnect_0/s00_couplers/auto_ds/inst/gen_downsizer.gen_simple_downsizer.axi_downsizer_inst/USE_WRITE.write_addr_inst/cmd_queue/inst/fifo_gen_inst/inst_fifo_gen/gconvfifo.rf/grf.rf/rstblk/gpregsm1.curr_fwft_state[1]_i_2/I1
    SLICE_X54Y86         LUT3 (Prop_E6LUT_SLICEM_I1_O)
                                                      0.014     1.199 f  ps_i/axi_interconnect_0/s00_couplers/auto_ds/inst/gen_downsizer.gen_simple_downsizer.axi_downsizer_inst/USE_WRITE.write_addr_inst/cmd_queue/inst/fifo_gen_inst/inst_fifo_gen/gconvfifo.rf/grf.rf/rstblk/gpregsm1.curr_fwft_state[1]_i_2/O
                         net (fo=32, routed)          0.073     1.272    ps_i/axi_interconnect_0/s00_couplers/auto_ds/inst/gen_downsizer.gen_simple_downsizer.axi_downsizer_inst/USE_WRITE.write_addr_inst/cmd_queue/inst/fifo_gen_inst/inst_fifo_gen/gconvfifo.rf/grf.rf/gntv_or_sync_fifo.gl0.wr/wpntr/AR[0]
    SLICE_X55Y86         FDCE                                         f  ps_i/axi_interconnect_0/s00_couplers/auto_ds/inst/gen_downsizer.gen_simple_downsizer.axi_downsizer_inst/USE_WRITE.write_addr_inst/cmd_queue/inst/fifo_gen_inst/inst_fifo_gen/gconvfifo.rf/grf.rf/gntv_or_sync_fifo.gl0.wr/wpntr/gcc0.gc0.count_reg[2]/CLR
  -------------------------------------------------------------------    -------------------

                         (clock clk_pl_0 rise edge)
                                                      0.000     0.000 r  
    PS8_X0Y0             PS8                          0.000     0.000 r  ps_i/zynq_ultra_ps_e_0/inst/PS8_i/PLCLK[0]
                         net (fo=1, routed)           0.154     0.154    ps_i/zynq_ultra_ps_e_0/inst/pl_clk_unbuffered[0]
    BUFG_PS_X0Y80                                                     r  ps_i/zynq_ultra_ps_e_0/inst/buffer_pl_clk_0.PL_CLK_0_BUFG/I
    BUFG_PS_X0Y80        BUFG_PS (Prop_BUFG_PS_I_O)
                                                      0.018     0.172 r  ps_i/zynq_ultra_ps_e_0/inst/buffer_pl_clk_0.PL_CLK_0_BUFG/O
    X1Y2 (CLOCK_ROOT)    net (fo=6797, routed)        1.107     1.279    ps_i/axi_interconnect_0/s00_couplers/auto_ds/inst/gen_downsizer.gen_simple_downsizer.axi_downsizer_inst/USE_WRITE.write_addr_inst/cmd_queue/inst/fifo_gen_inst/inst_fifo_gen/gconvfifo.rf/grf.rf/gntv_or_sync_fifo.gl0.wr/wpntr/clk
    SLICE_X55Y86         FDCE                                         r  ps_i/axi_interconnect_0/s00_couplers/auto_ds/inst/gen_downsizer.gen_simple_downsizer.axi_downsizer_inst/USE_WRITE.write_addr_inst/cmd_queue/inst/fifo_gen_inst/inst_fifo_gen/gconvfifo.rf/grf.rf/gntv_or_sync_fifo.gl0.wr/wpntr/gcc0.gc0.count_reg[2]/C
                         clock pessimism             -0.153     1.126    
    SLICE_X55Y86         FDCE (Remov_BFF2_SLICEL_C_CLR)
                                                     -0.020     1.106    ps_i/axi_interconnect_0/s00_couplers/auto_ds/inst/gen_downsizer.gen_simple_downsizer.axi_downsizer_inst/USE_WRITE.write_addr_inst/cmd_queue/inst/fifo_gen_inst/inst_fifo_gen/gconvfifo.rf/grf.rf/gntv_or_sync_fifo.gl0.wr/wpntr/gcc0.gc0.count_reg[2]
  -------------------------------------------------------------------
                         required time                         -1.106    
                         arrival time                           1.272    
  -------------------------------------------------------------------
                         slack                                  0.166    

Slack (MET) :             0.166ns  (arrival time - required time)
  Source:                 ps_i/axi_interconnect_0/s00_couplers/auto_ds/inst/gen_downsizer.gen_simple_downsizer.axi_downsizer_inst/USE_WRITE.write_addr_inst/cmd_queue/inst/fifo_gen_inst/inst_fifo_gen/gconvfifo.rf/grf.rf/rstblk/ngwrdrst.grst.g7serrst.gnsckt_wrst.gcc_rst.sckt_wr_rst_cc_reg[0]/C
                            (rising edge-triggered cell FDRE clocked by clk_pl_0  {rise@0.000ns fall@5.000ns period=10.000ns})
  Destination:            ps_i/axi_interconnect_0/s00_couplers/auto_ds/inst/gen_downsizer.gen_simple_downsizer.axi_downsizer_inst/USE_WRITE.write_addr_inst/cmd_queue/inst/fifo_gen_inst/inst_fifo_gen/gconvfifo.rf/grf.rf/gntv_or_sync_fifo.gl0.wr/wpntr/gcc0.gc0.count_reg[3]/CLR
                            (removal check against rising-edge clock clk_pl_0  {rise@0.000ns fall@5.000ns period=10.000ns})
  Path Group:             **async_default**
  Path Type:              Removal (Min at Fast Process Corner)
  Requirement:            0.000ns  (clk_pl_0 rise@0.000ns - clk_pl_0 rise@0.000ns)
  Data Path Delay:        0.154ns  (logic 0.052ns (33.773%)  route 0.102ns (66.227%))
  Logic Levels:           1  (LUT3=1)
  Clock Path Skew:        0.008ns (DCD - SCD - CPR)
    Destination Clock Delay (DCD):    1.279ns
    Source Clock Delay      (SCD):    1.118ns
    Clock Pessimism Removal (CPR):    0.153ns
  Clock Net Delay (Source):      0.979ns (routing 0.311ns, distribution 0.668ns)
  Clock Net Delay (Destination): 1.107ns (routing 0.352ns, distribution 0.755ns)

    Location             Delay type                Incr(ns)  Path(ns)    Netlist Resource(s)
  -------------------------------------------------------------------    -------------------
                         (clock clk_pl_0 rise edge)
                                                      0.000     0.000 r  
    PS8_X0Y0             PS8                          0.000     0.000 r  ps_i/zynq_ultra_ps_e_0/inst/PS8_i/PLCLK[0]
                         net (fo=1, routed)           0.122     0.122    ps_i/zynq_ultra_ps_e_0/inst/pl_clk_unbuffered[0]
    BUFG_PS_X0Y80                                                     r  ps_i/zynq_ultra_ps_e_0/inst/buffer_pl_clk_0.PL_CLK_0_BUFG/I
    BUFG_PS_X0Y80        BUFG_PS (Prop_BUFG_PS_I_O)
                                                      0.017     0.139 r  ps_i/zynq_ultra_ps_e_0/inst/buffer_pl_clk_0.PL_CLK_0_BUFG/O
    X1Y2 (CLOCK_ROOT)    net (fo=6797, routed)        0.979     1.118    ps_i/axi_interconnect_0/s00_couplers/auto_ds/inst/gen_downsizer.gen_simple_downsizer.axi_downsizer_inst/USE_WRITE.write_addr_inst/cmd_queue/inst/fifo_gen_inst/inst_fifo_gen/gconvfifo.rf/grf.rf/rstblk/clk
    SLICE_X54Y86         FDRE                                         r  ps_i/axi_interconnect_0/s00_couplers/auto_ds/inst/gen_downsizer.gen_simple_downsizer.axi_downsizer_inst/USE_WRITE.write_addr_inst/cmd_queue/inst/fifo_gen_inst/inst_fifo_gen/gconvfifo.rf/grf.rf/rstblk/ngwrdrst.grst.g7serrst.gnsckt_wrst.gcc_rst.sckt_wr_rst_cc_reg[0]/C
  -------------------------------------------------------------------    -------------------
    SLICE_X54Y86         FDRE (Prop_AFF_SLICEM_C_Q)
                                                      0.038     1.156 f  ps_i/axi_interconnect_0/s00_couplers/auto_ds/inst/gen_downsizer.gen_simple_downsizer.axi_downsizer_inst/USE_WRITE.write_addr_inst/cmd_queue/inst/fifo_gen_inst/inst_fifo_gen/gconvfifo.rf/grf.rf/rstblk/ngwrdrst.grst.g7serrst.gnsckt_wrst.gcc_rst.sckt_wr_rst_cc_reg[0]/Q
                         net (fo=3, routed)           0.029     1.185    ps_i/axi_interconnect_0/s00_couplers/auto_ds/inst/gen_downsizer.gen_simple_downsizer.axi_downsizer_inst/USE_WRITE.write_addr_inst/cmd_queue/inst/fifo_gen_inst/inst_fifo_gen/gconvfifo.rf/grf.rf/rstblk/ngwrdrst.grst.g7serrst.gnsckt_wrst.gcc_rst.sckt_wr_rst_cc[0]
    SLICE_X54Y86                                                      f  ps_i/axi_interconnect_0/s00_couplers/auto_ds/inst/gen_downsizer.gen_simple_downsizer.axi_downsizer_inst/USE_WRITE.write_addr_inst/cmd_queue/inst/fifo_gen_inst/inst_fifo_gen/gconvfifo.rf/grf.rf/rstblk/gpregsm1.curr_fwft_state[1]_i_2/I1
    SLICE_X54Y86         LUT3 (Prop_E6LUT_SLICEM_I1_O)
                                                      0.014     1.199 f  ps_i/axi_interconnect_0/s00_couplers/auto_ds/inst/gen_downsizer.gen_simple_downsizer.axi_downsizer_inst/USE_WRITE.write_addr_inst/cmd_queue/inst/fifo_gen_inst/inst_fifo_gen/gconvfifo.rf/grf.rf/rstblk/gpregsm1.curr_fwft_state[1]_i_2/O
                         net (fo=32, routed)          0.073     1.272    ps_i/axi_interconnect_0/s00_couplers/auto_ds/inst/gen_downsizer.gen_simple_downsizer.axi_downsizer_inst/USE_WRITE.write_addr_inst/cmd_queue/inst/fifo_gen_inst/inst_fifo_gen/gconvfifo.rf/grf.rf/gntv_or_sync_fifo.gl0.wr/wpntr/AR[0]
    SLICE_X55Y86         FDCE                                         f  ps_i/axi_interconnect_0/s00_couplers/auto_ds/inst/gen_downsizer.gen_simple_downsizer.axi_downsizer_inst/USE_WRITE.write_addr_inst/cmd_queue/inst/fifo_gen_inst/inst_fifo_gen/gconvfifo.rf/grf.rf/gntv_or_sync_fifo.gl0.wr/wpntr/gcc0.gc0.count_reg[3]/CLR
  -------------------------------------------------------------------    -------------------

                         (clock clk_pl_0 rise edge)
                                                      0.000     0.000 r  
    PS8_X0Y0             PS8                          0.000     0.000 r  ps_i/zynq_ultra_ps_e_0/inst/PS8_i/PLCLK[0]
                         net (fo=1, routed)           0.154     0.154    ps_i/zynq_ultra_ps_e_0/inst/pl_clk_unbuffered[0]
    BUFG_PS_X0Y80                                                     r  ps_i/zynq_ultra_ps_e_0/inst/buffer_pl_clk_0.PL_CLK_0_BUFG/I
    BUFG_PS_X0Y80        BUFG_PS (Prop_BUFG_PS_I_O)
                                                      0.018     0.172 r  ps_i/zynq_ultra_ps_e_0/inst/buffer_pl_clk_0.PL_CLK_0_BUFG/O
    X1Y2 (CLOCK_ROOT)    net (fo=6797, routed)        1.107     1.279    ps_i/axi_interconnect_0/s00_couplers/auto_ds/inst/gen_downsizer.gen_simple_downsizer.axi_downsizer_inst/USE_WRITE.write_addr_inst/cmd_queue/inst/fifo_gen_inst/inst_fifo_gen/gconvfifo.rf/grf.rf/gntv_or_sync_fifo.gl0.wr/wpntr/clk
    SLICE_X55Y86         FDCE                                         r  ps_i/axi_interconnect_0/s00_couplers/auto_ds/inst/gen_downsizer.gen_simple_downsizer.axi_downsizer_inst/USE_WRITE.write_addr_inst/cmd_queue/inst/fifo_gen_inst/inst_fifo_gen/gconvfifo.rf/grf.rf/gntv_or_sync_fifo.gl0.wr/wpntr/gcc0.gc0.count_reg[3]/C
                         clock pessimism             -0.153     1.126    
    SLICE_X55Y86         FDCE (Remov_DFF_SLICEL_C_CLR)
                                                     -0.020     1.106    ps_i/axi_interconnect_0/s00_couplers/auto_ds/inst/gen_downsizer.gen_simple_downsizer.axi_downsizer_inst/USE_WRITE.write_addr_inst/cmd_queue/inst/fifo_gen_inst/inst_fifo_gen/gconvfifo.rf/grf.rf/gntv_or_sync_fifo.gl0.wr/wpntr/gcc0.gc0.count_reg[3]
  -------------------------------------------------------------------
                         required time                         -1.106    
                         arrival time                           1.272    
  -------------------------------------------------------------------
                         slack                                  0.166    

Slack (MET) :             0.166ns  (arrival time - required time)
  Source:                 ps_i/axi_interconnect_0/s00_couplers/auto_ds/inst/gen_downsizer.gen_simple_downsizer.axi_downsizer_inst/USE_WRITE.write_addr_inst/cmd_queue/inst/fifo_gen_inst/inst_fifo_gen/gconvfifo.rf/grf.rf/rstblk/ngwrdrst.grst.g7serrst.gnsckt_wrst.gcc_rst.sckt_wr_rst_cc_reg[0]/C
                            (rising edge-triggered cell FDRE clocked by clk_pl_0  {rise@0.000ns fall@5.000ns period=10.000ns})
  Destination:            ps_i/axi_interconnect_0/s00_couplers/auto_ds/inst/gen_downsizer.gen_simple_downsizer.axi_downsizer_inst/USE_WRITE.write_addr_inst/cmd_queue/inst/fifo_gen_inst/inst_fifo_gen/gconvfifo.rf/grf.rf/gntv_or_sync_fifo.gl0.wr/wpntr/gcc0.gc0.count_reg[4]/CLR
                            (removal check against rising-edge clock clk_pl_0  {rise@0.000ns fall@5.000ns period=10.000ns})
  Path Group:             **async_default**
  Path Type:              Removal (Min at Fast Process Corner)
  Requirement:            0.000ns  (clk_pl_0 rise@0.000ns - clk_pl_0 rise@0.000ns)
  Data Path Delay:        0.154ns  (logic 0.052ns (33.773%)  route 0.102ns (66.227%))
  Logic Levels:           1  (LUT3=1)
  Clock Path Skew:        0.008ns (DCD - SCD - CPR)
    Destination Clock Delay (DCD):    1.279ns
    Source Clock Delay      (SCD):    1.118ns
    Clock Pessimism Removal (CPR):    0.153ns
  Clock Net Delay (Source):      0.979ns (routing 0.311ns, distribution 0.668ns)
  Clock Net Delay (Destination): 1.107ns (routing 0.352ns, distribution 0.755ns)

    Location             Delay type                Incr(ns)  Path(ns)    Netlist Resource(s)
  -------------------------------------------------------------------    -------------------
                         (clock clk_pl_0 rise edge)
                                                      0.000     0.000 r  
    PS8_X0Y0             PS8                          0.000     0.000 r  ps_i/zynq_ultra_ps_e_0/inst/PS8_i/PLCLK[0]
                         net (fo=1, routed)           0.122     0.122    ps_i/zynq_ultra_ps_e_0/inst/pl_clk_unbuffered[0]
    BUFG_PS_X0Y80                                                     r  ps_i/zynq_ultra_ps_e_0/inst/buffer_pl_clk_0.PL_CLK_0_BUFG/I
    BUFG_PS_X0Y80        BUFG_PS (Prop_BUFG_PS_I_O)
                                                      0.017     0.139 r  ps_i/zynq_ultra_ps_e_0/inst/buffer_pl_clk_0.PL_CLK_0_BUFG/O
    X1Y2 (CLOCK_ROOT)    net (fo=6797, routed)        0.979     1.118    ps_i/axi_interconnect_0/s00_couplers/auto_ds/inst/gen_downsizer.gen_simple_downsizer.axi_downsizer_inst/USE_WRITE.write_addr_inst/cmd_queue/inst/fifo_gen_inst/inst_fifo_gen/gconvfifo.rf/grf.rf/rstblk/clk
    SLICE_X54Y86         FDRE                                         r  ps_i/axi_interconnect_0/s00_couplers/auto_ds/inst/gen_downsizer.gen_simple_downsizer.axi_downsizer_inst/USE_WRITE.write_addr_inst/cmd_queue/inst/fifo_gen_inst/inst_fifo_gen/gconvfifo.rf/grf.rf/rstblk/ngwrdrst.grst.g7serrst.gnsckt_wrst.gcc_rst.sckt_wr_rst_cc_reg[0]/C
  -------------------------------------------------------------------    -------------------
    SLICE_X54Y86         FDRE (Prop_AFF_SLICEM_C_Q)
                                                      0.038     1.156 f  ps_i/axi_interconnect_0/s00_couplers/auto_ds/inst/gen_downsizer.gen_simple_downsizer.axi_downsizer_inst/USE_WRITE.write_addr_inst/cmd_queue/inst/fifo_gen_inst/inst_fifo_gen/gconvfifo.rf/grf.rf/rstblk/ngwrdrst.grst.g7serrst.gnsckt_wrst.gcc_rst.sckt_wr_rst_cc_reg[0]/Q
                         net (fo=3, routed)           0.029     1.185    ps_i/axi_interconnect_0/s00_couplers/auto_ds/inst/gen_downsizer.gen_simple_downsizer.axi_downsizer_inst/USE_WRITE.write_addr_inst/cmd_queue/inst/fifo_gen_inst/inst_fifo_gen/gconvfifo.rf/grf.rf/rstblk/ngwrdrst.grst.g7serrst.gnsckt_wrst.gcc_rst.sckt_wr_rst_cc[0]
    SLICE_X54Y86                                                      f  ps_i/axi_interconnect_0/s00_couplers/auto_ds/inst/gen_downsizer.gen_simple_downsizer.axi_downsizer_inst/USE_WRITE.write_addr_inst/cmd_queue/inst/fifo_gen_inst/inst_fifo_gen/gconvfifo.rf/grf.rf/rstblk/gpregsm1.curr_fwft_state[1]_i_2/I1
    SLICE_X54Y86         LUT3 (Prop_E6LUT_SLICEM_I1_O)
                                                      0.014     1.199 f  ps_i/axi_interconnect_0/s00_couplers/auto_ds/inst/gen_downsizer.gen_simple_downsizer.axi_downsizer_inst/USE_WRITE.write_addr_inst/cmd_queue/inst/fifo_gen_inst/inst_fifo_gen/gconvfifo.rf/grf.rf/rstblk/gpregsm1.curr_fwft_state[1]_i_2/O
                         net (fo=32, routed)          0.073     1.272    ps_i/axi_interconnect_0/s00_couplers/auto_ds/inst/gen_downsizer.gen_simple_downsizer.axi_downsizer_inst/USE_WRITE.write_addr_inst/cmd_queue/inst/fifo_gen_inst/inst_fifo_gen/gconvfifo.rf/grf.rf/gntv_or_sync_fifo.gl0.wr/wpntr/AR[0]
    SLICE_X55Y86         FDCE                                         f  ps_i/axi_interconnect_0/s00_couplers/auto_ds/inst/gen_downsizer.gen_simple_downsizer.axi_downsizer_inst/USE_WRITE.write_addr_inst/cmd_queue/inst/fifo_gen_inst/inst_fifo_gen/gconvfifo.rf/grf.rf/gntv_or_sync_fifo.gl0.wr/wpntr/gcc0.gc0.count_reg[4]/CLR
  -------------------------------------------------------------------    -------------------

                         (clock clk_pl_0 rise edge)
                                                      0.000     0.000 r  
    PS8_X0Y0             PS8                          0.000     0.000 r  ps_i/zynq_ultra_ps_e_0/inst/PS8_i/PLCLK[0]
                         net (fo=1, routed)           0.154     0.154    ps_i/zynq_ultra_ps_e_0/inst/pl_clk_unbuffered[0]
    BUFG_PS_X0Y80                                                     r  ps_i/zynq_ultra_ps_e_0/inst/buffer_pl_clk_0.PL_CLK_0_BUFG/I
    BUFG_PS_X0Y80        BUFG_PS (Prop_BUFG_PS_I_O)
                                                      0.018     0.172 r  ps_i/zynq_ultra_ps_e_0/inst/buffer_pl_clk_0.PL_CLK_0_BUFG/O
    X1Y2 (CLOCK_ROOT)    net (fo=6797, routed)        1.107     1.279    ps_i/axi_interconnect_0/s00_couplers/auto_ds/inst/gen_downsizer.gen_simple_downsizer.axi_downsizer_inst/USE_WRITE.write_addr_inst/cmd_queue/inst/fifo_gen_inst/inst_fifo_gen/gconvfifo.rf/grf.rf/gntv_or_sync_fifo.gl0.wr/wpntr/clk
    SLICE_X55Y86         FDCE                                         r  ps_i/axi_interconnect_0/s00_couplers/auto_ds/inst/gen_downsizer.gen_simple_downsizer.axi_downsizer_inst/USE_WRITE.write_addr_inst/cmd_queue/inst/fifo_gen_inst/inst_fifo_gen/gconvfifo.rf/grf.rf/gntv_or_sync_fifo.gl0.wr/wpntr/gcc0.gc0.count_reg[4]/C
                         clock pessimism             -0.153     1.126    
    SLICE_X55Y86         FDCE (Remov_DFF2_SLICEL_C_CLR)
                                                     -0.020     1.106    ps_i/axi_interconnect_0/s00_couplers/auto_ds/inst/gen_downsizer.gen_simple_downsizer.axi_downsizer_inst/USE_WRITE.write_addr_inst/cmd_queue/inst/fifo_gen_inst/inst_fifo_gen/gconvfifo.rf/grf.rf/gntv_or_sync_fifo.gl0.wr/wpntr/gcc0.gc0.count_reg[4]
  -------------------------------------------------------------------
                         required time                         -1.106    
                         arrival time                           1.272    
  -------------------------------------------------------------------
                         slack                                  0.166    





--------------------------------------------------------------------------------------
Path Group:  (none)
From Clock:  
  To Clock:  clk_pl_0

Max Delay             1 Endpoint
Min Delay             1 Endpoint
--------------------------------------------------------------------------------------


Max Delay Paths
--------------------------------------------------------------------------------------
Slack:                    inf
  Source:                 ps_i/zynq_ultra_ps_e_0/inst/PS8_i/EMIOGPIOO[95]
                            (internal pin)
  Destination:            ps_i/proc_sys_reset_0/U0/EXT_LPF/ACTIVE_LOW_EXT.ACT_LO_EXT/GENERATE_LEVEL_P_S_CDC.SINGLE_BIT.CROSS_PLEVEL_IN2SCNDRY_IN_cdc_to/D
                            (rising edge-triggered cell FDRE clocked by clk_pl_0  {rise@0.000ns fall@5.000ns period=10.000ns})
  Path Group:             (none)
  Path Type:              Setup (Max at Slow Process Corner)
  Data Path Delay:        1.197ns  (logic 0.037ns (3.091%)  route 1.160ns (96.909%))
  Logic Levels:           1  (LUT1=1)
  Clock Uncertainty:      0.127ns  ((TSJ^2 + DJ^2)^1/2) / 2 + PE
    Total System Jitter     (TSJ):    0.050ns
    Discrete Jitter          (DJ):    0.250ns
    Phase Error              (PE):    0.000ns
  Clock Net Delay (Destination): 1.597ns (routing 0.512ns, distribution 1.085ns)
  Timing Exception:       False Path

    Location             Delay type                Incr(ns)  Path(ns)    Netlist Resource(s)
  -------------------------------------------------------------------    -------------------
    PS8_X0Y0             PS8                          0.000     0.000 f  ps_i/zynq_ultra_ps_e_0/inst/PS8_i/EMIOGPIOO[95]
                         net (fo=1, routed)           0.751     0.751    ps_i/proc_sys_reset_0/U0/EXT_LPF/ACTIVE_LOW_EXT.ACT_LO_EXT/ext_reset_in
    SLICE_X54Y187                                                     f  ps_i/proc_sys_reset_0/U0/EXT_LPF/ACTIVE_LOW_EXT.ACT_LO_EXT/GENERATE_LEVEL_P_S_CDC.SINGLE_BIT.CROSS_PLEVEL_IN2SCNDRY_IN_cdc_to_i_1/I0
    SLICE_X54Y187        LUT1 (Prop_D6LUT_SLICEM_I0_O)
                                                      0.037     0.788 r  ps_i/proc_sys_reset_0/U0/EXT_LPF/ACTIVE_LOW_EXT.ACT_LO_EXT/GENERATE_LEVEL_P_S_CDC.SINGLE_BIT.CROSS_PLEVEL_IN2SCNDRY_IN_cdc_to_i_1/O
                         net (fo=1, routed)           0.409     1.197    ps_i/proc_sys_reset_0/U0/EXT_LPF/ACTIVE_LOW_EXT.ACT_LO_EXT/exr_d1
    SLICE_X58Y181        FDRE                                         r  ps_i/proc_sys_reset_0/U0/EXT_LPF/ACTIVE_LOW_EXT.ACT_LO_EXT/GENERATE_LEVEL_P_S_CDC.SINGLE_BIT.CROSS_PLEVEL_IN2SCNDRY_IN_cdc_to/D
  -------------------------------------------------------------------    -------------------

                         (clock clk_pl_0 rise edge)
                                                      0.000     0.000 r  
    PS8_X0Y0             PS8                          0.000     0.000 r  ps_i/zynq_ultra_ps_e_0/inst/PS8_i/PLCLK[0]
                         net (fo=1, routed)           0.143     0.143    ps_i/zynq_ultra_ps_e_0/inst/pl_clk_unbuffered[0]
    BUFG_PS_X0Y80                                                     r  ps_i/zynq_ultra_ps_e_0/inst/buffer_pl_clk_0.PL_CLK_0_BUFG/I
    BUFG_PS_X0Y80        BUFG_PS (Prop_BUFG_PS_I_O)
                                                      0.025     0.168 r  ps_i/zynq_ultra_ps_e_0/inst/buffer_pl_clk_0.PL_CLK_0_BUFG/O
    X1Y2 (CLOCK_ROOT)    net (fo=6797, routed)        1.597     1.765    ps_i/proc_sys_reset_0/U0/EXT_LPF/ACTIVE_LOW_EXT.ACT_LO_EXT/slowest_sync_clk
    SLICE_X58Y181        FDRE                                         r  ps_i/proc_sys_reset_0/U0/EXT_LPF/ACTIVE_LOW_EXT.ACT_LO_EXT/GENERATE_LEVEL_P_S_CDC.SINGLE_BIT.CROSS_PLEVEL_IN2SCNDRY_IN_cdc_to/C





Min Delay Paths
--------------------------------------------------------------------------------------
Slack:                    inf
  Source:                 ps_i/zynq_ultra_ps_e_0/inst/PS8_i/EMIOGPIOO[95]
                            (internal pin)
  Destination:            ps_i/proc_sys_reset_0/U0/EXT_LPF/ACTIVE_LOW_EXT.ACT_LO_EXT/GENERATE_LEVEL_P_S_CDC.SINGLE_BIT.CROSS_PLEVEL_IN2SCNDRY_IN_cdc_to/D
                            (rising edge-triggered cell FDRE clocked by clk_pl_0  {rise@0.000ns fall@5.000ns period=10.000ns})
  Path Group:             (none)
  Path Type:              Hold (Min at Fast Process Corner)
  Data Path Delay:        0.568ns  (logic 0.014ns (2.465%)  route 0.554ns (97.535%))
  Logic Levels:           1  (LUT1=1)
  Clock Uncertainty:      0.127ns  ((TSJ^2 + DJ^2)^1/2) / 2 + PE
    Total System Jitter     (TSJ):    0.050ns
    Discrete Jitter          (DJ):    0.250ns
    Phase Error              (PE):    0.000ns
  Clock Net Delay (Destination): 1.119ns (routing 0.352ns, distribution 0.767ns)
  Timing Exception:       False Path

    Location             Delay type                Incr(ns)  Path(ns)    Netlist Resource(s)
  -------------------------------------------------------------------    -------------------
    PS8_X0Y0             PS8                          0.000     0.000 f  ps_i/zynq_ultra_ps_e_0/inst/PS8_i/EMIOGPIOO[95]
                         net (fo=1, routed)           0.391     0.391    ps_i/proc_sys_reset_0/U0/EXT_LPF/ACTIVE_LOW_EXT.ACT_LO_EXT/ext_reset_in
    SLICE_X54Y187                                                     f  ps_i/proc_sys_reset_0/U0/EXT_LPF/ACTIVE_LOW_EXT.ACT_LO_EXT/GENERATE_LEVEL_P_S_CDC.SINGLE_BIT.CROSS_PLEVEL_IN2SCNDRY_IN_cdc_to_i_1/I0
    SLICE_X54Y187        LUT1 (Prop_D6LUT_SLICEM_I0_O)
                                                      0.014     0.405 r  ps_i/proc_sys_reset_0/U0/EXT_LPF/ACTIVE_LOW_EXT.ACT_LO_EXT/GENERATE_LEVEL_P_S_CDC.SINGLE_BIT.CROSS_PLEVEL_IN2SCNDRY_IN_cdc_to_i_1/O
                         net (fo=1, routed)           0.163     0.568    ps_i/proc_sys_reset_0/U0/EXT_LPF/ACTIVE_LOW_EXT.ACT_LO_EXT/exr_d1
    SLICE_X58Y181        FDRE                                         r  ps_i/proc_sys_reset_0/U0/EXT_LPF/ACTIVE_LOW_EXT.ACT_LO_EXT/GENERATE_LEVEL_P_S_CDC.SINGLE_BIT.CROSS_PLEVEL_IN2SCNDRY_IN_cdc_to/D
  -------------------------------------------------------------------    -------------------

                         (clock clk_pl_0 rise edge)
                                                      0.000     0.000 r  
    PS8_X0Y0             PS8                          0.000     0.000 r  ps_i/zynq_ultra_ps_e_0/inst/PS8_i/PLCLK[0]
                         net (fo=1, routed)           0.154     0.154    ps_i/zynq_ultra_ps_e_0/inst/pl_clk_unbuffered[0]
    BUFG_PS_X0Y80                                                     r  ps_i/zynq_ultra_ps_e_0/inst/buffer_pl_clk_0.PL_CLK_0_BUFG/I
    BUFG_PS_X0Y80        BUFG_PS (Prop_BUFG_PS_I_O)
                                                      0.018     0.172 r  ps_i/zynq_ultra_ps_e_0/inst/buffer_pl_clk_0.PL_CLK_0_BUFG/O
    X1Y2 (CLOCK_ROOT)    net (fo=6797, routed)        1.119     1.291    ps_i/proc_sys_reset_0/U0/EXT_LPF/ACTIVE_LOW_EXT.ACT_LO_EXT/slowest_sync_clk
    SLICE_X58Y181        FDRE                                         r  ps_i/proc_sys_reset_0/U0/EXT_LPF/ACTIVE_LOW_EXT.ACT_LO_EXT/GENERATE_LEVEL_P_S_CDC.SINGLE_BIT.CROSS_PLEVEL_IN2SCNDRY_IN_cdc_to/C





--------------------------------------------------------------------------------------
Path Group:  (none)
From Clock:  clk_pl_0
  To Clock:  clk_pl_0

Max Delay             6 Endpoints
Min Delay             6 Endpoints
--------------------------------------------------------------------------------------


Max Delay Paths
--------------------------------------------------------------------------------------
Slack:                    inf
  Source:                 ps_i/proc_sys_reset_0/U0/ACTIVE_LOW_BSR_OUT_DFF[0].FDRE_BSR_N/C
                            (rising edge-triggered cell FDRE clocked by clk_pl_0  {rise@0.000ns fall@5.000ns period=10.000ns})
  Destination:            ps_i/axi_interconnect_0/s00_couplers/auto_ds/inst/gen_downsizer.gen_simple_downsizer.axi_downsizer_inst/USE_READ.read_addr_inst/cmd_queue/inst/fifo_gen_inst/inst_fifo_gen/gconvfifo.rf/grf.rf/rstblk/ngwrdrst.grst.g7serrst.gnsckt_wrst.rst_wr_reg2_inst/arststages_ff_reg[0]/PRE
                            (recovery check against rising-edge clock clk_pl_0  {rise@0.000ns fall@5.000ns period=10.000ns})
  Path Group:             (none)
  Path Type:              Recovery (Max at Slow Process Corner)
  Data Path Delay:        2.112ns  (logic 0.076ns (3.598%)  route 2.036ns (96.402%))
  Logic Levels:           0  
  Clock Path Skew:        -0.320ns (DCD - SCD + CPR)
    Destination Clock Delay (DCD):    1.724ns
    Source Clock Delay      (SCD):    2.044ns
    Clock Pessimism Removal (CPR):    0.000ns
  Clock Uncertainty:      0.130ns  ((TSJ^2 + DJ^2)^1/2) / 2 + PE
    Total System Jitter     (TSJ):    0.071ns
    Discrete Jitter          (DJ):    0.250ns
    Phase Error              (PE):    0.000ns
  Clock Net Delay (Source):      1.836ns (routing 0.569ns, distribution 1.267ns)
  Clock Net Delay (Destination): 1.556ns (routing 0.512ns, distribution 1.044ns)
  Timing Exception:       False Path

    Location             Delay type                Incr(ns)  Path(ns)    Netlist Resource(s)
  -------------------------------------------------------------------    -------------------
                         (clock clk_pl_0 rise edge)
                                                      0.000     0.000 r  
    PS8_X0Y0             PS8                          0.000     0.000 r  ps_i/zynq_ultra_ps_e_0/inst/PS8_i/PLCLK[0]
                         net (fo=1, routed)           0.180     0.180    ps_i/zynq_ultra_ps_e_0/inst/pl_clk_unbuffered[0]
    BUFG_PS_X0Y80                                                     r  ps_i/zynq_ultra_ps_e_0/inst/buffer_pl_clk_0.PL_CLK_0_BUFG/I
    BUFG_PS_X0Y80        BUFG_PS (Prop_BUFG_PS_I_O)
                                                      0.028     0.208 r  ps_i/zynq_ultra_ps_e_0/inst/buffer_pl_clk_0.PL_CLK_0_BUFG/O
    X1Y2 (CLOCK_ROOT)    net (fo=6797, routed)        1.836     2.044    ps_i/proc_sys_reset_0/U0/slowest_sync_clk
    SLICE_X64Y190        FDRE                                         r  ps_i/proc_sys_reset_0/U0/ACTIVE_LOW_BSR_OUT_DFF[0].FDRE_BSR_N/C
  -------------------------------------------------------------------    -------------------
    SLICE_X64Y190        FDRE (Prop_EFF_SLICEM_C_Q)
                                                      0.076     2.120 r  ps_i/proc_sys_reset_0/U0/ACTIVE_LOW_BSR_OUT_DFF[0].FDRE_BSR_N/Q
                         net (fo=254, routed)         2.036     4.156    ps_i/axi_interconnect_0/s00_couplers/auto_ds/inst/gen_downsizer.gen_simple_downsizer.axi_downsizer_inst/USE_READ.read_addr_inst/cmd_queue/inst/fifo_gen_inst/inst_fifo_gen/gconvfifo.rf/grf.rf/rstblk/ngwrdrst.grst.g7serrst.gnsckt_wrst.rst_wr_reg2_inst/src_arst
    SLICE_X52Y108        FDPE                                         f  ps_i/axi_interconnect_0/s00_couplers/auto_ds/inst/gen_downsizer.gen_simple_downsizer.axi_downsizer_inst/USE_READ.read_addr_inst/cmd_queue/inst/fifo_gen_inst/inst_fifo_gen/gconvfifo.rf/grf.rf/rstblk/ngwrdrst.grst.g7serrst.gnsckt_wrst.rst_wr_reg2_inst/arststages_ff_reg[0]/PRE  (IS_INVERTED)
  -------------------------------------------------------------------    -------------------

                         (clock clk_pl_0 rise edge)
                                                      0.000     0.000 r  
    PS8_X0Y0             PS8                          0.000     0.000 r  ps_i/zynq_ultra_ps_e_0/inst/PS8_i/PLCLK[0]
                         net (fo=1, routed)           0.143     0.143    ps_i/zynq_ultra_ps_e_0/inst/pl_clk_unbuffered[0]
    BUFG_PS_X0Y80                                                     r  ps_i/zynq_ultra_ps_e_0/inst/buffer_pl_clk_0.PL_CLK_0_BUFG/I
    BUFG_PS_X0Y80        BUFG_PS (Prop_BUFG_PS_I_O)
                                                      0.025     0.168 r  ps_i/zynq_ultra_ps_e_0/inst/buffer_pl_clk_0.PL_CLK_0_BUFG/O
    X1Y2 (CLOCK_ROOT)    net (fo=6797, routed)        1.556     1.724    ps_i/axi_interconnect_0/s00_couplers/auto_ds/inst/gen_downsizer.gen_simple_downsizer.axi_downsizer_inst/USE_READ.read_addr_inst/cmd_queue/inst/fifo_gen_inst/inst_fifo_gen/gconvfifo.rf/grf.rf/rstblk/ngwrdrst.grst.g7serrst.gnsckt_wrst.rst_wr_reg2_inst/dest_clk
    SLICE_X52Y108        FDPE                                         r  ps_i/axi_interconnect_0/s00_couplers/auto_ds/inst/gen_downsizer.gen_simple_downsizer.axi_downsizer_inst/USE_READ.read_addr_inst/cmd_queue/inst/fifo_gen_inst/inst_fifo_gen/gconvfifo.rf/grf.rf/rstblk/ngwrdrst.grst.g7serrst.gnsckt_wrst.rst_wr_reg2_inst/arststages_ff_reg[0]/C

Slack:                    inf
  Source:                 ps_i/proc_sys_reset_0/U0/ACTIVE_LOW_BSR_OUT_DFF[0].FDRE_BSR_N/C
                            (rising edge-triggered cell FDRE clocked by clk_pl_0  {rise@0.000ns fall@5.000ns period=10.000ns})
  Destination:            ps_i/axi_interconnect_0/s00_couplers/auto_ds/inst/gen_downsizer.gen_simple_downsizer.axi_downsizer_inst/USE_READ.read_addr_inst/cmd_queue/inst/fifo_gen_inst/inst_fifo_gen/gconvfifo.rf/grf.rf/rstblk/ngwrdrst.grst.g7serrst.gnsckt_wrst.rst_wr_reg2_inst/arststages_ff_reg[1]/PRE
                            (recovery check against rising-edge clock clk_pl_0  {rise@0.000ns fall@5.000ns period=10.000ns})
  Path Group:             (none)
  Path Type:              Recovery (Max at Slow Process Corner)
  Data Path Delay:        2.112ns  (logic 0.076ns (3.598%)  route 2.036ns (96.402%))
  Logic Levels:           0  
  Clock Path Skew:        -0.320ns (DCD - SCD + CPR)
    Destination Clock Delay (DCD):    1.724ns
    Source Clock Delay      (SCD):    2.044ns
    Clock Pessimism Removal (CPR):    0.000ns
  Clock Uncertainty:      0.130ns  ((TSJ^2 + DJ^2)^1/2) / 2 + PE
    Total System Jitter     (TSJ):    0.071ns
    Discrete Jitter          (DJ):    0.250ns
    Phase Error              (PE):    0.000ns
  Clock Net Delay (Source):      1.836ns (routing 0.569ns, distribution 1.267ns)
  Clock Net Delay (Destination): 1.556ns (routing 0.512ns, distribution 1.044ns)
  Timing Exception:       False Path

    Location             Delay type                Incr(ns)  Path(ns)    Netlist Resource(s)
  -------------------------------------------------------------------    -------------------
                         (clock clk_pl_0 rise edge)
                                                      0.000     0.000 r  
    PS8_X0Y0             PS8                          0.000     0.000 r  ps_i/zynq_ultra_ps_e_0/inst/PS8_i/PLCLK[0]
                         net (fo=1, routed)           0.180     0.180    ps_i/zynq_ultra_ps_e_0/inst/pl_clk_unbuffered[0]
    BUFG_PS_X0Y80                                                     r  ps_i/zynq_ultra_ps_e_0/inst/buffer_pl_clk_0.PL_CLK_0_BUFG/I
    BUFG_PS_X0Y80        BUFG_PS (Prop_BUFG_PS_I_O)
                                                      0.028     0.208 r  ps_i/zynq_ultra_ps_e_0/inst/buffer_pl_clk_0.PL_CLK_0_BUFG/O
    X1Y2 (CLOCK_ROOT)    net (fo=6797, routed)        1.836     2.044    ps_i/proc_sys_reset_0/U0/slowest_sync_clk
    SLICE_X64Y190        FDRE                                         r  ps_i/proc_sys_reset_0/U0/ACTIVE_LOW_BSR_OUT_DFF[0].FDRE_BSR_N/C
  -------------------------------------------------------------------    -------------------
    SLICE_X64Y190        FDRE (Prop_EFF_SLICEM_C_Q)
                                                      0.076     2.120 r  ps_i/proc_sys_reset_0/U0/ACTIVE_LOW_BSR_OUT_DFF[0].FDRE_BSR_N/Q
                         net (fo=254, routed)         2.036     4.156    ps_i/axi_interconnect_0/s00_couplers/auto_ds/inst/gen_downsizer.gen_simple_downsizer.axi_downsizer_inst/USE_READ.read_addr_inst/cmd_queue/inst/fifo_gen_inst/inst_fifo_gen/gconvfifo.rf/grf.rf/rstblk/ngwrdrst.grst.g7serrst.gnsckt_wrst.rst_wr_reg2_inst/src_arst
    SLICE_X52Y108        FDPE                                         f  ps_i/axi_interconnect_0/s00_couplers/auto_ds/inst/gen_downsizer.gen_simple_downsizer.axi_downsizer_inst/USE_READ.read_addr_inst/cmd_queue/inst/fifo_gen_inst/inst_fifo_gen/gconvfifo.rf/grf.rf/rstblk/ngwrdrst.grst.g7serrst.gnsckt_wrst.rst_wr_reg2_inst/arststages_ff_reg[1]/PRE  (IS_INVERTED)
  -------------------------------------------------------------------    -------------------

                         (clock clk_pl_0 rise edge)
                                                      0.000     0.000 r  
    PS8_X0Y0             PS8                          0.000     0.000 r  ps_i/zynq_ultra_ps_e_0/inst/PS8_i/PLCLK[0]
                         net (fo=1, routed)           0.143     0.143    ps_i/zynq_ultra_ps_e_0/inst/pl_clk_unbuffered[0]
    BUFG_PS_X0Y80                                                     r  ps_i/zynq_ultra_ps_e_0/inst/buffer_pl_clk_0.PL_CLK_0_BUFG/I
    BUFG_PS_X0Y80        BUFG_PS (Prop_BUFG_PS_I_O)
                                                      0.025     0.168 r  ps_i/zynq_ultra_ps_e_0/inst/buffer_pl_clk_0.PL_CLK_0_BUFG/O
    X1Y2 (CLOCK_ROOT)    net (fo=6797, routed)        1.556     1.724    ps_i/axi_interconnect_0/s00_couplers/auto_ds/inst/gen_downsizer.gen_simple_downsizer.axi_downsizer_inst/USE_READ.read_addr_inst/cmd_queue/inst/fifo_gen_inst/inst_fifo_gen/gconvfifo.rf/grf.rf/rstblk/ngwrdrst.grst.g7serrst.gnsckt_wrst.rst_wr_reg2_inst/dest_clk
    SLICE_X52Y108        FDPE                                         r  ps_i/axi_interconnect_0/s00_couplers/auto_ds/inst/gen_downsizer.gen_simple_downsizer.axi_downsizer_inst/USE_READ.read_addr_inst/cmd_queue/inst/fifo_gen_inst/inst_fifo_gen/gconvfifo.rf/grf.rf/rstblk/ngwrdrst.grst.g7serrst.gnsckt_wrst.rst_wr_reg2_inst/arststages_ff_reg[1]/C

Slack:                    inf
  Source:                 ps_i/proc_sys_reset_0/U0/ACTIVE_LOW_BSR_OUT_DFF[0].FDRE_BSR_N/C
                            (rising edge-triggered cell FDRE clocked by clk_pl_0  {rise@0.000ns fall@5.000ns period=10.000ns})
  Destination:            ps_i/axi_interconnect_0/s00_couplers/auto_ds/inst/gen_downsizer.gen_simple_downsizer.axi_downsizer_inst/USE_WRITE.write_addr_inst/cmd_queue/inst/fifo_gen_inst/inst_fifo_gen/gconvfifo.rf/grf.rf/rstblk/ngwrdrst.grst.g7serrst.gnsckt_wrst.rst_wr_reg2_inst/arststages_ff_reg[0]/PRE
                            (recovery check against rising-edge clock clk_pl_0  {rise@0.000ns fall@5.000ns period=10.000ns})
  Path Group:             (none)
  Path Type:              Recovery (Max at Slow Process Corner)
  Data Path Delay:        2.108ns  (logic 0.076ns (3.605%)  route 2.032ns (96.395%))
  Logic Levels:           0  
  Clock Path Skew:        -0.326ns (DCD - SCD + CPR)
    Destination Clock Delay (DCD):    1.718ns
    Source Clock Delay      (SCD):    2.044ns
    Clock Pessimism Removal (CPR):    0.000ns
  Clock Uncertainty:      0.130ns  ((TSJ^2 + DJ^2)^1/2) / 2 + PE
    Total System Jitter     (TSJ):    0.071ns
    Discrete Jitter          (DJ):    0.250ns
    Phase Error              (PE):    0.000ns
  Clock Net Delay (Source):      1.836ns (routing 0.569ns, distribution 1.267ns)
  Clock Net Delay (Destination): 1.550ns (routing 0.512ns, distribution 1.038ns)
  Timing Exception:       False Path

    Location             Delay type                Incr(ns)  Path(ns)    Netlist Resource(s)
  -------------------------------------------------------------------    -------------------
                         (clock clk_pl_0 rise edge)
                                                      0.000     0.000 r  
    PS8_X0Y0             PS8                          0.000     0.000 r  ps_i/zynq_ultra_ps_e_0/inst/PS8_i/PLCLK[0]
                         net (fo=1, routed)           0.180     0.180    ps_i/zynq_ultra_ps_e_0/inst/pl_clk_unbuffered[0]
    BUFG_PS_X0Y80                                                     r  ps_i/zynq_ultra_ps_e_0/inst/buffer_pl_clk_0.PL_CLK_0_BUFG/I
    BUFG_PS_X0Y80        BUFG_PS (Prop_BUFG_PS_I_O)
                                                      0.028     0.208 r  ps_i/zynq_ultra_ps_e_0/inst/buffer_pl_clk_0.PL_CLK_0_BUFG/O
    X1Y2 (CLOCK_ROOT)    net (fo=6797, routed)        1.836     2.044    ps_i/proc_sys_reset_0/U0/slowest_sync_clk
    SLICE_X64Y190        FDRE                                         r  ps_i/proc_sys_reset_0/U0/ACTIVE_LOW_BSR_OUT_DFF[0].FDRE_BSR_N/C
  -------------------------------------------------------------------    -------------------
    SLICE_X64Y190        FDRE (Prop_EFF_SLICEM_C_Q)
                                                      0.076     2.120 r  ps_i/proc_sys_reset_0/U0/ACTIVE_LOW_BSR_OUT_DFF[0].FDRE_BSR_N/Q
                         net (fo=254, routed)         2.032     4.153    ps_i/axi_interconnect_0/s00_couplers/auto_ds/inst/gen_downsizer.gen_simple_downsizer.axi_downsizer_inst/USE_WRITE.write_addr_inst/cmd_queue/inst/fifo_gen_inst/inst_fifo_gen/gconvfifo.rf/grf.rf/rstblk/ngwrdrst.grst.g7serrst.gnsckt_wrst.rst_wr_reg2_inst/src_arst
    SLICE_X56Y86         FDPE                                         f  ps_i/axi_interconnect_0/s00_couplers/auto_ds/inst/gen_downsizer.gen_simple_downsizer.axi_downsizer_inst/USE_WRITE.write_addr_inst/cmd_queue/inst/fifo_gen_inst/inst_fifo_gen/gconvfifo.rf/grf.rf/rstblk/ngwrdrst.grst.g7serrst.gnsckt_wrst.rst_wr_reg2_inst/arststages_ff_reg[0]/PRE  (IS_INVERTED)
  -------------------------------------------------------------------    -------------------

                         (clock clk_pl_0 rise edge)
                                                      0.000     0.000 r  
    PS8_X0Y0             PS8                          0.000     0.000 r  ps_i/zynq_ultra_ps_e_0/inst/PS8_i/PLCLK[0]
                         net (fo=1, routed)           0.143     0.143    ps_i/zynq_ultra_ps_e_0/inst/pl_clk_unbuffered[0]
    BUFG_PS_X0Y80                                                     r  ps_i/zynq_ultra_ps_e_0/inst/buffer_pl_clk_0.PL_CLK_0_BUFG/I
    BUFG_PS_X0Y80        BUFG_PS (Prop_BUFG_PS_I_O)
                                                      0.025     0.168 r  ps_i/zynq_ultra_ps_e_0/inst/buffer_pl_clk_0.PL_CLK_0_BUFG/O
    X1Y2 (CLOCK_ROOT)    net (fo=6797, routed)        1.550     1.718    ps_i/axi_interconnect_0/s00_couplers/auto_ds/inst/gen_downsizer.gen_simple_downsizer.axi_downsizer_inst/USE_WRITE.write_addr_inst/cmd_queue/inst/fifo_gen_inst/inst_fifo_gen/gconvfifo.rf/grf.rf/rstblk/ngwrdrst.grst.g7serrst.gnsckt_wrst.rst_wr_reg2_inst/dest_clk
    SLICE_X56Y86         FDPE                                         r  ps_i/axi_interconnect_0/s00_couplers/auto_ds/inst/gen_downsizer.gen_simple_downsizer.axi_downsizer_inst/USE_WRITE.write_addr_inst/cmd_queue/inst/fifo_gen_inst/inst_fifo_gen/gconvfifo.rf/grf.rf/rstblk/ngwrdrst.grst.g7serrst.gnsckt_wrst.rst_wr_reg2_inst/arststages_ff_reg[0]/C

Slack:                    inf
  Source:                 ps_i/proc_sys_reset_0/U0/ACTIVE_LOW_BSR_OUT_DFF[0].FDRE_BSR_N/C
                            (rising edge-triggered cell FDRE clocked by clk_pl_0  {rise@0.000ns fall@5.000ns period=10.000ns})
  Destination:            ps_i/axi_interconnect_0/s00_couplers/auto_ds/inst/gen_downsizer.gen_simple_downsizer.axi_downsizer_inst/USE_WRITE.write_addr_inst/cmd_queue/inst/fifo_gen_inst/inst_fifo_gen/gconvfifo.rf/grf.rf/rstblk/ngwrdrst.grst.g7serrst.gnsckt_wrst.rst_wr_reg2_inst/arststages_ff_reg[1]/PRE
                            (recovery check against rising-edge clock clk_pl_0  {rise@0.000ns fall@5.000ns period=10.000ns})
  Path Group:             (none)
  Path Type:              Recovery (Max at Slow Process Corner)
  Data Path Delay:        2.108ns  (logic 0.076ns (3.605%)  route 2.032ns (96.395%))
  Logic Levels:           0  
  Clock Path Skew:        -0.326ns (DCD - SCD + CPR)
    Destination Clock Delay (DCD):    1.718ns
    Source Clock Delay      (SCD):    2.044ns
    Clock Pessimism Removal (CPR):    0.000ns
  Clock Uncertainty:      0.130ns  ((TSJ^2 + DJ^2)^1/2) / 2 + PE
    Total System Jitter     (TSJ):    0.071ns
    Discrete Jitter          (DJ):    0.250ns
    Phase Error              (PE):    0.000ns
  Clock Net Delay (Source):      1.836ns (routing 0.569ns, distribution 1.267ns)
  Clock Net Delay (Destination): 1.550ns (routing 0.512ns, distribution 1.038ns)
  Timing Exception:       False Path

    Location             Delay type                Incr(ns)  Path(ns)    Netlist Resource(s)
  -------------------------------------------------------------------    -------------------
                         (clock clk_pl_0 rise edge)
                                                      0.000     0.000 r  
    PS8_X0Y0             PS8                          0.000     0.000 r  ps_i/zynq_ultra_ps_e_0/inst/PS8_i/PLCLK[0]
                         net (fo=1, routed)           0.180     0.180    ps_i/zynq_ultra_ps_e_0/inst/pl_clk_unbuffered[0]
    BUFG_PS_X0Y80                                                     r  ps_i/zynq_ultra_ps_e_0/inst/buffer_pl_clk_0.PL_CLK_0_BUFG/I
    BUFG_PS_X0Y80        BUFG_PS (Prop_BUFG_PS_I_O)
                                                      0.028     0.208 r  ps_i/zynq_ultra_ps_e_0/inst/buffer_pl_clk_0.PL_CLK_0_BUFG/O
    X1Y2 (CLOCK_ROOT)    net (fo=6797, routed)        1.836     2.044    ps_i/proc_sys_reset_0/U0/slowest_sync_clk
    SLICE_X64Y190        FDRE                                         r  ps_i/proc_sys_reset_0/U0/ACTIVE_LOW_BSR_OUT_DFF[0].FDRE_BSR_N/C
  -------------------------------------------------------------------    -------------------
    SLICE_X64Y190        FDRE (Prop_EFF_SLICEM_C_Q)
                                                      0.076     2.120 r  ps_i/proc_sys_reset_0/U0/ACTIVE_LOW_BSR_OUT_DFF[0].FDRE_BSR_N/Q
                         net (fo=254, routed)         2.032     4.153    ps_i/axi_interconnect_0/s00_couplers/auto_ds/inst/gen_downsizer.gen_simple_downsizer.axi_downsizer_inst/USE_WRITE.write_addr_inst/cmd_queue/inst/fifo_gen_inst/inst_fifo_gen/gconvfifo.rf/grf.rf/rstblk/ngwrdrst.grst.g7serrst.gnsckt_wrst.rst_wr_reg2_inst/src_arst
    SLICE_X56Y86         FDPE                                         f  ps_i/axi_interconnect_0/s00_couplers/auto_ds/inst/gen_downsizer.gen_simple_downsizer.axi_downsizer_inst/USE_WRITE.write_addr_inst/cmd_queue/inst/fifo_gen_inst/inst_fifo_gen/gconvfifo.rf/grf.rf/rstblk/ngwrdrst.grst.g7serrst.gnsckt_wrst.rst_wr_reg2_inst/arststages_ff_reg[1]/PRE  (IS_INVERTED)
  -------------------------------------------------------------------    -------------------

                         (clock clk_pl_0 rise edge)
                                                      0.000     0.000 r  
    PS8_X0Y0             PS8                          0.000     0.000 r  ps_i/zynq_ultra_ps_e_0/inst/PS8_i/PLCLK[0]
                         net (fo=1, routed)           0.143     0.143    ps_i/zynq_ultra_ps_e_0/inst/pl_clk_unbuffered[0]
    BUFG_PS_X0Y80                                                     r  ps_i/zynq_ultra_ps_e_0/inst/buffer_pl_clk_0.PL_CLK_0_BUFG/I
    BUFG_PS_X0Y80        BUFG_PS (Prop_BUFG_PS_I_O)
                                                      0.025     0.168 r  ps_i/zynq_ultra_ps_e_0/inst/buffer_pl_clk_0.PL_CLK_0_BUFG/O
    X1Y2 (CLOCK_ROOT)    net (fo=6797, routed)        1.550     1.718    ps_i/axi_interconnect_0/s00_couplers/auto_ds/inst/gen_downsizer.gen_simple_downsizer.axi_downsizer_inst/USE_WRITE.write_addr_inst/cmd_queue/inst/fifo_gen_inst/inst_fifo_gen/gconvfifo.rf/grf.rf/rstblk/ngwrdrst.grst.g7serrst.gnsckt_wrst.rst_wr_reg2_inst/dest_clk
    SLICE_X56Y86         FDPE                                         r  ps_i/axi_interconnect_0/s00_couplers/auto_ds/inst/gen_downsizer.gen_simple_downsizer.axi_downsizer_inst/USE_WRITE.write_addr_inst/cmd_queue/inst/fifo_gen_inst/inst_fifo_gen/gconvfifo.rf/grf.rf/rstblk/ngwrdrst.grst.g7serrst.gnsckt_wrst.rst_wr_reg2_inst/arststages_ff_reg[1]/C

Slack:                    inf
  Source:                 ps_i/proc_sys_reset_0/U0/ACTIVE_LOW_BSR_OUT_DFF[0].FDRE_BSR_N/C
                            (rising edge-triggered cell FDRE clocked by clk_pl_0  {rise@0.000ns fall@5.000ns period=10.000ns})
  Destination:            ps_i/axi_interconnect_0/s00_couplers/auto_ds/inst/gen_downsizer.gen_simple_downsizer.axi_downsizer_inst/USE_WRITE.write_addr_inst/USE_B_CHANNEL.cmd_b_queue/inst/fifo_gen_inst/inst_fifo_gen/gconvfifo.rf/grf.rf/rstblk/ngwrdrst.grst.g7serrst.gnsckt_wrst.rst_wr_reg2_inst/arststages_ff_reg[0]/PRE
                            (recovery check against rising-edge clock clk_pl_0  {rise@0.000ns fall@5.000ns period=10.000ns})
  Path Group:             (none)
  Path Type:              Recovery (Max at Slow Process Corner)
  Data Path Delay:        1.659ns  (logic 0.076ns (4.582%)  route 1.583ns (95.418%))
  Logic Levels:           0  
  Clock Path Skew:        -0.340ns (DCD - SCD + CPR)
    Destination Clock Delay (DCD):    1.705ns
    Source Clock Delay      (SCD):    2.044ns
    Clock Pessimism Removal (CPR):    0.000ns
  Clock Uncertainty:      0.130ns  ((TSJ^2 + DJ^2)^1/2) / 2 + PE
    Total System Jitter     (TSJ):    0.071ns
    Discrete Jitter          (DJ):    0.250ns
    Phase Error              (PE):    0.000ns
  Clock Net Delay (Source):      1.836ns (routing 0.569ns, distribution 1.267ns)
  Clock Net Delay (Destination): 1.537ns (routing 0.512ns, distribution 1.025ns)
  Timing Exception:       False Path

    Location             Delay type                Incr(ns)  Path(ns)    Netlist Resource(s)
  -------------------------------------------------------------------    -------------------
                         (clock clk_pl_0 rise edge)
                                                      0.000     0.000 r  
    PS8_X0Y0             PS8                          0.000     0.000 r  ps_i/zynq_ultra_ps_e_0/inst/PS8_i/PLCLK[0]
                         net (fo=1, routed)           0.180     0.180    ps_i/zynq_ultra_ps_e_0/inst/pl_clk_unbuffered[0]
    BUFG_PS_X0Y80                                                     r  ps_i/zynq_ultra_ps_e_0/inst/buffer_pl_clk_0.PL_CLK_0_BUFG/I
    BUFG_PS_X0Y80        BUFG_PS (Prop_BUFG_PS_I_O)
                                                      0.028     0.208 r  ps_i/zynq_ultra_ps_e_0/inst/buffer_pl_clk_0.PL_CLK_0_BUFG/O
    X1Y2 (CLOCK_ROOT)    net (fo=6797, routed)        1.836     2.044    ps_i/proc_sys_reset_0/U0/slowest_sync_clk
    SLICE_X64Y190        FDRE                                         r  ps_i/proc_sys_reset_0/U0/ACTIVE_LOW_BSR_OUT_DFF[0].FDRE_BSR_N/C
  -------------------------------------------------------------------    -------------------
    SLICE_X64Y190        FDRE (Prop_EFF_SLICEM_C_Q)
                                                      0.076     2.120 r  ps_i/proc_sys_reset_0/U0/ACTIVE_LOW_BSR_OUT_DFF[0].FDRE_BSR_N/Q
                         net (fo=254, routed)         1.583     3.703    ps_i/axi_interconnect_0/s00_couplers/auto_ds/inst/gen_downsizer.gen_simple_downsizer.axi_downsizer_inst/USE_WRITE.write_addr_inst/USE_B_CHANNEL.cmd_b_queue/inst/fifo_gen_inst/inst_fifo_gen/gconvfifo.rf/grf.rf/rstblk/ngwrdrst.grst.g7serrst.gnsckt_wrst.rst_wr_reg2_inst/src_arst
    SLICE_X53Y93         FDPE                                         f  ps_i/axi_interconnect_0/s00_couplers/auto_ds/inst/gen_downsizer.gen_simple_downsizer.axi_downsizer_inst/USE_WRITE.write_addr_inst/USE_B_CHANNEL.cmd_b_queue/inst/fifo_gen_inst/inst_fifo_gen/gconvfifo.rf/grf.rf/rstblk/ngwrdrst.grst.g7serrst.gnsckt_wrst.rst_wr_reg2_inst/arststages_ff_reg[0]/PRE  (IS_INVERTED)
  -------------------------------------------------------------------    -------------------

                         (clock clk_pl_0 rise edge)
                                                      0.000     0.000 r  
    PS8_X0Y0             PS8                          0.000     0.000 r  ps_i/zynq_ultra_ps_e_0/inst/PS8_i/PLCLK[0]
                         net (fo=1, routed)           0.143     0.143    ps_i/zynq_ultra_ps_e_0/inst/pl_clk_unbuffered[0]
    BUFG_PS_X0Y80                                                     r  ps_i/zynq_ultra_ps_e_0/inst/buffer_pl_clk_0.PL_CLK_0_BUFG/I
    BUFG_PS_X0Y80        BUFG_PS (Prop_BUFG_PS_I_O)
                                                      0.025     0.168 r  ps_i/zynq_ultra_ps_e_0/inst/buffer_pl_clk_0.PL_CLK_0_BUFG/O
    X1Y2 (CLOCK_ROOT)    net (fo=6797, routed)        1.537     1.705    ps_i/axi_interconnect_0/s00_couplers/auto_ds/inst/gen_downsizer.gen_simple_downsizer.axi_downsizer_inst/USE_WRITE.write_addr_inst/USE_B_CHANNEL.cmd_b_queue/inst/fifo_gen_inst/inst_fifo_gen/gconvfifo.rf/grf.rf/rstblk/ngwrdrst.grst.g7serrst.gnsckt_wrst.rst_wr_reg2_inst/dest_clk
    SLICE_X53Y93         FDPE                                         r  ps_i/axi_interconnect_0/s00_couplers/auto_ds/inst/gen_downsizer.gen_simple_downsizer.axi_downsizer_inst/USE_WRITE.write_addr_inst/USE_B_CHANNEL.cmd_b_queue/inst/fifo_gen_inst/inst_fifo_gen/gconvfifo.rf/grf.rf/rstblk/ngwrdrst.grst.g7serrst.gnsckt_wrst.rst_wr_reg2_inst/arststages_ff_reg[0]/C

Slack:                    inf
  Source:                 ps_i/proc_sys_reset_0/U0/ACTIVE_LOW_BSR_OUT_DFF[0].FDRE_BSR_N/C
                            (rising edge-triggered cell FDRE clocked by clk_pl_0  {rise@0.000ns fall@5.000ns period=10.000ns})
  Destination:            ps_i/axi_interconnect_0/s00_couplers/auto_ds/inst/gen_downsizer.gen_simple_downsizer.axi_downsizer_inst/USE_WRITE.write_addr_inst/USE_B_CHANNEL.cmd_b_queue/inst/fifo_gen_inst/inst_fifo_gen/gconvfifo.rf/grf.rf/rstblk/ngwrdrst.grst.g7serrst.gnsckt_wrst.rst_wr_reg2_inst/arststages_ff_reg[1]/PRE
                            (recovery check against rising-edge clock clk_pl_0  {rise@0.000ns fall@5.000ns period=10.000ns})
  Path Group:             (none)
  Path Type:              Recovery (Max at Slow Process Corner)
  Data Path Delay:        1.659ns  (logic 0.076ns (4.582%)  route 1.583ns (95.418%))
  Logic Levels:           0  
  Clock Path Skew:        -0.340ns (DCD - SCD + CPR)
    Destination Clock Delay (DCD):    1.705ns
    Source Clock Delay      (SCD):    2.044ns
    Clock Pessimism Removal (CPR):    0.000ns
  Clock Uncertainty:      0.130ns  ((TSJ^2 + DJ^2)^1/2) / 2 + PE
    Total System Jitter     (TSJ):    0.071ns
    Discrete Jitter          (DJ):    0.250ns
    Phase Error              (PE):    0.000ns
  Clock Net Delay (Source):      1.836ns (routing 0.569ns, distribution 1.267ns)
  Clock Net Delay (Destination): 1.537ns (routing 0.512ns, distribution 1.025ns)
  Timing Exception:       False Path

    Location             Delay type                Incr(ns)  Path(ns)    Netlist Resource(s)
  -------------------------------------------------------------------    -------------------
                         (clock clk_pl_0 rise edge)
                                                      0.000     0.000 r  
    PS8_X0Y0             PS8                          0.000     0.000 r  ps_i/zynq_ultra_ps_e_0/inst/PS8_i/PLCLK[0]
                         net (fo=1, routed)           0.180     0.180    ps_i/zynq_ultra_ps_e_0/inst/pl_clk_unbuffered[0]
    BUFG_PS_X0Y80                                                     r  ps_i/zynq_ultra_ps_e_0/inst/buffer_pl_clk_0.PL_CLK_0_BUFG/I
    BUFG_PS_X0Y80        BUFG_PS (Prop_BUFG_PS_I_O)
                                                      0.028     0.208 r  ps_i/zynq_ultra_ps_e_0/inst/buffer_pl_clk_0.PL_CLK_0_BUFG/O
    X1Y2 (CLOCK_ROOT)    net (fo=6797, routed)        1.836     2.044    ps_i/proc_sys_reset_0/U0/slowest_sync_clk
    SLICE_X64Y190        FDRE                                         r  ps_i/proc_sys_reset_0/U0/ACTIVE_LOW_BSR_OUT_DFF[0].FDRE_BSR_N/C
  -------------------------------------------------------------------    -------------------
    SLICE_X64Y190        FDRE (Prop_EFF_SLICEM_C_Q)
                                                      0.076     2.120 r  ps_i/proc_sys_reset_0/U0/ACTIVE_LOW_BSR_OUT_DFF[0].FDRE_BSR_N/Q
                         net (fo=254, routed)         1.583     3.703    ps_i/axi_interconnect_0/s00_couplers/auto_ds/inst/gen_downsizer.gen_simple_downsizer.axi_downsizer_inst/USE_WRITE.write_addr_inst/USE_B_CHANNEL.cmd_b_queue/inst/fifo_gen_inst/inst_fifo_gen/gconvfifo.rf/grf.rf/rstblk/ngwrdrst.grst.g7serrst.gnsckt_wrst.rst_wr_reg2_inst/src_arst
    SLICE_X53Y93         FDPE                                         f  ps_i/axi_interconnect_0/s00_couplers/auto_ds/inst/gen_downsizer.gen_simple_downsizer.axi_downsizer_inst/USE_WRITE.write_addr_inst/USE_B_CHANNEL.cmd_b_queue/inst/fifo_gen_inst/inst_fifo_gen/gconvfifo.rf/grf.rf/rstblk/ngwrdrst.grst.g7serrst.gnsckt_wrst.rst_wr_reg2_inst/arststages_ff_reg[1]/PRE  (IS_INVERTED)
  -------------------------------------------------------------------    -------------------

                         (clock clk_pl_0 rise edge)
                                                      0.000     0.000 r  
    PS8_X0Y0             PS8                          0.000     0.000 r  ps_i/zynq_ultra_ps_e_0/inst/PS8_i/PLCLK[0]
                         net (fo=1, routed)           0.143     0.143    ps_i/zynq_ultra_ps_e_0/inst/pl_clk_unbuffered[0]
    BUFG_PS_X0Y80                                                     r  ps_i/zynq_ultra_ps_e_0/inst/buffer_pl_clk_0.PL_CLK_0_BUFG/I
    BUFG_PS_X0Y80        BUFG_PS (Prop_BUFG_PS_I_O)
                                                      0.025     0.168 r  ps_i/zynq_ultra_ps_e_0/inst/buffer_pl_clk_0.PL_CLK_0_BUFG/O
    X1Y2 (CLOCK_ROOT)    net (fo=6797, routed)        1.537     1.705    ps_i/axi_interconnect_0/s00_couplers/auto_ds/inst/gen_downsizer.gen_simple_downsizer.axi_downsizer_inst/USE_WRITE.write_addr_inst/USE_B_CHANNEL.cmd_b_queue/inst/fifo_gen_inst/inst_fifo_gen/gconvfifo.rf/grf.rf/rstblk/ngwrdrst.grst.g7serrst.gnsckt_wrst.rst_wr_reg2_inst/dest_clk
    SLICE_X53Y93         FDPE                                         r  ps_i/axi_interconnect_0/s00_couplers/auto_ds/inst/gen_downsizer.gen_simple_downsizer.axi_downsizer_inst/USE_WRITE.write_addr_inst/USE_B_CHANNEL.cmd_b_queue/inst/fifo_gen_inst/inst_fifo_gen/gconvfifo.rf/grf.rf/rstblk/ngwrdrst.grst.g7serrst.gnsckt_wrst.rst_wr_reg2_inst/arststages_ff_reg[1]/C





Min Delay Paths
--------------------------------------------------------------------------------------
Slack:                    inf
  Source:                 ps_i/proc_sys_reset_0/U0/ACTIVE_LOW_BSR_OUT_DFF[0].FDRE_BSR_N/C
                            (rising edge-triggered cell FDRE clocked by clk_pl_0  {rise@0.000ns fall@5.000ns period=10.000ns})
  Destination:            ps_i/axi_interconnect_0/s00_couplers/auto_ds/inst/gen_downsizer.gen_simple_downsizer.axi_downsizer_inst/USE_WRITE.write_addr_inst/USE_B_CHANNEL.cmd_b_queue/inst/fifo_gen_inst/inst_fifo_gen/gconvfifo.rf/grf.rf/rstblk/ngwrdrst.grst.g7serrst.gnsckt_wrst.rst_wr_reg2_inst/arststages_ff_reg[0]/PRE
                            (removal check against rising-edge clock clk_pl_0  {rise@0.000ns fall@5.000ns period=10.000ns})
  Path Group:             (none)
  Path Type:              Removal (Min at Fast Process Corner)
  Data Path Delay:        0.875ns  (logic 0.038ns (4.344%)  route 0.837ns (95.656%))
  Logic Levels:           0  
  Clock Path Skew:        0.119ns (DCD - SCD - CPR)
    Destination Clock Delay (DCD):    1.264ns
    Source Clock Delay      (SCD):    1.146ns
    Clock Pessimism Removal (CPR):    -0.000ns
  Clock Uncertainty:      0.130ns  ((TSJ^2 + DJ^2)^1/2) / 2 + PE
    Total System Jitter     (TSJ):    0.071ns
    Discrete Jitter          (DJ):    0.250ns
    Phase Error              (PE):    0.000ns
  Clock Net Delay (Source):      1.007ns (routing 0.311ns, distribution 0.696ns)
  Clock Net Delay (Destination): 1.092ns (routing 0.352ns, distribution 0.740ns)
  Timing Exception:       False Path

    Location             Delay type                Incr(ns)  Path(ns)    Netlist Resource(s)
  -------------------------------------------------------------------    -------------------
                         (clock clk_pl_0 rise edge)
                                                      0.000     0.000 r  
    PS8_X0Y0             PS8                          0.000     0.000 r  ps_i/zynq_ultra_ps_e_0/inst/PS8_i/PLCLK[0]
                         net (fo=1, routed)           0.122     0.122    ps_i/zynq_ultra_ps_e_0/inst/pl_clk_unbuffered[0]
    BUFG_PS_X0Y80                                                     r  ps_i/zynq_ultra_ps_e_0/inst/buffer_pl_clk_0.PL_CLK_0_BUFG/I
    BUFG_PS_X0Y80        BUFG_PS (Prop_BUFG_PS_I_O)
                                                      0.017     0.139 r  ps_i/zynq_ultra_ps_e_0/inst/buffer_pl_clk_0.PL_CLK_0_BUFG/O
    X1Y2 (CLOCK_ROOT)    net (fo=6797, routed)        1.007     1.146    ps_i/proc_sys_reset_0/U0/slowest_sync_clk
    SLICE_X64Y190        FDRE                                         r  ps_i/proc_sys_reset_0/U0/ACTIVE_LOW_BSR_OUT_DFF[0].FDRE_BSR_N/C
  -------------------------------------------------------------------    -------------------
    SLICE_X64Y190        FDRE (Prop_EFF_SLICEM_C_Q)
                                                      0.038     1.184 r  ps_i/proc_sys_reset_0/U0/ACTIVE_LOW_BSR_OUT_DFF[0].FDRE_BSR_N/Q
                         net (fo=254, routed)         0.837     2.020    ps_i/axi_interconnect_0/s00_couplers/auto_ds/inst/gen_downsizer.gen_simple_downsizer.axi_downsizer_inst/USE_WRITE.write_addr_inst/USE_B_CHANNEL.cmd_b_queue/inst/fifo_gen_inst/inst_fifo_gen/gconvfifo.rf/grf.rf/rstblk/ngwrdrst.grst.g7serrst.gnsckt_wrst.rst_wr_reg2_inst/src_arst
    SLICE_X53Y93         FDPE                                         f  ps_i/axi_interconnect_0/s00_couplers/auto_ds/inst/gen_downsizer.gen_simple_downsizer.axi_downsizer_inst/USE_WRITE.write_addr_inst/USE_B_CHANNEL.cmd_b_queue/inst/fifo_gen_inst/inst_fifo_gen/gconvfifo.rf/grf.rf/rstblk/ngwrdrst.grst.g7serrst.gnsckt_wrst.rst_wr_reg2_inst/arststages_ff_reg[0]/PRE  (IS_INVERTED)
  -------------------------------------------------------------------    -------------------

                         (clock clk_pl_0 rise edge)
                                                      0.000     0.000 r  
    PS8_X0Y0             PS8                          0.000     0.000 r  ps_i/zynq_ultra_ps_e_0/inst/PS8_i/PLCLK[0]
                         net (fo=1, routed)           0.154     0.154    ps_i/zynq_ultra_ps_e_0/inst/pl_clk_unbuffered[0]
    BUFG_PS_X0Y80                                                     r  ps_i/zynq_ultra_ps_e_0/inst/buffer_pl_clk_0.PL_CLK_0_BUFG/I
    BUFG_PS_X0Y80        BUFG_PS (Prop_BUFG_PS_I_O)
                                                      0.018     0.172 r  ps_i/zynq_ultra_ps_e_0/inst/buffer_pl_clk_0.PL_CLK_0_BUFG/O
    X1Y2 (CLOCK_ROOT)    net (fo=6797, routed)        1.092     1.264    ps_i/axi_interconnect_0/s00_couplers/auto_ds/inst/gen_downsizer.gen_simple_downsizer.axi_downsizer_inst/USE_WRITE.write_addr_inst/USE_B_CHANNEL.cmd_b_queue/inst/fifo_gen_inst/inst_fifo_gen/gconvfifo.rf/grf.rf/rstblk/ngwrdrst.grst.g7serrst.gnsckt_wrst.rst_wr_reg2_inst/dest_clk
    SLICE_X53Y93         FDPE                                         r  ps_i/axi_interconnect_0/s00_couplers/auto_ds/inst/gen_downsizer.gen_simple_downsizer.axi_downsizer_inst/USE_WRITE.write_addr_inst/USE_B_CHANNEL.cmd_b_queue/inst/fifo_gen_inst/inst_fifo_gen/gconvfifo.rf/grf.rf/rstblk/ngwrdrst.grst.g7serrst.gnsckt_wrst.rst_wr_reg2_inst/arststages_ff_reg[0]/C

Slack:                    inf
  Source:                 ps_i/proc_sys_reset_0/U0/ACTIVE_LOW_BSR_OUT_DFF[0].FDRE_BSR_N/C
                            (rising edge-triggered cell FDRE clocked by clk_pl_0  {rise@0.000ns fall@5.000ns period=10.000ns})
  Destination:            ps_i/axi_interconnect_0/s00_couplers/auto_ds/inst/gen_downsizer.gen_simple_downsizer.axi_downsizer_inst/USE_WRITE.write_addr_inst/USE_B_CHANNEL.cmd_b_queue/inst/fifo_gen_inst/inst_fifo_gen/gconvfifo.rf/grf.rf/rstblk/ngwrdrst.grst.g7serrst.gnsckt_wrst.rst_wr_reg2_inst/arststages_ff_reg[1]/PRE
                            (removal check against rising-edge clock clk_pl_0  {rise@0.000ns fall@5.000ns period=10.000ns})
  Path Group:             (none)
  Path Type:              Removal (Min at Fast Process Corner)
  Data Path Delay:        0.875ns  (logic 0.038ns (4.344%)  route 0.837ns (95.656%))
  Logic Levels:           0  
  Clock Path Skew:        0.119ns (DCD - SCD - CPR)
    Destination Clock Delay (DCD):    1.264ns
    Source Clock Delay      (SCD):    1.146ns
    Clock Pessimism Removal (CPR):    -0.000ns
  Clock Uncertainty:      0.130ns  ((TSJ^2 + DJ^2)^1/2) / 2 + PE
    Total System Jitter     (TSJ):    0.071ns
    Discrete Jitter          (DJ):    0.250ns
    Phase Error              (PE):    0.000ns
  Clock Net Delay (Source):      1.007ns (routing 0.311ns, distribution 0.696ns)
  Clock Net Delay (Destination): 1.092ns (routing 0.352ns, distribution 0.740ns)
  Timing Exception:       False Path

    Location             Delay type                Incr(ns)  Path(ns)    Netlist Resource(s)
  -------------------------------------------------------------------    -------------------
                         (clock clk_pl_0 rise edge)
                                                      0.000     0.000 r  
    PS8_X0Y0             PS8                          0.000     0.000 r  ps_i/zynq_ultra_ps_e_0/inst/PS8_i/PLCLK[0]
                         net (fo=1, routed)           0.122     0.122    ps_i/zynq_ultra_ps_e_0/inst/pl_clk_unbuffered[0]
    BUFG_PS_X0Y80                                                     r  ps_i/zynq_ultra_ps_e_0/inst/buffer_pl_clk_0.PL_CLK_0_BUFG/I
    BUFG_PS_X0Y80        BUFG_PS (Prop_BUFG_PS_I_O)
                                                      0.017     0.139 r  ps_i/zynq_ultra_ps_e_0/inst/buffer_pl_clk_0.PL_CLK_0_BUFG/O
    X1Y2 (CLOCK_ROOT)    net (fo=6797, routed)        1.007     1.146    ps_i/proc_sys_reset_0/U0/slowest_sync_clk
    SLICE_X64Y190        FDRE                                         r  ps_i/proc_sys_reset_0/U0/ACTIVE_LOW_BSR_OUT_DFF[0].FDRE_BSR_N/C
  -------------------------------------------------------------------    -------------------
    SLICE_X64Y190        FDRE (Prop_EFF_SLICEM_C_Q)
                                                      0.038     1.184 r  ps_i/proc_sys_reset_0/U0/ACTIVE_LOW_BSR_OUT_DFF[0].FDRE_BSR_N/Q
                         net (fo=254, routed)         0.837     2.020    ps_i/axi_interconnect_0/s00_couplers/auto_ds/inst/gen_downsizer.gen_simple_downsizer.axi_downsizer_inst/USE_WRITE.write_addr_inst/USE_B_CHANNEL.cmd_b_queue/inst/fifo_gen_inst/inst_fifo_gen/gconvfifo.rf/grf.rf/rstblk/ngwrdrst.grst.g7serrst.gnsckt_wrst.rst_wr_reg2_inst/src_arst
    SLICE_X53Y93         FDPE                                         f  ps_i/axi_interconnect_0/s00_couplers/auto_ds/inst/gen_downsizer.gen_simple_downsizer.axi_downsizer_inst/USE_WRITE.write_addr_inst/USE_B_CHANNEL.cmd_b_queue/inst/fifo_gen_inst/inst_fifo_gen/gconvfifo.rf/grf.rf/rstblk/ngwrdrst.grst.g7serrst.gnsckt_wrst.rst_wr_reg2_inst/arststages_ff_reg[1]/PRE  (IS_INVERTED)
  -------------------------------------------------------------------    -------------------

                         (clock clk_pl_0 rise edge)
                                                      0.000     0.000 r  
    PS8_X0Y0             PS8                          0.000     0.000 r  ps_i/zynq_ultra_ps_e_0/inst/PS8_i/PLCLK[0]
                         net (fo=1, routed)           0.154     0.154    ps_i/zynq_ultra_ps_e_0/inst/pl_clk_unbuffered[0]
    BUFG_PS_X0Y80                                                     r  ps_i/zynq_ultra_ps_e_0/inst/buffer_pl_clk_0.PL_CLK_0_BUFG/I
    BUFG_PS_X0Y80        BUFG_PS (Prop_BUFG_PS_I_O)
                                                      0.018     0.172 r  ps_i/zynq_ultra_ps_e_0/inst/buffer_pl_clk_0.PL_CLK_0_BUFG/O
    X1Y2 (CLOCK_ROOT)    net (fo=6797, routed)        1.092     1.264    ps_i/axi_interconnect_0/s00_couplers/auto_ds/inst/gen_downsizer.gen_simple_downsizer.axi_downsizer_inst/USE_WRITE.write_addr_inst/USE_B_CHANNEL.cmd_b_queue/inst/fifo_gen_inst/inst_fifo_gen/gconvfifo.rf/grf.rf/rstblk/ngwrdrst.grst.g7serrst.gnsckt_wrst.rst_wr_reg2_inst/dest_clk
    SLICE_X53Y93         FDPE                                         r  ps_i/axi_interconnect_0/s00_couplers/auto_ds/inst/gen_downsizer.gen_simple_downsizer.axi_downsizer_inst/USE_WRITE.write_addr_inst/USE_B_CHANNEL.cmd_b_queue/inst/fifo_gen_inst/inst_fifo_gen/gconvfifo.rf/grf.rf/rstblk/ngwrdrst.grst.g7serrst.gnsckt_wrst.rst_wr_reg2_inst/arststages_ff_reg[1]/C

Slack:                    inf
  Source:                 ps_i/proc_sys_reset_0/U0/ACTIVE_LOW_BSR_OUT_DFF[0].FDRE_BSR_N/C
                            (rising edge-triggered cell FDRE clocked by clk_pl_0  {rise@0.000ns fall@5.000ns period=10.000ns})
  Destination:            ps_i/axi_interconnect_0/s00_couplers/auto_ds/inst/gen_downsizer.gen_simple_downsizer.axi_downsizer_inst/USE_WRITE.write_addr_inst/cmd_queue/inst/fifo_gen_inst/inst_fifo_gen/gconvfifo.rf/grf.rf/rstblk/ngwrdrst.grst.g7serrst.gnsckt_wrst.rst_wr_reg2_inst/arststages_ff_reg[0]/PRE
                            (removal check against rising-edge clock clk_pl_0  {rise@0.000ns fall@5.000ns period=10.000ns})
  Path Group:             (none)
  Path Type:              Removal (Min at Fast Process Corner)
  Data Path Delay:        1.058ns  (logic 0.038ns (3.591%)  route 1.020ns (96.409%))
  Logic Levels:           0  
  Clock Path Skew:        0.126ns (DCD - SCD - CPR)
    Destination Clock Delay (DCD):    1.272ns
    Source Clock Delay      (SCD):    1.146ns
    Clock Pessimism Removal (CPR):    -0.000ns
  Clock Uncertainty:      0.130ns  ((TSJ^2 + DJ^2)^1/2) / 2 + PE
    Total System Jitter     (TSJ):    0.071ns
    Discrete Jitter          (DJ):    0.250ns
    Phase Error              (PE):    0.000ns
  Clock Net Delay (Source):      1.007ns (routing 0.311ns, distribution 0.696ns)
  Clock Net Delay (Destination): 1.100ns (routing 0.352ns, distribution 0.748ns)
  Timing Exception:       False Path

    Location             Delay type                Incr(ns)  Path(ns)    Netlist Resource(s)
  -------------------------------------------------------------------    -------------------
                         (clock clk_pl_0 rise edge)
                                                      0.000     0.000 r  
    PS8_X0Y0             PS8                          0.000     0.000 r  ps_i/zynq_ultra_ps_e_0/inst/PS8_i/PLCLK[0]
                         net (fo=1, routed)           0.122     0.122    ps_i/zynq_ultra_ps_e_0/inst/pl_clk_unbuffered[0]
    BUFG_PS_X0Y80                                                     r  ps_i/zynq_ultra_ps_e_0/inst/buffer_pl_clk_0.PL_CLK_0_BUFG/I
    BUFG_PS_X0Y80        BUFG_PS (Prop_BUFG_PS_I_O)
                                                      0.017     0.139 r  ps_i/zynq_ultra_ps_e_0/inst/buffer_pl_clk_0.PL_CLK_0_BUFG/O
    X1Y2 (CLOCK_ROOT)    net (fo=6797, routed)        1.007     1.146    ps_i/proc_sys_reset_0/U0/slowest_sync_clk
    SLICE_X64Y190        FDRE                                         r  ps_i/proc_sys_reset_0/U0/ACTIVE_LOW_BSR_OUT_DFF[0].FDRE_BSR_N/C
  -------------------------------------------------------------------    -------------------
    SLICE_X64Y190        FDRE (Prop_EFF_SLICEM_C_Q)
                                                      0.038     1.184 r  ps_i/proc_sys_reset_0/U0/ACTIVE_LOW_BSR_OUT_DFF[0].FDRE_BSR_N/Q
                         net (fo=254, routed)         1.020     2.204    ps_i/axi_interconnect_0/s00_couplers/auto_ds/inst/gen_downsizer.gen_simple_downsizer.axi_downsizer_inst/USE_WRITE.write_addr_inst/cmd_queue/inst/fifo_gen_inst/inst_fifo_gen/gconvfifo.rf/grf.rf/rstblk/ngwrdrst.grst.g7serrst.gnsckt_wrst.rst_wr_reg2_inst/src_arst
    SLICE_X56Y86         FDPE                                         f  ps_i/axi_interconnect_0/s00_couplers/auto_ds/inst/gen_downsizer.gen_simple_downsizer.axi_downsizer_inst/USE_WRITE.write_addr_inst/cmd_queue/inst/fifo_gen_inst/inst_fifo_gen/gconvfifo.rf/grf.rf/rstblk/ngwrdrst.grst.g7serrst.gnsckt_wrst.rst_wr_reg2_inst/arststages_ff_reg[0]/PRE  (IS_INVERTED)
  -------------------------------------------------------------------    -------------------

                         (clock clk_pl_0 rise edge)
                                                      0.000     0.000 r  
    PS8_X0Y0             PS8                          0.000     0.000 r  ps_i/zynq_ultra_ps_e_0/inst/PS8_i/PLCLK[0]
                         net (fo=1, routed)           0.154     0.154    ps_i/zynq_ultra_ps_e_0/inst/pl_clk_unbuffered[0]
    BUFG_PS_X0Y80                                                     r  ps_i/zynq_ultra_ps_e_0/inst/buffer_pl_clk_0.PL_CLK_0_BUFG/I
    BUFG_PS_X0Y80        BUFG_PS (Prop_BUFG_PS_I_O)
                                                      0.018     0.172 r  ps_i/zynq_ultra_ps_e_0/inst/buffer_pl_clk_0.PL_CLK_0_BUFG/O
    X1Y2 (CLOCK_ROOT)    net (fo=6797, routed)        1.100     1.272    ps_i/axi_interconnect_0/s00_couplers/auto_ds/inst/gen_downsizer.gen_simple_downsizer.axi_downsizer_inst/USE_WRITE.write_addr_inst/cmd_queue/inst/fifo_gen_inst/inst_fifo_gen/gconvfifo.rf/grf.rf/rstblk/ngwrdrst.grst.g7serrst.gnsckt_wrst.rst_wr_reg2_inst/dest_clk
    SLICE_X56Y86         FDPE                                         r  ps_i/axi_interconnect_0/s00_couplers/auto_ds/inst/gen_downsizer.gen_simple_downsizer.axi_downsizer_inst/USE_WRITE.write_addr_inst/cmd_queue/inst/fifo_gen_inst/inst_fifo_gen/gconvfifo.rf/grf.rf/rstblk/ngwrdrst.grst.g7serrst.gnsckt_wrst.rst_wr_reg2_inst/arststages_ff_reg[0]/C

Slack:                    inf
  Source:                 ps_i/proc_sys_reset_0/U0/ACTIVE_LOW_BSR_OUT_DFF[0].FDRE_BSR_N/C
                            (rising edge-triggered cell FDRE clocked by clk_pl_0  {rise@0.000ns fall@5.000ns period=10.000ns})
  Destination:            ps_i/axi_interconnect_0/s00_couplers/auto_ds/inst/gen_downsizer.gen_simple_downsizer.axi_downsizer_inst/USE_WRITE.write_addr_inst/cmd_queue/inst/fifo_gen_inst/inst_fifo_gen/gconvfifo.rf/grf.rf/rstblk/ngwrdrst.grst.g7serrst.gnsckt_wrst.rst_wr_reg2_inst/arststages_ff_reg[1]/PRE
                            (removal check against rising-edge clock clk_pl_0  {rise@0.000ns fall@5.000ns period=10.000ns})
  Path Group:             (none)
  Path Type:              Removal (Min at Fast Process Corner)
  Data Path Delay:        1.058ns  (logic 0.038ns (3.591%)  route 1.020ns (96.409%))
  Logic Levels:           0  
  Clock Path Skew:        0.126ns (DCD - SCD - CPR)
    Destination Clock Delay (DCD):    1.272ns
    Source Clock Delay      (SCD):    1.146ns
    Clock Pessimism Removal (CPR):    -0.000ns
  Clock Uncertainty:      0.130ns  ((TSJ^2 + DJ^2)^1/2) / 2 + PE
    Total System Jitter     (TSJ):    0.071ns
    Discrete Jitter          (DJ):    0.250ns
    Phase Error              (PE):    0.000ns
  Clock Net Delay (Source):      1.007ns (routing 0.311ns, distribution 0.696ns)
  Clock Net Delay (Destination): 1.100ns (routing 0.352ns, distribution 0.748ns)
  Timing Exception:       False Path

    Location             Delay type                Incr(ns)  Path(ns)    Netlist Resource(s)
  -------------------------------------------------------------------    -------------------
                         (clock clk_pl_0 rise edge)
                                                      0.000     0.000 r  
    PS8_X0Y0             PS8                          0.000     0.000 r  ps_i/zynq_ultra_ps_e_0/inst/PS8_i/PLCLK[0]
                         net (fo=1, routed)           0.122     0.122    ps_i/zynq_ultra_ps_e_0/inst/pl_clk_unbuffered[0]
    BUFG_PS_X0Y80                                                     r  ps_i/zynq_ultra_ps_e_0/inst/buffer_pl_clk_0.PL_CLK_0_BUFG/I
    BUFG_PS_X0Y80        BUFG_PS (Prop_BUFG_PS_I_O)
                                                      0.017     0.139 r  ps_i/zynq_ultra_ps_e_0/inst/buffer_pl_clk_0.PL_CLK_0_BUFG/O
    X1Y2 (CLOCK_ROOT)    net (fo=6797, routed)        1.007     1.146    ps_i/proc_sys_reset_0/U0/slowest_sync_clk
    SLICE_X64Y190        FDRE                                         r  ps_i/proc_sys_reset_0/U0/ACTIVE_LOW_BSR_OUT_DFF[0].FDRE_BSR_N/C
  -------------------------------------------------------------------    -------------------
    SLICE_X64Y190        FDRE (Prop_EFF_SLICEM_C_Q)
                                                      0.038     1.184 r  ps_i/proc_sys_reset_0/U0/ACTIVE_LOW_BSR_OUT_DFF[0].FDRE_BSR_N/Q
                         net (fo=254, routed)         1.020     2.204    ps_i/axi_interconnect_0/s00_couplers/auto_ds/inst/gen_downsizer.gen_simple_downsizer.axi_downsizer_inst/USE_WRITE.write_addr_inst/cmd_queue/inst/fifo_gen_inst/inst_fifo_gen/gconvfifo.rf/grf.rf/rstblk/ngwrdrst.grst.g7serrst.gnsckt_wrst.rst_wr_reg2_inst/src_arst
    SLICE_X56Y86         FDPE                                         f  ps_i/axi_interconnect_0/s00_couplers/auto_ds/inst/gen_downsizer.gen_simple_downsizer.axi_downsizer_inst/USE_WRITE.write_addr_inst/cmd_queue/inst/fifo_gen_inst/inst_fifo_gen/gconvfifo.rf/grf.rf/rstblk/ngwrdrst.grst.g7serrst.gnsckt_wrst.rst_wr_reg2_inst/arststages_ff_reg[1]/PRE  (IS_INVERTED)
  -------------------------------------------------------------------    -------------------

                         (clock clk_pl_0 rise edge)
                                                      0.000     0.000 r  
    PS8_X0Y0             PS8                          0.000     0.000 r  ps_i/zynq_ultra_ps_e_0/inst/PS8_i/PLCLK[0]
                         net (fo=1, routed)           0.154     0.154    ps_i/zynq_ultra_ps_e_0/inst/pl_clk_unbuffered[0]
    BUFG_PS_X0Y80                                                     r  ps_i/zynq_ultra_ps_e_0/inst/buffer_pl_clk_0.PL_CLK_0_BUFG/I
    BUFG_PS_X0Y80        BUFG_PS (Prop_BUFG_PS_I_O)
                                                      0.018     0.172 r  ps_i/zynq_ultra_ps_e_0/inst/buffer_pl_clk_0.PL_CLK_0_BUFG/O
    X1Y2 (CLOCK_ROOT)    net (fo=6797, routed)        1.100     1.272    ps_i/axi_interconnect_0/s00_couplers/auto_ds/inst/gen_downsizer.gen_simple_downsizer.axi_downsizer_inst/USE_WRITE.write_addr_inst/cmd_queue/inst/fifo_gen_inst/inst_fifo_gen/gconvfifo.rf/grf.rf/rstblk/ngwrdrst.grst.g7serrst.gnsckt_wrst.rst_wr_reg2_inst/dest_clk
    SLICE_X56Y86         FDPE                                         r  ps_i/axi_interconnect_0/s00_couplers/auto_ds/inst/gen_downsizer.gen_simple_downsizer.axi_downsizer_inst/USE_WRITE.write_addr_inst/cmd_queue/inst/fifo_gen_inst/inst_fifo_gen/gconvfifo.rf/grf.rf/rstblk/ngwrdrst.grst.g7serrst.gnsckt_wrst.rst_wr_reg2_inst/arststages_ff_reg[1]/C

Slack:                    inf
  Source:                 ps_i/proc_sys_reset_0/U0/ACTIVE_LOW_BSR_OUT_DFF[0].FDRE_BSR_N/C
                            (rising edge-triggered cell FDRE clocked by clk_pl_0  {rise@0.000ns fall@5.000ns period=10.000ns})
  Destination:            ps_i/axi_interconnect_0/s00_couplers/auto_ds/inst/gen_downsizer.gen_simple_downsizer.axi_downsizer_inst/USE_READ.read_addr_inst/cmd_queue/inst/fifo_gen_inst/inst_fifo_gen/gconvfifo.rf/grf.rf/rstblk/ngwrdrst.grst.g7serrst.gnsckt_wrst.rst_wr_reg2_inst/arststages_ff_reg[0]/PRE
                            (removal check against rising-edge clock clk_pl_0  {rise@0.000ns fall@5.000ns period=10.000ns})
  Path Group:             (none)
  Path Type:              Removal (Min at Fast Process Corner)
  Data Path Delay:        1.105ns  (logic 0.038ns (3.437%)  route 1.067ns (96.563%))
  Logic Levels:           0  
  Clock Path Skew:        0.131ns (DCD - SCD - CPR)
    Destination Clock Delay (DCD):    1.277ns
    Source Clock Delay      (SCD):    1.146ns
    Clock Pessimism Removal (CPR):    -0.000ns
  Clock Uncertainty:      0.130ns  ((TSJ^2 + DJ^2)^1/2) / 2 + PE
    Total System Jitter     (TSJ):    0.071ns
    Discrete Jitter          (DJ):    0.250ns
    Phase Error              (PE):    0.000ns
  Clock Net Delay (Source):      1.007ns (routing 0.311ns, distribution 0.696ns)
  Clock Net Delay (Destination): 1.105ns (routing 0.352ns, distribution 0.753ns)
  Timing Exception:       False Path

    Location             Delay type                Incr(ns)  Path(ns)    Netlist Resource(s)
  -------------------------------------------------------------------    -------------------
                         (clock clk_pl_0 rise edge)
                                                      0.000     0.000 r  
    PS8_X0Y0             PS8                          0.000     0.000 r  ps_i/zynq_ultra_ps_e_0/inst/PS8_i/PLCLK[0]
                         net (fo=1, routed)           0.122     0.122    ps_i/zynq_ultra_ps_e_0/inst/pl_clk_unbuffered[0]
    BUFG_PS_X0Y80                                                     r  ps_i/zynq_ultra_ps_e_0/inst/buffer_pl_clk_0.PL_CLK_0_BUFG/I
    BUFG_PS_X0Y80        BUFG_PS (Prop_BUFG_PS_I_O)
                                                      0.017     0.139 r  ps_i/zynq_ultra_ps_e_0/inst/buffer_pl_clk_0.PL_CLK_0_BUFG/O
    X1Y2 (CLOCK_ROOT)    net (fo=6797, routed)        1.007     1.146    ps_i/proc_sys_reset_0/U0/slowest_sync_clk
    SLICE_X64Y190        FDRE                                         r  ps_i/proc_sys_reset_0/U0/ACTIVE_LOW_BSR_OUT_DFF[0].FDRE_BSR_N/C
  -------------------------------------------------------------------    -------------------
    SLICE_X64Y190        FDRE (Prop_EFF_SLICEM_C_Q)
                                                      0.038     1.184 r  ps_i/proc_sys_reset_0/U0/ACTIVE_LOW_BSR_OUT_DFF[0].FDRE_BSR_N/Q
                         net (fo=254, routed)         1.067     2.251    ps_i/axi_interconnect_0/s00_couplers/auto_ds/inst/gen_downsizer.gen_simple_downsizer.axi_downsizer_inst/USE_READ.read_addr_inst/cmd_queue/inst/fifo_gen_inst/inst_fifo_gen/gconvfifo.rf/grf.rf/rstblk/ngwrdrst.grst.g7serrst.gnsckt_wrst.rst_wr_reg2_inst/src_arst
    SLICE_X52Y108        FDPE                                         f  ps_i/axi_interconnect_0/s00_couplers/auto_ds/inst/gen_downsizer.gen_simple_downsizer.axi_downsizer_inst/USE_READ.read_addr_inst/cmd_queue/inst/fifo_gen_inst/inst_fifo_gen/gconvfifo.rf/grf.rf/rstblk/ngwrdrst.grst.g7serrst.gnsckt_wrst.rst_wr_reg2_inst/arststages_ff_reg[0]/PRE  (IS_INVERTED)
  -------------------------------------------------------------------    -------------------

                         (clock clk_pl_0 rise edge)
                                                      0.000     0.000 r  
    PS8_X0Y0             PS8                          0.000     0.000 r  ps_i/zynq_ultra_ps_e_0/inst/PS8_i/PLCLK[0]
                         net (fo=1, routed)           0.154     0.154    ps_i/zynq_ultra_ps_e_0/inst/pl_clk_unbuffered[0]
    BUFG_PS_X0Y80                                                     r  ps_i/zynq_ultra_ps_e_0/inst/buffer_pl_clk_0.PL_CLK_0_BUFG/I
    BUFG_PS_X0Y80        BUFG_PS (Prop_BUFG_PS_I_O)
                                                      0.018     0.172 r  ps_i/zynq_ultra_ps_e_0/inst/buffer_pl_clk_0.PL_CLK_0_BUFG/O
    X1Y2 (CLOCK_ROOT)    net (fo=6797, routed)        1.105     1.277    ps_i/axi_interconnect_0/s00_couplers/auto_ds/inst/gen_downsizer.gen_simple_downsizer.axi_downsizer_inst/USE_READ.read_addr_inst/cmd_queue/inst/fifo_gen_inst/inst_fifo_gen/gconvfifo.rf/grf.rf/rstblk/ngwrdrst.grst.g7serrst.gnsckt_wrst.rst_wr_reg2_inst/dest_clk
    SLICE_X52Y108        FDPE                                         r  ps_i/axi_interconnect_0/s00_couplers/auto_ds/inst/gen_downsizer.gen_simple_downsizer.axi_downsizer_inst/USE_READ.read_addr_inst/cmd_queue/inst/fifo_gen_inst/inst_fifo_gen/gconvfifo.rf/grf.rf/rstblk/ngwrdrst.grst.g7serrst.gnsckt_wrst.rst_wr_reg2_inst/arststages_ff_reg[0]/C

Slack:                    inf
  Source:                 ps_i/proc_sys_reset_0/U0/ACTIVE_LOW_BSR_OUT_DFF[0].FDRE_BSR_N/C
                            (rising edge-triggered cell FDRE clocked by clk_pl_0  {rise@0.000ns fall@5.000ns period=10.000ns})
  Destination:            ps_i/axi_interconnect_0/s00_couplers/auto_ds/inst/gen_downsizer.gen_simple_downsizer.axi_downsizer_inst/USE_READ.read_addr_inst/cmd_queue/inst/fifo_gen_inst/inst_fifo_gen/gconvfifo.rf/grf.rf/rstblk/ngwrdrst.grst.g7serrst.gnsckt_wrst.rst_wr_reg2_inst/arststages_ff_reg[1]/PRE
                            (removal check against rising-edge clock clk_pl_0  {rise@0.000ns fall@5.000ns period=10.000ns})
  Path Group:             (none)
  Path Type:              Removal (Min at Fast Process Corner)
  Data Path Delay:        1.105ns  (logic 0.038ns (3.437%)  route 1.067ns (96.563%))
  Logic Levels:           0  
  Clock Path Skew:        0.131ns (DCD - SCD - CPR)
    Destination Clock Delay (DCD):    1.277ns
    Source Clock Delay      (SCD):    1.146ns
    Clock Pessimism Removal (CPR):    -0.000ns
  Clock Uncertainty:      0.130ns  ((TSJ^2 + DJ^2)^1/2) / 2 + PE
    Total System Jitter     (TSJ):    0.071ns
    Discrete Jitter          (DJ):    0.250ns
    Phase Error              (PE):    0.000ns
  Clock Net Delay (Source):      1.007ns (routing 0.311ns, distribution 0.696ns)
  Clock Net Delay (Destination): 1.105ns (routing 0.352ns, distribution 0.753ns)
  Timing Exception:       False Path

    Location             Delay type                Incr(ns)  Path(ns)    Netlist Resource(s)
  -------------------------------------------------------------------    -------------------
                         (clock clk_pl_0 rise edge)
                                                      0.000     0.000 r  
    PS8_X0Y0             PS8                          0.000     0.000 r  ps_i/zynq_ultra_ps_e_0/inst/PS8_i/PLCLK[0]
                         net (fo=1, routed)           0.122     0.122    ps_i/zynq_ultra_ps_e_0/inst/pl_clk_unbuffered[0]
    BUFG_PS_X0Y80                                                     r  ps_i/zynq_ultra_ps_e_0/inst/buffer_pl_clk_0.PL_CLK_0_BUFG/I
    BUFG_PS_X0Y80        BUFG_PS (Prop_BUFG_PS_I_O)
                                                      0.017     0.139 r  ps_i/zynq_ultra_ps_e_0/inst/buffer_pl_clk_0.PL_CLK_0_BUFG/O
    X1Y2 (CLOCK_ROOT)    net (fo=6797, routed)        1.007     1.146    ps_i/proc_sys_reset_0/U0/slowest_sync_clk
    SLICE_X64Y190        FDRE                                         r  ps_i/proc_sys_reset_0/U0/ACTIVE_LOW_BSR_OUT_DFF[0].FDRE_BSR_N/C
  -------------------------------------------------------------------    -------------------
    SLICE_X64Y190        FDRE (Prop_EFF_SLICEM_C_Q)
                                                      0.038     1.184 r  ps_i/proc_sys_reset_0/U0/ACTIVE_LOW_BSR_OUT_DFF[0].FDRE_BSR_N/Q
                         net (fo=254, routed)         1.067     2.251    ps_i/axi_interconnect_0/s00_couplers/auto_ds/inst/gen_downsizer.gen_simple_downsizer.axi_downsizer_inst/USE_READ.read_addr_inst/cmd_queue/inst/fifo_gen_inst/inst_fifo_gen/gconvfifo.rf/grf.rf/rstblk/ngwrdrst.grst.g7serrst.gnsckt_wrst.rst_wr_reg2_inst/src_arst
    SLICE_X52Y108        FDPE                                         f  ps_i/axi_interconnect_0/s00_couplers/auto_ds/inst/gen_downsizer.gen_simple_downsizer.axi_downsizer_inst/USE_READ.read_addr_inst/cmd_queue/inst/fifo_gen_inst/inst_fifo_gen/gconvfifo.rf/grf.rf/rstblk/ngwrdrst.grst.g7serrst.gnsckt_wrst.rst_wr_reg2_inst/arststages_ff_reg[1]/PRE  (IS_INVERTED)
  -------------------------------------------------------------------    -------------------

                         (clock clk_pl_0 rise edge)
                                                      0.000     0.000 r  
    PS8_X0Y0             PS8                          0.000     0.000 r  ps_i/zynq_ultra_ps_e_0/inst/PS8_i/PLCLK[0]
                         net (fo=1, routed)           0.154     0.154    ps_i/zynq_ultra_ps_e_0/inst/pl_clk_unbuffered[0]
    BUFG_PS_X0Y80                                                     r  ps_i/zynq_ultra_ps_e_0/inst/buffer_pl_clk_0.PL_CLK_0_BUFG/I
    BUFG_PS_X0Y80        BUFG_PS (Prop_BUFG_PS_I_O)
                                                      0.018     0.172 r  ps_i/zynq_ultra_ps_e_0/inst/buffer_pl_clk_0.PL_CLK_0_BUFG/O
    X1Y2 (CLOCK_ROOT)    net (fo=6797, routed)        1.105     1.277    ps_i/axi_interconnect_0/s00_couplers/auto_ds/inst/gen_downsizer.gen_simple_downsizer.axi_downsizer_inst/USE_READ.read_addr_inst/cmd_queue/inst/fifo_gen_inst/inst_fifo_gen/gconvfifo.rf/grf.rf/rstblk/ngwrdrst.grst.g7serrst.gnsckt_wrst.rst_wr_reg2_inst/dest_clk
    SLICE_X52Y108        FDPE                                         r  ps_i/axi_interconnect_0/s00_couplers/auto_ds/inst/gen_downsizer.gen_simple_downsizer.axi_downsizer_inst/USE_READ.read_addr_inst/cmd_queue/inst/fifo_gen_inst/inst_fifo_gen/gconvfifo.rf/grf.rf/rstblk/ngwrdrst.grst.g7serrst.gnsckt_wrst.rst_wr_reg2_inst/arststages_ff_reg[1]/C





